model,gene_symbol,severity_beta,severity_se_hc3,severity_ci_low_t,severity_ci_high_t,severity_t,severity_pvalue_t,residual_df,n_donors,dme_beta,dme_pvalue_t,severity_padj_bh_158,rank_descending_beta
total_mean_severity,P2RX4,0.6879902439039749,0.18696829721175645,0.29798121012271594,1.0779992776852338,3.6797160489982494,0.0014857541720058982,20.0,26,,,0.19501696977371863,1
total_mean_severity,TLR2,0.641179350596534,0.23202222455595073,0.157189471219515,1.125169229973553,2.763439372343047,0.011986377487358004,20.0,26,,,0.3156412738337608,2
total_mean_severity,CD82,0.5678537126124198,0.21486501284585613,0.11965314971965951,1.01605427550518,2.642839358028928,0.015607537321496985,20.0,26,,,0.3522844138280748,3
total_mean_severity,NLRP3,0.5449763414248171,0.1621149042483734,0.20681057690570914,0.8831421059439251,3.3616671085951997,0.003103725313724102,20.0,26,,,0.19501696977371863,4
total_mean_severity,FPR1,0.5308233945175956,0.16582226424394103,0.18492421256187797,0.8767225764733133,3.20115876440272,0.004484339945155028,20.0,26,,,0.19501696977371863,5
total_mean_severity,OPRK1,0.5254584205820312,0.1856936132355696,0.1381083309819135,0.9128085101821488,2.829706479540782,0.01035306190233558,20.0,26,,,0.3156412738337608,6
total_mean_severity,IL10RA,0.5128937229302448,0.16236161939633773,0.1742133196305965,0.8515741262298931,3.1589591483331425,0.004937138475284016,20.0,26,,,0.19501696977371863,7
total_mean_severity,AXL,0.5094551641462534,0.25856214458594834,-0.02989601830669908,1.0488063465992057,1.9703393354896388,0.06280203551717077,20.0,26,,,0.7632862778240755,8
total_mean_severity,CSF3R,0.5018218338615633,0.21543419908811656,0.05243396927276117,0.9512096984503655,2.3293508458065606,0.03043386651686781,20.0,26,,,0.5342834344072349,9
total_mean_severity,IFNGR2,0.4921196482890549,0.3091863911785626,-0.152831862101463,1.1370711586795728,1.5916601193641926,0.1271439396918754,20.0,26,,,0.954330993468347,10
total_mean_severity,PIK3R5,0.4797802427119435,0.23303169875984758,-0.006315362955362058,0.9658758483792491,2.058862572196173,0.05276974137696544,20.0,26,,,0.7579653761418673,11
total_mean_severity,P2RY2,0.4749085226536275,0.23741352808501542,-0.020327418818135767,0.9701444641253907,2.0003431417082833,0.05922568312130609,20.0,26,,,0.7632862778240755,12
total_mean_severity,CD14,0.4583663878479525,0.2089269260597755,0.02255245693764868,0.8941803187582562,2.1939076809889526,0.04022458877346979,20.0,26,,,0.6355485026208226,13
total_mean_severity,SLC31A1,0.4537645111952447,0.3141502843801295,-0.201541498969873,1.1090705213603624,1.4444185912185221,0.16410605498013933,20.0,26,,,0.954330993468347,14
total_mean_severity,SLC4A4,0.45186412950691435,0.19264181875724629,0.05002033716448845,0.8537079218493402,2.3456180616542137,0.029418886259823633,20.0,26,,,0.5342834344072349,15
total_mean_severity,TLR1,0.4448284339849868,0.27072537578975314,-0.11989480415974568,1.0095516721297193,1.643098408072552,0.11599226603378741,20.0,26,,,0.954330993468347,16
total_mean_severity,TNFSF10,0.434767359760835,0.26828019273517434,-0.12485531591017218,0.9943900354318422,1.620571967420659,0.12077004314963197,20.0,26,,,0.954330993468347,17
total_mean_severity,HPN,0.43010510968696775,0.23125354982867236,-0.05228134230611153,0.9124915616800471,1.8598854374586575,0.07767445109296135,20.0,26,,,0.8766116623348496,18
total_mean_severity,CD40,0.4265808100200284,0.29738606936955314,-0.1937556604109218,1.0469172804509785,1.4344344068448232,0.16690063186840082,20.0,26,,,0.954330993468347,19
total_mean_severity,C3AR1,0.41624072633758497,0.28730822548884277,-0.1830737301309518,1.0155551828061218,1.4487602143285978,0.1629027240793935,20.0,26,,,0.954330993468347,20
total_mean_severity,NOD2,0.4155417586744447,0.2559361532197762,-0.1183317017758369,0.9494152191247263,1.6236149267962654,0.12011510848739866,20.0,26,,,0.954330993468347,21
total_mean_severity,OLR1,0.4100456205965132,0.22662957093992303,-0.06269538045370604,0.8827866216467325,1.809320905898956,0.08545804117024695,20.0,26,,,0.9001580336599345,22
total_mean_severity,ITGB8,0.40096894712709635,0.24513985619985393,-0.11038383237380239,0.912321726627995,1.6356742365068553,0.11754895141478595,20.0,26,,,0.954330993468347,23
total_mean_severity,PLAUR,0.37758441325497755,0.2811617028040805,-0.20890862156535478,0.9640774480753098,1.3429439695707295,0.19433327330309944,20.0,26,,,0.954330993468347,24
total_mean_severity,CMKLR1,0.3376510222336421,0.2570403774595761,-0.198525809618447,0.8738278540857312,1.3136108247691294,0.20384756467987855,20.0,26,,,0.954330993468347,25
total_mean_severity,SLC31A2,0.33567614996079975,0.2742855980090976,-0.23647358159762888,0.9078258815192284,1.2238198155400997,0.23524279682381688,20.0,26,,,0.954330993468347,26
total_mean_severity,BEST1,0.33113554686363733,0.3013212684866399,-0.29740960508326875,0.9596806988105434,1.0989451508907322,0.28484546736187594,20.0,26,,,0.954330993468347,27
total_mean_severity,RGS1,0.33064850193154993,0.2790594960294563,-0.25145940639832165,0.9127564102614215,1.1848674086928335,0.24995903828230837,20.0,26,,,0.954330993468347,28
total_mean_severity,DCBLD2,0.31834177245859496,0.22043422859957557,-0.1414759709263611,0.778159515843551,1.4441576268850287,0.16417861328242056,20.0,26,,,0.954330993468347,29
total_mean_severity,APLNR,0.31810327777062775,0.3192588457693447,-0.34785900472050657,0.9840655602617621,0.9963804667778827,0.33096842009719707,20.0,26,,,0.954330993468347,30
total_mean_severity,ACVR1B,0.3103916042252093,0.2812302698227376,-0.2762444588897297,0.8970276673401483,1.1036920187178016,0.2828297259256558,20.0,26,,,0.954330993468347,31
total_mean_severity,MSR1,0.3009372168183741,0.2574630295935448,-0.23612125193608263,0.8379956855728308,1.168856038451275,0.2562051737277643,20.0,26,,,0.954330993468347,32
total_mean_severity,GPC3,0.2949909896494577,0.2841117882710802,-0.29765581562134613,0.8876377949202615,1.0382919745941597,0.31152487346960006,20.0,26,,,0.954330993468347,33
total_mean_severity,PTGER2,0.29298367976707446,0.23312822920891135,-0.19331328488852634,0.7792806444226752,1.2567490464851656,0.22332485159070709,20.0,26,,,0.954330993468347,34
total_mean_severity,HIF1A,0.28871756993529657,0.272109870922768,-0.2788936744498223,0.8563288143204155,1.0610330634320952,0.30132044239144395,20.0,26,,,0.954330993468347,35
total_mean_severity,GPR183,0.2740712599536812,0.27578765064926497,-0.3012116985080058,0.8493542184153682,0.9937764048116622,0.3322038268402474,20.0,26,,,0.954330993468347,36
total_mean_severity,CDKN1A,0.2708708423960099,0.23015998701123164,-0.209234477532599,0.7509761623246187,1.1768806816225255,0.2530602634047278,20.0,26,,,0.954330993468347,37
total_mean_severity,RIPK2,0.2659664391709628,0.21861489141727464,-0.1900562333534619,0.7219891116953875,1.2165979977242598,0.2379202670515338,20.0,26,,,0.954330993468347,38
total_mean_severity,MET,0.2613395568558376,0.25431632321644854,-0.26915499741671806,0.7918341111283933,1.027616133917647,0.31639908075663625,20.0,26,,,0.954330993468347,39
total_mean_severity,SELL,0.2601073311964587,0.19054626212397435,-0.13736520660728652,0.6575798690002039,1.365061315279048,0.18739404501043677,20.0,26,,,0.954330993468347,40
total_mean_severity,CYBB,0.2544863596339879,0.20593979853594888,-0.17509653244929185,0.6840692517172677,1.235731808242809,0.2308767098346233,20.0,26,,,0.954330993468347,41
total_mean_severity,TNFRSF1B,0.2527996417155066,0.1780801262904557,-0.11866899241086781,0.624268275841881,1.4195836839377598,0.17112841811719964,20.0,26,,,0.954330993468347,42
total_mean_severity,TIMP1,0.24869717452058676,0.3116944464743799,-0.4014860475407274,0.898880396581901,0.7978877305439215,0.43430761663187145,20.0,26,,,0.9823353820001004,43
total_mean_severity,MMP14,0.23902284843457056,0.22906829636158837,-0.23880524470316056,0.7168509415723017,1.043456699294907,0.3091860639457931,20.0,26,,,0.954330993468347,44
total_mean_severity,ABCA1,0.23316216144117297,0.28940778620041874,-0.3705319019270267,0.8368562248093726,0.8056526899373228,0.42991837714658276,20.0,26,,,0.9823353820001004,45
total_mean_severity,STAB1,0.22183494934929912,0.18911183769193118,-0.17264543152133896,0.6163153302199372,1.1730357658026402,0.25456348265887224,20.0,26,,,0.954330993468347,46
total_mean_severity,IL4R,0.20671312431753483,0.20781582549345087,-0.2267830914251794,0.6402093400602491,0.9946938536884873,0.33176820967096854,20.0,26,,,0.954330993468347,47
total_mean_severity,IL6,0.20668117001063896,0.26130021427929967,-0.33838152573871066,0.7517438657599886,0.7909720647596589,0.438240156403209,20.0,26,,,0.9823353820001004,48
total_mean_severity,EBI3,0.20188682040269038,0.2704384717323902,-0.36223794636551077,0.7660115871708915,0.7465166442830129,0.46404106036947,20.0,26,,,0.9823353820001004,49
total_mean_severity,CLEC5A,0.20110633140084017,0.21255567713885953,-0.2422770416196594,0.6444897044213398,0.9461348391530391,0.355371564782758,20.0,26,,,0.9823353820001004,50
total_mean_severity,ADM,0.19788740619570167,0.2409908031730753,-0.30481060035056917,0.7005854127419725,0.8211409049231744,0.4212466788688567,20.0,26,,,0.9823353820001004,51
total_mean_severity,GPR132,0.19756075352887006,0.36208342566368984,-0.5577320372663837,0.9528535443241237,0.5456221951246351,0.5913598840339158,20.0,26,,,0.9823353820001004,52
total_mean_severity,IL15RA,0.19427920507910726,0.35247423341610973,-0.540969161929944,0.9295275720881585,0.5511869710196745,0.5876110211356494,20.0,26,,,0.9823353820001004,53
total_mean_severity,CX3CL1,0.19354194162065103,0.25458148820796134,-0.3375057371316949,0.7245896203729969,0.7602357224911475,0.45598301587546297,20.0,26,,,0.9823353820001004,54
total_mean_severity,NMI,0.19151092834624844,0.23871919352196075,-0.30644858350134113,0.6894704401938381,0.8022435293986135,0.43184202396587956,20.0,26,,,0.9823353820001004,55
total_mean_severity,SELE,0.18889132868693567,0.17171628142063758,-0.169302557656928,0.5470852150307993,1.1000199114737754,0.2843881601861588,20.0,26,,,0.954330993468347,56
total_mean_severity,ICAM1,0.17556229127442813,0.21792291959998403,-0.27901695333259025,0.6301415358814465,0.8056164610711327,0.429938791385032,20.0,26,,,0.9823353820001004,57
total_mean_severity,GABBR1,0.17503420741973394,0.21398744639376358,-0.27133578393141444,0.6214041987708824,0.8179648403189465,0.42301587156339404,20.0,26,,,0.9823353820001004,58
total_mean_severity,NPFFR2,0.17496166215812337,0.2760537437180688,-0.4008763567186592,0.7507996810349059,0.6337956508092502,0.5333963678675298,20.0,26,,,0.9823353820001004,59
total_mean_severity,SERPINE1,0.17494811673559107,0.28380927758003704,-0.41706766229128966,0.7669638957624718,0.6164284629005969,0.544565076890428,20.0,26,,,0.9823353820001004,60
total_mean_severity,PSEN1,0.17377843589706266,0.21645919627885551,-0.2777475353651711,0.6253044071592964,0.8028230672777285,0.4315146366870196,20.0,26,,,0.9823353820001004,61
total_mean_severity,OSMR,0.17305806050653944,0.19260463807980394,-0.22870817430179718,0.5748242953148761,0.89851450220443,0.37960168393824867,20.0,26,,,0.9823353820001004,62
total_mean_severity,TPBG,0.17148488756113844,0.23269135282028638,-0.3139007689168171,0.6568705440390941,0.7369628715579333,0.46970266063253974,20.0,26,,,0.9823353820001004,63
total_mean_severity,LYN,0.17006048050317507,0.26766580514297045,-0.38828060510804124,0.7284015661143914,0.6353463058620407,0.5324052440749267,20.0,26,,,0.9823353820001004,64
total_mean_severity,F3,0.16730118748986203,0.25160860204644114,-0.3575451593966703,0.6921475343763943,0.664926342458602,0.513692576988819,20.0,26,,,0.9823353820001004,65
total_mean_severity,NDP,0.16674645374464175,0.14770010223514968,-0.14135056067530755,0.47484346816459105,1.1289528661203554,0.2722777838740445,20.0,26,,,0.954330993468347,66
total_mean_severity,BST2,0.1637903648513416,0.23765831891425665,-0.33195620134244475,0.6595369310451279,0.6891842271695718,0.49862571287766244,20.0,26,,,0.9823353820001004,67
total_mean_severity,NFKBIA,0.15519312250847278,0.4015662130638326,-0.6824593195996469,0.9928455646165923,0.3864695720399251,0.7032299094234036,20.0,26,,,0.9839806753369736,68
total_mean_severity,CSF1,0.1542835466923454,0.22681720764917784,-0.31884885767474463,0.6274159510594355,0.6802109429500537,0.5041695043692521,20.0,26,,,0.9823353820001004,69
total_mean_severity,OSM,0.15291676678148153,0.26023217129275994,-0.3899180303378376,0.6957515639008007,0.5876166886739415,0.5633659636231587,20.0,26,,,0.9823353820001004,70
total_mean_severity,IL1B,0.15162710853125044,0.22625857697859242,-0.3203400126764768,0.6235942297389777,0.6701496604285491,0.5104268888073296,20.0,26,,,0.9823353820001004,71
total_mean_severity,RASGRP1,0.15030438109958155,0.24700619953212385,-0.36494152237248056,0.6655502845716437,0.6085044884876828,0.5497022028866505,20.0,26,,,0.9823353820001004,72
total_mean_severity,TLR3,0.14988830107995302,0.2937983617985892,-0.4629643424984875,0.7627409446583935,0.510174053260064,0.6155139418861388,20.0,26,,,0.9823353820001004,73
total_mean_severity,KLF6,0.14905853164522465,0.24841332344567987,-0.3691225808762889,0.6672396441667382,0.6000424195355972,0.5552164373761,20.0,26,,,0.9823353820001004,74
total_mean_severity,ADRM1,0.1489628617999377,0.27332047521102354,-0.4211736588795856,0.7190993824794609,0.5450117181485485,0.5917718678673076,20.0,26,,,0.9823353820001004,75
total_mean_severity,LY6E,0.1449582956719202,0.2227704279279206,-0.31973267411749057,0.609649265461331,0.6507070845095417,0.5226416496492818,20.0,26,,,0.9823353820001004,76
total_mean_severity,RGS16,0.13171686899911925,0.23893896260052871,-0.36670107311320244,0.6301348111114409,0.5512573904463239,0.5875636570850711,20.0,26,,,0.9823353820001004,77
total_mean_severity,LIF,0.12704052953779532,0.20369940259218913,-0.297868978499399,0.5519500375749896,0.623666677079723,0.5398950651109897,20.0,26,,,0.9823353820001004,78
total_mean_severity,SCN1B,0.12210499519422305,0.1852226888735159,-0.2642627634002237,0.5084727537886697,0.6592334661419671,0.5172651313151226,20.0,26,,,0.9823353820001004,79
total_mean_severity,SEMA4D,0.11773270235376904,0.3685825650331906,-0.6511170556049495,0.8865824603124877,0.3194201612416672,0.752720352092602,20.0,26,,,0.9839806753369736,80
total_mean_severity,PTAFR,0.11364490113257396,0.21558385682092313,-0.3360551440164633,0.5633449462816112,0.5271494016686705,0.6038887026695245,20.0,26,,,0.9823353820001004,81
total_mean_severity,ITGA5,0.11136696442834662,0.23479160691131426,-0.37839974531346365,0.6011336741701568,0.4743225956556968,0.6404075316239181,20.0,26,,,0.9839806753369736,82
total_mean_severity,PDPN,0.11031483727698563,0.26889326650600864,-0.4505866878704594,0.6712163624244307,0.4102551124110077,0.6859803469421994,20.0,26,,,0.9839806753369736,83
total_mean_severity,RHOG,0.10773065383521564,0.2402288129184946,-0.3933778688928271,0.6088391765632584,0.44845017767192963,0.6586490331696373,20.0,26,,,0.9839806753369736,84
total_mean_severity,P2RX7,0.10761859916571623,0.2907123261843368,-0.49879668692443313,0.7140338852558656,0.37018932282037714,0.7151327798077391,20.0,26,,,0.9839806753369736,85
total_mean_severity,RAF1,0.09174152382949227,0.21231896347800722,-0.3511480731470009,0.5346311208059854,0.43209293379484304,0.6702966331493221,20.0,26,,,0.9839806753369736,86
total_mean_severity,ICOSLG,0.08752032298753987,0.3062818607036388,-0.5513724430008172,0.726413088975897,0.2857509184072293,0.7780074961548082,20.0,26,,,0.9839806753369736,87
total_mean_severity,AHR,0.08257826668632332,0.14166821953547046,-0.21293646090389992,0.3780929942765465,0.5828990224984625,0.5664762769056315,20.0,26,,,0.9823353820001004,88
total_mean_severity,SCARF1,0.08141677852867159,0.2870347305493389,-0.5173271774930479,0.680160734550391,0.2836478302568222,0.7795957786848275,20.0,26,,,0.9839806753369736,89
total_mean_severity,LCP2,0.07869208961132128,0.2325167505546778,-0.406329352922765,0.5637135321454075,0.3384362177073188,0.7385615693674927,20.0,26,,,0.9839806753369736,90
total_mean_severity,FZD5,0.07741797910169397,0.31578900501101237,-0.5813063423997258,0.7361423006031138,0.24515729766777095,0.8088325921402753,20.0,26,,,0.9839806753369736,91
total_mean_severity,PCDH7,0.06875868284422994,0.22957277830700085,-0.4101217411914372,0.547639106879897,0.2995071251534927,0.7676435213653335,20.0,26,,,0.9839806753369736,92
total_mean_severity,EMP3,0.05662657450549892,0.19010668624472116,-0.3399290240818244,0.4531821730928222,0.2978673481931323,0.7688766329736041,20.0,26,,,0.9839806753369736,93
total_mean_severity,PTPRE,0.05327559620418755,0.22265369198202367,-0.41117186666910027,0.5177230590774754,0.23927560207934412,0.8133268541865325,20.0,26,,,0.9839806753369736,94
total_mean_severity,RNF144B,0.052699823313030844,0.24135864979761096,-0.4507654978462215,0.5561651444722832,0.21834652852599976,0.8293716563506941,20.0,26,,,0.9839806753369736,95
total_mean_severity,ABI1,0.05133901694415728,0.29432857490414355,-0.5626196317917309,0.6652976656800456,0.17442756606584084,0.8632830442611994,20.0,26,,,0.9839806753369736,96
total_mean_severity,TACR3,0.04512475228794196,0.20851749828407737,-0.3898351272479602,0.4800846318238441,0.21640750852700852,0.8308621657372399,20.0,26,,,0.9839806753369736,97
total_mean_severity,KCNMB2,0.03830724849004099,0.2850068301440888,-0.5562065814116312,0.6328210783917131,0.13440817706254365,0.8944232175643201,20.0,26,,,0.9952032984166378,98
total_mean_severity,EIF2AK2,0.03679076621345957,0.22366033113705552,-0.42975650914181124,0.5033380415687304,0.16449392713683667,0.8709934511308682,20.0,26,,,0.9839806753369736,99
total_mean_severity,ITGB3,0.02970028904709618,0.29503333345668387,-0.5857284602685391,0.6451290383627315,0.10066757101348586,0.9208166827353866,20.0,26,,,0.9953961976708596,100
total_mean_severity,SGMS2,0.02844883095823283,0.2512692448883175,-0.49568962930088556,0.5525872912173512,0.11322050564078219,0.9109845213083761,20.0,26,,,0.9953961976708596,101
total_mean_severity,TAPBP,0.022803612715632783,0.2561839137017182,-0.5115866670436569,0.5571938924749225,0.08901266432436362,0.9299571736919421,20.0,26,,,0.9953961976708596,102
total_mean_severity,HBEGF,0.01654246514806345,0.22905064288357718,-0.4612488034798192,0.49433373377594614,0.0722218673556473,0.9431427172262803,20.0,26,,,0.9953961976708596,103
total_mean_severity,ADORA2B,0.01370324837165425,0.21038986996789286,-0.4251623300563826,0.4525688267996911,0.06513264338128767,0.9487150380381724,20.0,26,,,0.9953961976708596,104
total_mean_severity,BTG2,0.007792300341157216,0.2691481416068303,-0.55364088495022,0.5692254856325344,0.02895171519534455,0.9771900552435164,20.0,26,,,0.9953961976708596,105
total_mean_severity,IL18R1,0.005946426164691411,0.3133041053614647,-0.6475944854976483,0.6594873378270312,0.018979726288076915,0.9850453517107824,20.0,26,,,0.9953961976708596,106
total_mean_severity,PDE4B,0.005570909638304658,0.24574417955622874,-0.5070424662943209,0.5181842855709302,0.02266954866790641,0.9821385195192569,20.0,26,,,0.9953961976708596,107
total_mean_severity,LDLR,0.005420253467027583,0.2728116741946471,-0.5636549268904026,0.5744954338244578,0.019868114086497312,0.9843454610747655,20.0,26,,,0.9953961976708596,108
total_mean_severity,CHST2,0.003145781026652389,0.2218168552460729,-0.4595560710041129,0.4658476330574176,0.014181884524341541,0.9888253920601997,20.0,26,,,0.9953961976708596,109
total_mean_severity,CD55,0.0012315857827342458,0.21079438576470347,-0.43847779781129115,0.44094096937675964,0.005842592905244581,0.9953961976708596,20.0,26,,,0.9953961976708596,110
total_mean_severity,SRI,-0.0033611968141433884,0.25721990434795033,-0.5399125151931825,0.5331901215648958,-0.013067405583032097,0.9897034903963289,20.0,26,,,0.9953961976708596,111
total_mean_severity,AQP9,-0.006114363963959452,0.26434588270575177,-0.5575302127233799,0.5453014847954609,-0.023130165302273544,0.9817756640408069,20.0,26,,,0.9953961976708596,112
total_mean_severity,IL15,-0.012357734875667936,0.2558771513448818,-0.5461081195715998,0.5213926498202639,-0.0482955778220763,0.961959714607324,20.0,26,,,0.9953961976708596,113
total_mean_severity,GNAI3,-0.01645549854183577,0.2583273980484227,-0.5553170082981375,0.5224060112144658,-0.06370016756314495,0.9498413401419286,20.0,26,,,0.9953961976708596,114
total_mean_severity,CXCL8,-0.02837235777004428,0.29113983790786924,-0.63567941768876,0.5789347021486714,-0.09745268106875388,0.9233369274481549,20.0,26,,,0.9953961976708596,115
total_mean_severity,IL1R1,-0.03534022019290262,0.18056493750114477,-0.41199207967813084,0.3413116392923256,-0.19572028037103587,0.846803948173839,20.0,26,,,0.9839806753369736,116
total_mean_severity,MXD1,-0.037200495681101606,0.22773380351730815,-0.5122448855250263,0.43784389416282316,-0.16335078546331971,0.8718816110580778,20.0,26,,,0.9839806753369736,117
total_mean_severity,INHBA,-0.04178083383469969,0.2771080471499571,-0.6198180911327281,0.5362564234633288,-0.15077452374412634,0.8816639156175744,20.0,26,,,0.9879638203374238,118
total_mean_severity,KCNA3,-0.04658972948040992,0.22966069883204085,-0.525653552517575,0.4324740935567551,-0.2028633097319044,0.8412914505098997,20.0,26,,,0.9839806753369736,119
total_mean_severity,TACR1,-0.048736851700505214,0.28474071981418353,-0.6426955851810552,0.5452218817800447,-0.17116221288023004,0.8658160775705165,20.0,26,,,0.9839806753369736,120
total_mean_severity,SLC11A2,-0.05115669827407119,0.2891640077297337,-0.6543422486631915,0.552028852115049,-0.17691239886910354,0.8613564959315179,20.0,26,,,0.9839806753369736,121
total_mean_severity,IRAK2,-0.056194555921705296,0.3209714832557217,-0.7257293376078393,0.6133402257644287,-0.17507647517999111,0.8627798450558609,20.0,26,,,0.9839806753369736,122
total_mean_severity,TNFSF9,-0.0567392517909863,0.18287143304317025,-0.4382023766681613,0.32472387308618866,-0.3102685359150214,0.7595667933323881,20.0,26,,,0.9839806753369736,123
total_mean_severity,NMUR1,-0.05884665848785908,0.20405784088670442,-0.4845038557055126,0.3668105387297944,-0.28838224609331,0.7760216855326841,20.0,26,,,0.9839806753369736,124
total_mean_severity,EDN1,-0.05968269152209374,0.31717341506008384,-0.7212948417819042,0.6019294587377167,-0.18817053601667003,0.8526391004182166,20.0,26,,,0.9839806753369736,125
total_mean_severity,IFNAR1,-0.0604080407844767,0.3152552198682541,-0.7180189059894092,0.5972028244204558,-0.19161630633656554,0.8499747863742663,20.0,26,,,0.9839806753369736,126
total_mean_severity,GCH1,-0.06857004647904202,0.2692150803297547,-0.6301428634996462,0.4930027705415622,-0.2547035864226191,0.8015526750047705,20.0,26,,,0.9839806753369736,127
total_mean_severity,MYC,-0.06859172371761253,0.22670167589223109,-0.5414831330627132,0.4042996856274882,-0.30256381408587163,0.7653465843913647,20.0,26,,,0.9839806753369736,128
total_mean_severity,ATP2C1,-0.06886630167915096,0.27114521563205435,-0.6344653103886296,0.4967327070303277,-0.2539830972809896,0.8021014763024508,20.0,26,,,0.9839806753369736,129
total_mean_severity,SPHK1,-0.06932832156239306,0.2635419497815124,-0.6190671956277967,0.4804105525030105,-0.2630637043547307,0.7951924961790129,20.0,26,,,0.9839806753369736,130
total_mean_severity,HRH1,-0.07408006584546097,0.23174293393875448,-0.5574873552038443,0.40932722351292233,-0.31966483114017624,0.7525375957554663,20.0,26,,,0.9839806753369736,131
total_mean_severity,IRF1,-0.0760564651147966,0.2513542496545011,-0.6003722422090173,0.44825931197942415,-0.302586748460947,0.7653293588077111,20.0,26,,,0.9839806753369736,132
total_mean_severity,ATP2A2,-0.08550165537400403,0.21407767583654924,-0.5320598620446705,0.3610565512966625,-0.39939547661796143,0.693834749452629,20.0,26,,,0.9839806753369736,133
total_mean_severity,ACVR2A,-0.09028028218637352,0.28740270773939,-0.689791825175967,0.50923126080322,-0.3141246750821762,0.7566794581784757,20.0,26,,,0.9839806753369736,134
total_mean_severity,NFKB1,-0.09842469100130223,0.26414278606647884,-0.6494168875949368,0.4525675055923323,-0.3726192657653385,0.7133513596368939,20.0,26,,,0.9839806753369736,135
total_mean_severity,PVR,-0.11050558341249392,0.22126068339253538,-0.5720472812863818,0.35103611446139393,-0.49943614797775693,0.6229218690437633,20.0,26,,,0.9839806753369736,136
total_mean_severity,CCL2,-0.11319265384661172,0.2210578206991551,-0.5743111875572945,0.34792587986407103,-0.5120499853323865,0.6142240495982205,20.0,26,,,0.9823353820001004,137
total_mean_severity,SELENOS,-0.11777455117714625,0.34794965639476677,-0.8435848159053372,0.6080357135510448,-0.33848158494378555,0.7385279018154187,20.0,26,,,0.9839806753369736,138
total_mean_severity,RELA,-0.1193131937864521,0.2568786121697203,-0.6551525891568657,0.4165262015839615,-0.4644730551083077,0.6473252951457947,20.0,26,,,0.9839806753369736,139
total_mean_severity,SLC7A1,-0.12452661983560191,0.20988411260879278,-0.5623372068993703,0.3132839672281664,-0.5933113196981687,0.5596233887344328,20.0,26,,,0.9823353820001004,140
total_mean_severity,VIP,-0.13215369574333255,0.2394469587154468,-0.6316312991827263,0.36732390769606127,-0.5519121915446039,0.5871233294586544,20.0,26,,,0.9823353820001004,141
total_mean_severity,ATP2B1,-0.13442391156873817,0.26075885062059034,-0.6783573425143421,0.4095095193768657,-0.5155104467166401,0.6118480037852723,20.0,26,,,0.9823353820001004,142
total_mean_severity,KIF1B,-0.14699895085002418,0.3080257061877129,-0.7895293147758395,0.4955314130757911,-0.47722949058167907,0.6383722665929294,20.0,26,,,0.9839806753369736,143
total_mean_severity,GNA15,-0.1494078318594436,0.26255903173686707,-0.697096374812059,0.39828071109317176,-0.5690447244228795,0.5756612380155484,20.0,26,,,0.9823353820001004,144
total_mean_severity,CXCR6,-0.16397502169304395,0.2736401393313906,-0.7347783500430551,0.4068283066569673,-0.5992359969326824,0.5557434506967447,20.0,26,,,0.9823353820001004,145
total_mean_severity,IFITM1,-0.18217775811070436,0.3291607346527951,-0.868795018871604,0.5044395026501953,-0.5534613911433539,0.5860822099319583,20.0,26,,,0.9823353820001004,146
total_mean_severity,NAMPT,-0.2064456351594688,0.2521760009351935,-0.7324755553879578,0.31958428506902026,-0.8186569475043863,0.4226299420699212,20.0,26,,,0.9823353820001004,147
total_mean_severity,LAMP3,-0.20784998250699085,0.3045139695903117,-0.8430549922542014,0.4273550272402198,-0.6825630455858198,0.5027129723168711,20.0,26,,,0.9823353820001004,148
total_mean_severity,C5AR1,-0.21224179206876415,0.2000994502748825,-0.6296419311601569,0.20515834702262853,-1.0606815349927317,0.3014763377721643,20.0,26,,,0.954330993468347,149
total_mean_severity,SLC7A2,-0.2204296814490886,0.3581555865519381,-0.967529143430487,0.5266697805323098,-0.6154578896038604,0.5451929189693637,20.0,26,,,0.9823353820001004,150
total_mean_severity,MEFV,-0.23723006708550726,0.23476095133463123,-0.7269328304149019,0.25247269624388735,-1.0105175743105441,0.3243174238879286,20.0,26,,,0.954330993468347,151
total_mean_severity,KCNJ2,-0.2606136545765921,0.20339225787922136,-0.6848824699695146,0.16365516081633047,-1.281335176146921,0.21473367660751122,20.0,26,,,0.954330993468347,152
total_mean_severity,LPAR1,-0.26370702925740735,0.28984090068064683,-0.8683045535998444,0.3408904950850296,-0.9098337351220339,0.3737451780322609,20.0,26,,,0.9823353820001004,153
total_mean_severity,IRF7,-0.26515079872167713,0.23884126968689476,-0.7633649569871015,0.23306335954374718,-1.1101548700912218,0.2801020541258546,20.0,26,,,0.954330993468347,154
total_mean_severity,IL18,-0.27167650072965904,0.1779114875440029,-0.6427933605951403,0.09944035913582217,-1.5270318093566904,0.14241371090994764,20.0,26,,,0.954330993468347,155
total_mean_severity,CALCRL,-0.2731152126203174,0.2542899329283395,-0.8035547177165148,0.25732429247588,-1.0740307706057832,0.2955967699927953,20.0,26,,,0.954330993468347,156
total_mean_severity,SLC1A2,-0.2926826450617173,0.2156680057064644,-0.7425582217101219,0.15719293158668723,-1.3570981198763155,0.18986945550311676,20.0,26,,,0.954330993468347,157
total_mean_severity,PTGER4,-0.3288230646298008,0.27365527210314516,-0.899657959388548,0.24201183012894634,-1.2015959425984017,0.24355615775463688,20.0,26,,,0.954330993468347,158
DME_conditioned_mean_severity,P2RX4,0.5990896162861102,0.20213759064024842,0.17601077677593974,1.0221684557962807,2.963771431076032,0.007975736377663578,19.0,26,0.5890586367812506,0.21127770530548173,0.9923671768049482,1
DME_conditioned_mean_severity,SLC31A1,0.5394626507841186,0.3327053244827902,-0.15689759638806777,1.235822897956305,1.621442793627498,0.1214000377970955,19.0,26,-0.567838840214971,0.29106334330760414,0.9935409255431776,2
DME_conditioned_mean_severity,NLRP3,0.5327210264125435,0.19327257606682222,0.1281968756472338,0.9372451771778532,2.7563197906999495,0.012561609832974028,19.0,26,0.08120414161175338,0.9116908507383217,0.9923671768049482,3
DME_conditioned_mean_severity,CD82,0.5201307152239482,0.2620347427219503,-0.028314304383774358,1.0685757348316707,1.9849685191397235,0.061776909522202696,19.0,26,0.3162142331053611,0.6533810141483951,0.9935409255431776,4
DME_conditioned_mean_severity,FPR1,0.4914101560156201,0.2255723976706095,0.019281701680487984,0.9635386103507522,2.178503048645155,0.04216637900004973,19.0,26,0.26115348299793756,0.7002791226435963,0.9935409255431776,5
DME_conditioned_mean_severity,TLR2,0.48360291610784967,0.21792021114269108,0.02749067224446966,0.9397151599712297,2.2191742269889474,0.038847386656904716,19.0,26,1.044106911007925,0.20747404500996458,0.9935409255431776,6
DME_conditioned_mean_severity,CD40,0.451638571390068,0.3365694378348993,-0.25280935797704274,1.1560865007571788,1.3418882424244791,0.1954499282693166,19.0,26,-0.16603359446316562,0.7654328577201858,0.9935409255431776,7
DME_conditioned_mean_severity,ACVR1B,0.4228894704745756,0.3177176307308082,-0.242101173154608,1.087880114103759,1.3310229888780583,0.19893388720705923,19.0,26,-0.7454147570082453,0.24085228945881237,0.9935409255431776,8
DME_conditioned_mean_severity,IL10RA,0.422297856647264,0.21938211032938457,-0.03687417737898535,0.8814698906735133,1.924942083988607,0.06934091232650706,19.0,26,0.6002913468739697,0.36483516465856203,0.9935409255431776,9
DME_conditioned_mean_severity,IFNGR2,0.41858857314948855,0.2852339748385183,-0.1784129973220115,1.0155901436209887,1.4675270482293257,0.15859195949582933,19.0,26,0.48721944988911087,0.6020358853796741,0.9935409255431776,10
DME_conditioned_mean_severity,CSF3R,0.4104430102737798,0.24519683821162896,-0.10275987016801075,0.9236458907155702,1.673932719799295,0.11052709000299957,19.0,26,0.6054792490854988,0.4092098216937974,0.9935409255431776,11
DME_conditioned_mean_severity,TLR1,0.4002127411944817,0.3468045662392013,-0.3256575581227904,1.126083040511754,1.154000783595344,0.26280966286382423,19.0,26,0.2956251252487764,0.7317332363821,0.9935409255431776,12
DME_conditioned_mean_severity,HPN,0.3921313783979217,0.26233057277654964,-0.15693282063009412,0.9411955774259375,1.494798620868087,0.15139094799471164,19.0,26,0.25161525836211285,0.7087629853969262,0.9935409255431776,13
DME_conditioned_mean_severity,OPRK1,0.37107765488324074,0.15255512557623618,0.051776107428905205,0.6903792023375763,2.4324168295335484,0.025053514486616812,19.0,26,1.0229322989560197,0.013860152602755296,0.9935409255431776,14
DME_conditioned_mean_severity,AXL,0.3689677171860018,0.2614112569236964,-0.17817233164839336,0.9161077660203969,1.41144540418051,0.17427988186376406,19.0,26,0.9308746879381363,0.15291923860804188,0.9935409255431776,15
DME_conditioned_mean_severity,SLC4A4,0.36040140286594025,0.22241634659915863,-0.10512136065970423,0.8259241663915847,1.6203908047975446,0.12162688744104373,19.0,26,0.6060351936210844,0.21693370807382706,0.9935409255431776,16
DME_conditioned_mean_severity,TNFSF10,0.3547668299681158,0.30595888692587736,-0.2856124800277233,0.995146139963955,1.1595245149851223,0.2606072773238186,19.0,26,0.5300862804258464,0.3792213298254953,0.9935409255431776,17
DME_conditioned_mean_severity,P2RY2,0.3396921854860224,0.2802236887663616,-0.24682273571698699,0.9262071066890318,1.2122179498152388,0.24028812667200944,19.0,26,0.8959481319398223,0.1526662439510007,0.9935409255431776,18
DME_conditioned_mean_severity,IL15RA,0.3298129700611375,0.38387936086461316,-0.4736557662193678,1.1332817063416427,0.8591578596939891,0.4009635308669248,19.0,26,-0.8980514196291436,0.2090282153917517,0.9935409255431776,19
DME_conditioned_mean_severity,PTGER2,0.3246880961299048,0.2552990705917609,-0.20965899968672386,0.8590351919465334,1.271795057370582,0.21879326920028727,19.0,26,-0.21007456058590374,0.7611134307457008,0.9935409255431776,20
DME_conditioned_mean_severity,HIF1A,0.31916143250424706,0.3249040188511838,-0.3608704943251964,0.9991933593336906,0.9823252837338186,0.3382837805297271,19.0,26,-0.20172208750096507,0.758532827604401,0.9935409255431776,21
DME_conditioned_mean_severity,NOD2,0.31552425003567364,0.24362289412316535,-0.19438432756866886,0.8254328276400161,1.2951338221774757,0.21079086101517905,19.0,26,0.6627194753479131,0.26729634748261777,0.9935409255431776,22
DME_conditioned_mean_severity,CD14,0.30873096818838996,0.24664322394816177,-0.2074992323919168,0.8249611687686967,1.2517309952665778,0.22585958655871885,19.0,26,0.9914894717924319,0.13255520566467288,0.9935409255431776,23
DME_conditioned_mean_severity,ADM,0.29485381422301,0.28697653579614485,-0.30579497824907514,0.8955026066950951,1.0274492073193775,0.31711245326543097,19.0,26,-0.6425027770519667,0.4978984163074127,0.9935409255431776,24
DME_conditioned_mean_severity,PLAUR,0.2862425630331233,0.2846405565103309,-0.30951696860315375,0.8820020946694003,1.0056281738007853,0.3272306889711075,19.0,26,0.6052342622826479,0.434703782573326,0.9935409255431776,25
DME_conditioned_mean_severity,APLNR,0.27140049967195323,0.4445649342606315,-0.6590846014819766,1.2018856008258831,0.6104856203364917,0.5487737528448275,19.0,26,0.30945422476605977,0.7715028367269771,0.9935409255431776,26
DME_conditioned_mean_severity,DCBLD2,0.265410400796824,0.27665144702056554,-0.31362773250407283,0.8444485340977208,0.9593674772179813,0.34942389789457784,19.0,26,0.3507251013802627,0.5895755149741019,0.9935409255431776,27
DME_conditioned_mean_severity,PIK3R5,0.25985792708951105,0.2228603831324325,-0.2065942155813117,0.7263100697603337,1.1660122065530738,0.25803819842143005,19.0,26,1.4572128781270117,0.027118761462610268,0.9935409255431776,28
DME_conditioned_mean_severity,BEST1,0.25798890035936756,0.3139131206219501,-0.3990388120967366,0.9150166128154718,0.8218480955756773,0.4213573464380428,19.0,26,0.48467221244079034,0.5722984208182695,0.9935409255431776,29
DME_conditioned_mean_severity,MSR1,0.24714400567545505,0.35105773199508095,-0.4876282718762587,0.9819162832271687,0.7039981836347021,0.48997292829488515,19.0,26,0.35643567962355327,0.6475883578884307,0.9935409255431776,30
DME_conditioned_mean_severity,ITGB8,0.24508760501553065,0.23312856807071794,-0.24285609572623615,0.7330313057572975,1.0512980328570671,0.3063097674651865,19.0,26,1.032875170224546,0.09742313070089943,0.9935409255431776,31
DME_conditioned_mean_severity,NPFFR2,0.23945334454265668,0.28537424127829736,-0.35784180696132717,0.8367484960466405,0.8390853479629279,0.4118546771401129,19.0,26,-0.4273241205051803,0.6549779847530364,0.9935409255431776,32
DME_conditioned_mean_severity,RGS1,0.22951956560291037,0.27609289908100676,-0.34834951342494974,0.8073886446307705,0.8313128166891696,0.41612246439021505,19.0,26,0.6700838337041793,0.3718723032053568,0.9935409255431776,33
DME_conditioned_mean_severity,SELE,0.2237186438621175,0.24143114479863514,-0.2816025496847503,0.7290398374089853,0.9266353934936991,0.36573762499838036,19.0,26,-0.230766996246955,0.6180351444922861,0.9935409255431776,34
DME_conditioned_mean_severity,C3AR1,0.21827214393690564,0.24840156189247978,-0.3016383002566375,0.7381825881304488,0.878706809546489,0.39053779456831705,19.0,26,1.311746681651402,0.0989391845573984,0.9935409255431776,35
DME_conditioned_mean_severity,GPR183,0.21618921233215774,0.3154724877817896,-0.44410229309914473,0.8764807177634601,0.6852870557818483,0.501438827847247,19.0,26,0.38352845170679656,0.6101796265678798,0.9935409255431776,36
DME_conditioned_mean_severity,OLR1,0.21389094573013834,0.23215975505225653,-0.2720250060597648,0.6998068975200415,0.9213093185853591,0.3684400368699515,19.0,26,1.299727667522531,0.09131781787463059,0.9935409255431776,37
DME_conditioned_mean_severity,SLC31A2,0.2051529966031753,0.26158700404835844,-0.34235489519063056,0.7526608883969812,0.7842629543065892,0.44255439697988763,19.0,26,0.8648509335133459,0.15603451511392386,0.9935409255431776,38
DME_conditioned_mean_severity,MMP14,0.2044601225649148,0.32039253078028834,-0.4661291512109685,0.8750493963407981,0.6381550845363649,0.5309897638422982,19.0,26,0.22901381834713028,0.7882103462638305,0.9935409255431776,39
DME_conditioned_mean_severity,CX3CL1,0.2036342196622755,0.2768697197866298,-0.37586076378841604,0.783129203112967,0.7354875058897976,0.47102506672657196,19.0,26,-0.06687178374904817,0.9036973808276733,0.9935409255431776,40
DME_conditioned_mean_severity,GPC3,0.19978105930985338,0.27361524071673793,-0.3729022211629863,0.772464339782693,0.7301532574959086,0.4742037909074419,19.0,26,0.6308642950751806,0.2655486634140797,0.9935409255431776,41
DME_conditioned_mean_severity,PSEN1,0.19381242388626793,0.3183258524713624,-0.47245124247630954,0.8600760902488455,0.60884914744304,0.5498354410999386,19.0,26,-0.13274589809354428,0.8801914493859283,0.9935409255431776,42
DME_conditioned_mean_severity,IL4R,0.1794717004831268,0.24910991470695398,-0.3419213431901187,0.7008647441563722,0.7204518563392082,0.4800174694209748,19.0,26,0.18050261756140767,0.7871613316765942,0.9935409255431776,43
DME_conditioned_mean_severity,TNFRSF1B,0.1755657957876495,0.19718494987232157,-0.23714704746240708,0.588278639037706,0.8903610336454653,0.3844078366325412,19.0,26,0.5117541373408071,0.3554812653385786,0.9935409255431776,44
DME_conditioned_mean_severity,SELL,0.17372231294355805,0.21867497052551021,-0.28396966046335276,0.6314142863504688,0.7944316284853091,0.43675532212507995,19.0,26,0.5723901220259969,0.2932286650259264,0.9935409255431776,45
DME_conditioned_mean_severity,CDKN1A,0.15867244106525635,0.24273376600821994,-0.34937517000705476,0.6667200521375675,0.6536891989715311,0.5211455975521126,19.0,26,0.7434304920885428,0.24181102760867346,0.9935409255431776,46
DME_conditioned_mean_severity,ICAM1,0.15825469752784463,0.27347256734366227,-0.4141299641432241,0.7306393591989133,0.5786858223661321,0.5695982709582093,19.0,26,0.11468071544049914,0.8543608649238589,0.9935409255431776,47
DME_conditioned_mean_severity,CMKLR1,0.1558117216236689,0.20911788681543067,-0.28187704568805205,0.5935004889353899,0.745090360257847,0.4653347750381416,19.0,26,1.204873502029611,0.02019296754166657,0.9935409255431776,48
DME_conditioned_mean_severity,RGS16,0.14824166734295363,0.278970107541828,-0.4356494782029523,0.7321328128888596,0.5313890747980111,0.6013071208291201,19.0,26,-0.10949388599758353,0.871191633059224,0.9935409255431776,49
DME_conditioned_mean_severity,NMI,0.1411391090265099,0.2590798406993867,-0.40112122956956736,0.6833994476225871,0.5447707110113411,0.5922486515587848,19.0,26,0.3337654189374255,0.6066303976356786,0.9935409255431776,50
DME_conditioned_mean_severity,GABBR1,0.13930504522830206,0.24879960429754644,-0.38143851129372014,0.6600486017503242,0.5599086285591646,0.5820835487416576,19.0,26,0.23674266580309045,0.6273988634067648,0.9935409255431776,51
DME_conditioned_mean_severity,SERPINE1,0.13840269020971535,0.2920293987507089,-0.47282186596990067,0.7496272463893314,0.473934099791997,0.6409475579189706,19.0,26,0.2421512615462764,0.6700840234109318,0.9935409255431776,52
DME_conditioned_mean_severity,ABCA1,0.13129745067426019,0.26704631849580185,-0.42763691757862327,0.6902318189271437,0.4916654586882997,0.6285877969468892,19.0,26,0.6749591006083762,0.17716734782231439,0.9935409255431776,53
DME_conditioned_mean_severity,SCN1B,0.1270826302555168,0.20699782333274566,-0.30616879319007184,0.5603340537011055,0.6139322057084317,0.5465413067216844,19.0,26,-0.03298198226680496,0.9513104943972777,0.9935409255431776,54
DME_conditioned_mean_severity,NMUR1,0.12425877230224704,0.2726199643247541,-0.4463413707413858,0.6948589153458798,0.4557948373664439,0.6537039244747633,19.0,26,-1.2132629244429454,0.1060452322781351,0.9935409255431776,55
DME_conditioned_mean_severity,IL6,0.12095445295595164,0.3635146661343925,-0.6398904873935206,0.8817993933054239,0.3327361017979792,0.7429767444830696,19.0,26,0.5680281954929479,0.615878714203627,0.9935409255431776,56
DME_conditioned_mean_severity,STAB1,0.11437503172971628,0.22263290058294197,-0.35160098449306465,0.5803510479524973,0.5137382275047251,0.6133579302588075,19.0,26,0.71203313494827,0.17948644089028526,0.9935409255431776,57
DME_conditioned_mean_severity,RASGRP1,0.11224543251506558,0.35029569375095915,-0.6209318806613222,0.8454227456914534,0.3204305234618895,0.752139304181896,19.0,26,0.2521799111125468,0.7923197194400464,0.9935409255431776,58
DME_conditioned_mean_severity,SEMA4D,0.1098958220151278,0.4781499782239887,-0.8908835840224676,1.1106752280527232,0.22983546380848577,0.820675863142684,19.0,26,0.05192744047591234,0.9537506330771601,0.9935409255431776,59
DME_conditioned_mean_severity,RHOG,0.10663052595286979,0.299820015357143,-0.5208999781826853,0.7341610300884249,0.35564845737817885,0.7260218731467669,19.0,26,0.007289485440363754,0.9923624536430531,0.9935409255431776,60
DME_conditioned_mean_severity,GPR132,0.10023453964863129,0.34888807586987625,-0.6299965954432348,0.8304656747404974,0.2872971207133358,0.7769947574476924,19.0,26,0.6448868630917668,0.3832914508386478,0.9935409255431776,61
DME_conditioned_mean_severity,OSMR,0.08641766233745168,0.226501704039422,-0.3876558525815198,0.5604911772564232,0.3815320626568484,0.7070417597273054,19.0,26,0.5740822781931832,0.24304703161892557,0.9935409255431776,62
DME_conditioned_mean_severity,RIPK2,0.0809189057606088,0.19251799989870383,-0.3220258989339459,0.48386371045516346,0.42031864970125116,0.6789680594724403,19.0,26,1.2261313636500346,0.015315287747255017,0.9935409255431776,63
DME_conditioned_mean_severity,F3,0.08045879855860887,0.2764745602636657,-0.4982091065051903,0.659126703622408,0.29101700526036706,0.7741913399064742,19.0,26,0.5754206759772255,0.29041183653828295,0.9935409255431776,64
DME_conditioned_mean_severity,MET,0.0796463312530768,0.2278389450949012,-0.39722606136155497,0.5565187238677085,0.34957294601193795,0.7305039909809286,19.0,26,1.2039056039739746,0.0031108042214338413,0.9935409255431776,65
DME_conditioned_mean_severity,RAF1,0.07858419329774109,0.2648778707497277,-0.4758115616618818,0.632979948257364,0.296680855502618,0.7699290074944491,19.0,26,0.08718092767610769,0.8867158956861005,0.9935409255431776,66
DME_conditioned_mean_severity,KLF6,0.07739637984590304,0.27242388451851457,-0.4927933634466867,0.6475861231384928,0.28410276867865086,0.7794046265684262,19.0,26,0.4748358991251563,0.365196202029917,0.9935409255431776,67
DME_conditioned_mean_severity,ADRM1,0.0766310458449696,0.29189048852142635,-0.5343027678833547,0.6875648595732939,0.26253354891125363,0.7957356298035895,19.0,26,0.4792731170076001,0.5771032315322038,0.9935409255431776,68
DME_conditioned_mean_severity,SGMS2,0.07635199085158828,0.27959092344695236,-0.5088385373171023,0.6615425190202788,0.27308465493185,0.7877343153677521,19.0,26,-0.3174079961008492,0.5734437655162585,0.9935409255431776,69
DME_conditioned_mean_severity,NDP,0.07625187126189342,0.16862843850668413,-0.27669150678990106,0.4291952493136879,0.45218868144159996,0.656253188572189,19.0,26,0.5996202369066788,0.16821789510362453,0.9935409255431776,70
DME_conditioned_mean_severity,ITGB3,0.06952648524671941,0.3410724782051519,-0.6443464159333016,0.7833993864267405,0.20384665925727338,0.8406408062693966,19.0,26,-0.2638897550012179,0.7410536872936591,0.9935409255431776,71
DME_conditioned_mean_severity,ITGA5,0.06938231701042964,0.2725529048584213,-0.5010774689570929,0.6398421029779522,0.25456458461329023,0.8017942832363649,19.0,26,0.27819172751002896,0.6464940332971688,0.9935409255431776,72
DME_conditioned_mean_severity,CD55,0.06203145683465249,0.21436463672558126,-0.386638884246478,0.510701797915783,0.2893735542493514,0.7754295045455069,19.0,26,-0.4028620507862622,0.3967837905747824,0.9935409255431776,73
DME_conditioned_mean_severity,LDLR,0.061444051369351084,0.3050857946419411,-0.5771078554744912,0.6999959582131933,0.2013992537458648,0.8425268849562143,19.0,26,-0.37121562472545905,0.5712475574556006,0.9935409255431776,74
DME_conditioned_mean_severity,LY6E,0.06046425915176519,0.2353249588035967,-0.43207654022679626,0.5530050585303267,0.256939423081888,0.7999873712793579,19.0,26,0.5598604115895589,0.37121057808811164,0.9935409255431776,75
DME_conditioned_mean_severity,CYBB,0.05892436687486354,0.20896816801842685,-0.37845103539333136,0.4962997691430584,0.28197771667150556,0.7810090708451888,19.0,26,1.2958005353582642,0.06104330728248062,0.9935409255431776,76
DME_conditioned_mean_severity,LIF,0.058920526454356636,0.23306710250570348,-0.4288945253813171,0.5467355782900304,0.25280498972571547,0.8031338228167788,19.0,26,0.45136549908677476,0.4076675625525059,0.9935409255431776,77
DME_conditioned_mean_severity,TIMP1,0.05857552778598833,0.3285117687086119,-0.62900750627734,0.7461585618493166,0.17830572102865666,0.860370299468762,19.0,26,1.2597526142277102,0.08550782307634582,0.9935409255431776,78
DME_conditioned_mean_severity,SCARF1,0.058488545910403235,0.2914278659740037,-0.551476987698054,0.6684540795188604,0.20069647669046375,0.8430686569726821,19.0,26,0.15192326321897145,0.8161443440200736,0.9935409255431776,79
DME_conditioned_mean_severity,EBI3,0.057025401289944065,0.3288953171959677,-0.631360408983452,0.7454112115633401,0.17338465556797902,0.8641829307963745,19.0,26,0.9598567788694031,0.37463821406811626,0.9935409255431776,80
DME_conditioned_mean_severity,PCDH7,0.05658049851366421,0.26885457441161664,-0.5061385928675457,0.6192995898948741,0.21045019835533615,0.8355567890931781,19.0,26,0.08069307104410578,0.8858208186130244,0.9935409255431776,81
DME_conditioned_mean_severity,TPBG,0.04927040905933375,0.27686193411478305,-0.5302082787929028,0.6287490969115703,0.17796021405711532,0.8606378699039828,19.0,26,0.8097973662307187,0.12478574784956929,0.9935409255431776,82
DME_conditioned_mean_severity,AHR,0.04718935533352582,0.1535498939356446,-0.2741942662256158,0.36857297689266744,0.30732261758060014,0.761940925735304,19.0,26,0.23448815196511005,0.4572657088023263,0.9935409255431776,83
DME_conditioned_mean_severity,KIF1B,0.044479423271869836,0.328744054033384,-0.6435897895636927,0.7325486361074324,0.13530107305713562,0.8937969661649974,19.0,26,-1.2687423368726323,0.18164891244639336,0.9935409255431776,84
DME_conditioned_mean_severity,KCNMB2,0.03149233072487322,0.35654198227945566,-0.7147586145924321,0.7777432760421785,0.0883271319790602,0.9305410215999912,19.0,26,0.04515588107860885,0.9503450643033318,0.9935409255431776,85
DME_conditioned_mean_severity,PTPRE,0.031118634169642428,0.3053846637386556,-0.6080588128827425,0.6702960812220274,0.10189979348888774,0.9199039397647171,19.0,26,0.14681279762596822,0.8277305633237879,0.9935409255431776,86
DME_conditioned_mean_severity,IL18R1,0.018219839555589024,0.3701894196777604,-0.7565955205173991,0.7930351996285772,0.04921761289517374,0.9612595814059266,19.0,26,-0.08132406209517229,0.9254043579590903,0.9935409255431776,87
DME_conditioned_mean_severity,GNAI3,0.00971189365906329,0.26371765289290855,-0.5422554974178831,0.5616792847360098,0.03682686218585121,0.971007231647826,19.0,26,-0.17338604676942146,0.7478612370041622,0.9935409255431776,88
DME_conditioned_mean_severity,TLR3,0.0046073738781615,0.28460550318835076,-0.5910787903120243,0.6002935380683472,0.016188632428208383,0.9872526918372081,19.0,26,0.9626364539928901,0.10186394567654404,0.9935409255431776,89
DME_conditioned_mean_severity,NFKBIA,0.0010586169720960478,0.40807576996975603,-0.8530537855957764,0.8551710195399685,0.002594167676690301,0.9979572001329761,19.0,26,1.0213005705931049,0.2708621975699701,0.9979572001329761,90
DME_conditioned_mean_severity,ADORA2B,-0.005303039271284159,0.2567291618369738,-0.5426433504641422,0.5320372719215739,-0.02065616244504259,0.9837353237855869,19.0,26,0.1259363200150447,0.843310418981447,0.9935409255431776,91
DME_conditioned_mean_severity,IL1B,-0.005925260377767132,0.24701673430202942,-0.5229372271132894,0.5110867063577552,-0.023987283268518424,0.9811128897344916,19.0,26,1.0439474516437832,0.19464601667311987,0.9935409255431776,92
DME_conditioned_mean_severity,TNFSF9,-0.013642914058391069,0.20369147421603467,-0.43997406927043214,0.41268824115365,-0.0669783264660426,0.9472987508757992,19.0,26,-0.2855578260273777,0.5246584804984049,0.9935409255431776,93
DME_conditioned_mean_severity,LYN,-0.014931843160438357,0.2268294452459112,-0.4896913283082125,0.45982764198733583,-0.06582850451470439,0.9482020905633441,19.0,26,1.2257655419564921,0.025671596882438506,0.9935409255431776,94
DME_conditioned_mean_severity,BST2,-0.015305708095289507,0.1673087556029919,-0.36548695808546483,0.3348755418948858,-0.0914818118162837,0.928067383010059,19.0,26,1.1866967805480169,0.06625685283880806,0.9935409255431776,95
DME_conditioned_mean_severity,TAPBP,-0.01657036266732962,0.2859573613752856,-0.6150859985609187,0.5819452732262596,-0.057946970092450104,0.9543959666084566,19.0,26,0.26089332421187045,0.7822712323023742,0.9935409255431776,96
DME_conditioned_mean_severity,SLC11A2,-0.01661955510658846,0.40758461070217167,-0.8697039495128612,0.8364648392996844,-0.04077571790052845,0.9679001322826164,19.0,26,-0.22884430647672976,0.8096902188494198,0.9935409255431776,97
DME_conditioned_mean_severity,OSM,-0.017757187334623253,0.2689273797522331,-0.5806286620450327,0.5451142873757862,-0.06602967444587912,0.9480440393146881,19.0,26,1.130891529560985,0.1479334654422809,0.9935409255431776,98
DME_conditioned_mean_severity,LCP2,-0.022631960512035323,0.28449885175414447,-0.6180949006849902,0.5728309796609196,-0.07955027014166369,0.9374268455680946,19.0,26,0.6713766644637923,0.2120908782531029,0.9935409255431776,99
DME_conditioned_mean_severity,CSF1,-0.022681611082843202,0.25966584801466025,-0.5661684770858472,0.5208052549201608,-0.08734922692476155,0.9313079622050208,19.0,26,1.1725772628390756,0.019652030081904068,0.9935409255431776,100
DME_conditioned_mean_severity,RNF144B,-0.025852644769052503,0.24346323209951057,-0.53542704591731,0.48372175637920506,-0.1061870597301763,0.9165470679342171,19.0,26,0.5204913733920185,0.36207948306161286,0.9935409255431776,101
DME_conditioned_mean_severity,TACR3,-0.029589465915303603,0.2552474777999815,-0.563828576777704,0.5046496449470967,-0.11592461626003085,0.9089287639525456,19.0,26,0.495058996795392,0.3918490156983355,0.9935409255431776,102
DME_conditioned_mean_severity,BTG2,-0.030496316722878634,0.27369002662469927,-0.6033361259000122,0.5423434924542548,-0.11142648162586163,0.912446859865073,19.0,26,0.25370170241011963,0.6961741863788461,0.9935409255431776,103
DME_conditioned_mean_severity,PTAFR,-0.031262983329564994,0.23468135771975615,-0.5224567101582049,0.4599307434990749,-0.13321460056873186,0.8954244725582807,19.0,26,0.9601646598833411,0.08948865950004999,0.9935409255431776,104
DME_conditioned_mean_severity,CLEC5A,-0.041705967017506944,0.19441885673339504,-0.44862931079105667,0.36521737675604277,-0.2145160593897432,0.8324301858990728,19.0,26,1.6088826966986638,0.01095455115044309,0.9935409255431776,105
DME_conditioned_mean_severity,P2RX7,-0.051291954502356164,0.3718659373292845,-0.8296163063476243,0.727032397342912,-0.13793130629476696,0.891746000560206,19.0,26,1.0529468308844434,0.13306631905889504,0.9935409255431776,106
DME_conditioned_mean_severity,IFNAR1,-0.052078589551000296,0.3142396629607882,-0.7097897629770753,0.6056325838750747,-0.16572888686396925,0.870121058544202,19.0,26,-0.05519123228036174,0.9301224812577362,0.9935409255431776,107
DME_conditioned_mean_severity,MXD1,-0.05506334591628925,0.24347154851003439,-0.5646551535118195,0.454528461679241,-0.22615926276913575,0.8234926987668966,19.0,26,0.11835986415975483,0.8110504737079567,0.9935409255431776,108
DME_conditioned_mean_severity,ATP2A2,-0.05848408699525762,0.22767628736372064,-0.535016033065893,0.4180478590753778,-0.2568738610087545,0.8000372391538164,19.0,26,-0.17901934356119692,0.7590110915167336,0.9935409255431776,109
DME_conditioned_mean_severity,EIF2AK2,-0.0586217037982956,0.24254734749756393,-0.5662791364436167,0.44903572884702553,-0.24169179503760344,0.8116083252104331,19.0,26,0.6322063299557912,0.3588985812722878,0.9935409255431776,110
DME_conditioned_mean_severity,SRI,-0.06045184869457529,0.31591473397978764,-0.7216689860562583,0.6007652886671077,-0.19135495180304893,0.8502775746859306,19.0,26,0.37828463612423835,0.6835290611858855,0.9935409255431776,111
DME_conditioned_mean_severity,PDPN,-0.07444583220794876,0.3006145992506021,-0.7036394195457591,0.5547477551298616,-0.2476454317040281,0.8070652668571201,19.0,26,1.2242305933475355,0.11067329329549123,0.9935409255431776,112
DME_conditioned_mean_severity,SLC7A1,-0.0826048757107892,0.23332579934467126,-0.5709613862532219,0.40575163483164345,-0.3540323270842605,0.7272131677197109,19.0,26,-0.27777492811189436,0.6238738889657662,0.9935409255431776,113
DME_conditioned_mean_severity,EMP3,-0.08319419266317249,0.26872821892611004,-0.6456488189738107,0.4792604336474656,-0.30958487722514805,0.7602462861446262,19.0,26,0.926457244555329,0.19758096509994538,0.9935409255431776,114
DME_conditioned_mean_severity,INHBA,-0.08392540474678187,0.29747010408422925,-0.7065374880624034,0.5386866785688396,-0.28213055226221395,0.7808936440886791,19.0,26,0.2792513861197228,0.6177543530261769,0.9935409255431776,115
DME_conditioned_mean_severity,TACR1,-0.08464909396463759,0.37302822150038845,-0.8654061345380842,0.696107946608809,-0.22692410141024527,0.8229064483917575,19.0,26,0.23795576070395308,0.7835731251677444,0.9935409255431776,116
DME_conditioned_mean_severity,ATP2B1,-0.08615440958965974,0.33309074571790875,-0.7833213526780288,0.6110125334987094,-0.2586514656958469,0.7986854686756597,19.0,26,-0.31983539144544937,0.6250174611242041,0.9935409255431776,117
DME_conditioned_mean_severity,ABI1,-0.08824325019119904,0.28328836915509203,-0.6811726211668945,0.5046861207844964,-0.3114961989240316,0.7588154992886873,19.0,26,0.9248769350765186,0.19624348969922797,0.9935409255431776,118
DME_conditioned_mean_severity,CXCL8,-0.0900722475304816,0.3531810065045594,-0.8292885897046457,0.6491440946436825,-0.2550314027980403,0.8014390106241666,19.0,26,0.4088256059120688,0.6255910586555866,0.9935409255431776,119
DME_conditioned_mean_severity,PDE4B,-0.09127444413644378,0.3265585779474083,-0.7747694029537251,0.5922205146808375,-0.2795040470538287,0.7828779956139232,19.0,26,0.6417006673830008,0.30302636525033255,0.9935409255431776,120
DME_conditioned_mean_severity,ICOSLG,-0.10758868611170495,0.24722990863111285,-0.6250468318457811,0.40986945962237126,-0.4351766608959761,0.6683373156283232,19.0,26,1.2927990499433386,0.0178094737990153,0.9935409255431776,121
DME_conditioned_mean_severity,CHST2,-0.1077558598723716,0.2388179846293317,-0.6076076463268657,0.39209592658212244,-0.4512049628072148,0.6569493523488492,19.0,26,0.7348381125675594,0.18326210605188606,0.9935409255431776,122
DME_conditioned_mean_severity,GCH1,-0.11037338086470086,0.29163907813980827,-0.7207809866167706,0.5000342248873689,-0.37845881823762034,0.7092853546085762,19.0,26,0.2769903410803226,0.688084404025394,0.9935409255431776,123
DME_conditioned_mean_severity,AQP9,-0.11096610393534666,0.22245883865361354,-0.5765778043530865,0.3546455964823932,-0.498816341067616,0.6236346112045592,19.0,26,0.6947512595431442,0.27289883666622944,0.9935409255431776,124
DME_conditioned_mean_severity,FZD5,-0.11460452367408819,0.28831070832259803,-0.7180457713367705,0.48883672398859407,-0.39750352784626486,0.6954265699769893,19.0,26,1.2723477521737583,0.032754767694623925,0.9935409255431776,125
DME_conditioned_mean_severity,CXCR6,-0.11525702770251874,0.34838908447648764,-0.8444437618050797,0.6139297064000422,-0.33082846977169655,0.744394606309205,19.0,26,-0.32280711504233794,0.6377819861501502,0.9935409255431776,126
DME_conditioned_mean_severity,ACVR2A,-0.11541035232425736,0.29828513205330087,-0.7397283087841613,0.5089076041356466,-0.3869128559301929,0.7031201841630828,19.0,26,0.1665127148625925,0.7666179527195598,0.9935409255431776,127
DME_conditioned_mean_severity,IRF1,-0.12436798749028213,0.28928619637955233,-0.7298509551209577,0.48111498014039344,-0.4299133143812625,0.6720951147080627,19.0,26,0.32011382004699857,0.5891257328992087,0.9935409255431776,128
DME_conditioned_mean_severity,VIP,-0.1254445991652685,0.23575611238334643,-0.6188878133573903,0.3679986150268533,-0.5320947902351387,0.600827713885121,19.0,26,-0.044454706228800434,0.9394822191844122,0.9935409255431776,129
DME_conditioned_mean_severity,SLC7A2,-0.13086736081164535,0.43796323519464875,-1.0475349470205086,0.785800225397218,-0.2988090101980422,0.7683293949529408,19.0,26,-0.5934430376401075,0.44449253487821094,0.9935409255431776,130
DME_conditioned_mean_severity,CCL2,-0.1360317452930474,0.26247146720201975,-0.6853908397427042,0.4133273491566094,-0.5182725068868005,0.6102512411756205,19.0,26,0.15133261072789314,0.7779705780249264,0.9935409255431776,131
DME_conditioned_mean_severity,IRAK2,-0.13934884658109437,0.3369439903295852,-0.8445807233292214,0.5658830301670327,-0.41356679620487924,0.683822010065064,19.0,26,0.5509832091274067,0.2862427279002594,0.9935409255431776,132
DME_conditioned_mean_severity,NAMPT,-0.14081952390001662,0.3209957726154987,-0.8126713973476206,0.5310323495475874,-0.4386958829787947,0.6658297381774241,19.0,26,-0.434840885510007,0.6451349711297323,0.9935409255431776,133
DME_conditioned_mean_severity,SPHK1,-0.14211351064497102,0.28456113778087216,-0.7377068169701204,0.4534797956801784,-0.4994129267026135,0.6232222010775502,19.0,26,0.4822771830491931,0.4251996974102913,0.9935409255431776,134
DME_conditioned_mean_severity,IL1R1,-0.15653076437427202,0.20825522747118114,-0.5924139649277186,0.2793524361791746,-0.751629460998443,0.4614836813732843,19.0,26,0.8030127419697751,0.0928038107534529,0.9935409255431776,135
DME_conditioned_mean_severity,HBEGF,-0.16012852032469496,0.18250931335978945,-0.5421249033402696,0.22186786269087974,-0.8773717755927658,0.3912440805219639,19.0,26,1.1706280669774556,0.007963728108749128,0.9935409255431776,136
DME_conditioned_mean_severity,ATP2C1,-0.16309383295627528,0.27027405868898663,-0.7287839390748749,0.4025962731623243,-0.6034387234475684,0.5533533104885271,19.0,26,0.6243548848716063,0.35857035993744424,0.9935409255431776,137
DME_conditioned_mean_severity,RELA,-0.16518394422948968,0.2950704556539724,-0.7827735056584605,0.45240561719948114,-0.5598118722641621,0.5821482401185842,19.0,26,0.30394118071084075,0.654574874291088,0.9935409255431776,138
DME_conditioned_mean_severity,EDN1,-0.17972301073113123,0.32871824248768794,-0.8677381993806703,0.508292177918408,-0.5467387796035162,0.5909221260243946,19.0,26,0.7953913114765507,0.39665659289366106,0.9935409255431776,139
DME_conditioned_mean_severity,MYC,-0.1822453420750881,0.24090857724072354,-0.6864727891531935,0.32198210500301727,-0.7564917121775317,0.45863264776271784,19.0,26,0.7530728104945095,0.1920603388586282,0.9935409255431776,140
DME_conditioned_mean_severity,SLC1A2,-0.18900777308734507,0.30013953587497666,-0.817207041352603,0.4391914951779129,-0.6297330091363784,0.5363692826655436,19.0,26,-0.686953291445856,0.3181368836341153,0.9935409255431776,141
DME_conditioned_mean_severity,IL18,-0.20118193754713454,0.2491895762906639,-0.7227417148312971,0.32037783973702805,-0.8073449160348044,0.4294595546457076,19.0,26,-0.46709941652248865,0.4870283886458776,0.9935409255431776,142
DME_conditioned_mean_severity,KCNA3,-0.22361436152840478,0.297337106243169,-0.8459480771635027,0.39871935410669324,-0.7520566953575175,0.46123273989269675,19.0,26,1.1729713414299878,0.07670425234071514,0.9935409255431776,143
DME_conditioned_mean_severity,IL15,-0.2462264608233794,0.23058513025253535,-0.7288466850307984,0.23639376338403956,-1.0678332143695206,0.298976182565036,19.0,26,1.549622275836931,0.02830978380498692,0.9935409255431776,144
DME_conditioned_mean_severity,HRH1,-0.24927386652178643,0.2345006860708545,-0.7400894432433256,0.24154171019975276,-1.0629984530043899,0.301107259772202,19.0,26,1.1608401893687463,0.026665660072695583,0.9935409255431776,145
DME_conditioned_mean_severity,SELENOS,-0.24951848705828247,0.4294735815275578,-1.1484170239283291,0.6493800498117642,-0.5809868122057509,0.5680778446912964,19.0,26,0.8729398807837437,0.39757096155635474,0.9935409255431776,146
DME_conditioned_mean_severity,CALCRL,-0.25063238714031694,0.2849562066830566,-0.847052582180887,0.34578780790025315,-0.8795470365700213,0.39009371057640796,19.0,26,-0.14897198009858154,0.8059570826175008,0.9935409255431776,147
DME_conditioned_mean_severity,PVR,-0.25428592823625706,0.2545348432673284,-0.7870334778798125,0.27846162140729835,-0.9990220787540278,0.33033809781708157,19.0,26,0.9526935431983898,0.19879344374758012,0.9935409255431776,148
DME_conditioned_mean_severity,LAMP3,-0.2708571888319929,0.32753761216199195,-0.9564012898104866,0.4146869121465007,-0.8269498792646558,0.41853040949238074,19.0,26,0.4174879307347253,0.4914683643628909,0.9935409255431776,149
DME_conditioned_mean_severity,MEFV,-0.2759825612169647,0.2531633975379509,-0.8058596419596176,0.25389451952568826,-1.090136109330706,0.28928634972002154,19.0,26,0.25677536792060385,0.6158015379136037,0.9935409255431776,150
DME_conditioned_mean_severity,IFITM1,-0.2764789033069594,0.3392301564668897,-0.9864957807728383,0.43353797415891954,-0.8150186474767166,0.42516049180362425,19.0,26,0.62484265324865,0.3580564173200529,0.9935409255431776,151
DME_conditioned_mean_severity,C5AR1,-0.3059281994550567,0.21532154630479997,-0.7566013753033857,0.14474497639327222,-1.4207969648425145,0.17158002552733354,19.0,26,0.6207693792345357,0.0845397257944141,0.9935409255431776,152
DME_conditioned_mean_severity,NFKB1,-0.317041503934535,0.2270445117097715,-0.7922511283644653,0.15816812049539525,-1.396384794977144,0.17869990205509506,19.0,26,1.4485625721053272,0.02159658772491022,0.9935409255431776,153
DME_conditioned_mean_severity,IRF7,-0.3225702022719723,0.2584591679903073,-0.8635314579580317,0.21839105341408704,-1.248050919532749,0.22717456804122235,19.0,26,0.3804629560717787,0.4313160562476279,0.9935409255431776,154
DME_conditioned_mean_severity,KCNJ2,-0.3311282690271342,0.20595971085962583,-0.7622068980953018,0.09995036004103341,-1.6077332194975669,0.12438452672124822,19.0,26,0.4672322769186499,0.21935452666999095,0.9935409255431776,155
DME_conditioned_mean_severity,GNA15,-0.3714813236517181,0.26629498133475954,-0.9288431251535691,0.185880477850133,-1.394999341668887,0.1791109946231996,19.0,26,1.4714666459128845,0.029267167356479943,0.9935409255431776,156
DME_conditioned_mean_severity,LPAR1,-0.4020688328718574,0.27528919609183666,-0.9782557422107847,0.17411807646706995,-1.4605325547818702,0.16048333071199286,19.0,26,0.916790101528429,0.08697367389449924,0.9935409255431776,157
DME_conditioned_mean_severity,PTGER4,-0.5407363401548996,0.2533499146829064,-1.0710038057685038,-0.010468874541295303,-2.134345854553324,0.046061518167684314,19.0,26,1.404144701128969,0.0011222949611898229,0.9935409255431776,158
total_worst_eye_severity,P2RX4,0.6871996458638956,0.18152426058784404,0.3085466734856944,1.0658526182420966,3.785717918026405,0.001160557089220561,20.0,26,,,0.18336802009684866,1
total_worst_eye_severity,TLR2,0.6296451750377717,0.23102146189757708,0.1477428499855088,1.1115475000900346,2.7254834674924,0.013029668173679962,20.0,26,,,0.30625534806539134,2
total_worst_eye_severity,CD82,0.5632525575503008,0.2080721231643049,0.12922171423456563,0.997283400866036,2.707006344648708,0.01356827491428949,20.0,26,,,0.30625534806539134,3
total_worst_eye_severity,NLRP3,0.531904283115906,0.16433652714114505,0.1891042944488674,0.8747042717829445,3.2366771549155655,0.004134792409351102,20.0,26,,,0.2166388065874107,4
total_worst_eye_severity,OPRK1,0.525185959855095,0.18074014129522895,0.14816863165958488,0.902203288050605,2.9057516282297966,0.008741043503685562,20.0,26,,,0.2762169747164638,5
total_worst_eye_severity,FPR1,0.5188852872363019,0.16669927407936055,0.17115669482100648,0.8666138796515973,3.1127027403207292,0.005484526749048372,20.0,26,,,0.2166388065874107,6
total_worst_eye_severity,IFNGR2,0.5152818192474701,0.3216017929765022,-0.15556776547666828,1.1861314039716084,1.6022355300895945,0.12478051860120369,20.0,26,,,0.9493898021538104,7
total_worst_eye_severity,IL10RA,0.5114480325818421,0.15851741944465936,0.180786489865376,0.8421095752983083,3.2264468748836515,0.0042326530269445346,20.0,26,,,0.2166388065874107,8
total_worst_eye_severity,AXL,0.5037638021568625,0.2517276287249078,-0.021330830030200754,1.0288584343439258,2.0012257085509835,0.059123292084321856,20.0,26,,,0.718575396101758,9
total_worst_eye_severity,CSF3R,0.48987421747383086,0.21324666941839793,0.04504945981587133,0.9346989751317905,2.2972186098376026,0.0325343980648918,20.0,26,,,0.5575046784454973,10
total_worst_eye_severity,PIK3R5,0.4891945732889499,0.22917344088348165,0.011147152521869153,0.9672419940560306,2.1346041295320535,0.04535589101097119,20.0,26,,,0.6514755254303135,11
total_worst_eye_severity,P2RY2,0.4763554589027295,0.23219198352368348,-0.007988531475825567,0.9606994492812846,2.051558592478889,0.05353945605245227,20.0,26,,,0.7049361713572883,12
total_worst_eye_severity,CD14,0.45911659234861657,0.20333656750050763,0.034963945050055234,0.883269239647178,2.257914540371448,0.035285106230727684,20.0,26,,,0.5575046784454973,13
total_worst_eye_severity,SLC31A1,0.44660764419105,0.31002746832960637,-0.20009832239287567,1.0933136107749757,1.4405421771087654,0.16518652821043275,20.0,26,,,0.9493898021538104,14
total_worst_eye_severity,SLC4A4,0.4456655834532415,0.19099234899267467,0.047262524747082146,0.8440686421594008,2.333421133379194,0.030176911733220502,20.0,26,,,0.5575046784454973,15
total_worst_eye_severity,TNFSF10,0.43314579749577453,0.26549949427271796,-0.12067644282468037,0.9869680378162294,1.6314373731004257,0.11844521019472709,20.0,26,,,0.9493898021538104,16
total_worst_eye_severity,TLR1,0.4322482819931648,0.2677413949218472,-0.12625048113377524,0.9907470451201048,1.6144245536605821,0.1221023234994754,20.0,26,,,0.9493898021538104,17
total_worst_eye_severity,CD40,0.4237841563979289,0.2918815163912862,-0.1850700177268182,1.0326383305226758,1.4519047373654816,0.16203566251092422,20.0,26,,,0.9493898021538104,18
total_worst_eye_severity,HPN,0.4177053951667463,0.23127833419601784,-0.06473275611067925,0.9001435464441718,1.806072309448251,0.08598055804435391,20.0,26,,,0.9056618780671944,19
total_worst_eye_severity,C3AR1,0.4173391999214797,0.2806862789247838,-0.1681621180646824,1.0028405179076418,1.486852871897294,0.15264952995617692,20.0,26,,,0.9493898021538104,20
total_worst_eye_severity,OLR1,0.4088261469384921,0.22117547830078457,-0.05253781622848264,0.8701901101054669,1.8484243826637716,0.07938215974164244,20.0,26,,,0.8958843742271075,21
total_worst_eye_severity,NOD2,0.40784479199749435,0.24984489985027927,-0.1133225365759819,0.9290121205709706,1.6323919049053923,0.11824278848977639,20.0,26,,,0.9493898021538104,22
total_worst_eye_severity,ITGB8,0.4009830617467607,0.24075040374948412,-0.10121348038915512,0.9031796038826765,1.6655550956583596,0.1113893642620538,20.0,26,,,0.9493898021538104,23
total_worst_eye_severity,PLAUR,0.36611639306858523,0.27831672964403414,-0.214442131731438,0.9466749178686085,1.315466711386148,0.20323497436947577,20.0,26,,,0.9493898021538104,24
total_worst_eye_severity,SLC31A2,0.34750211172984913,0.2714961892559222,-0.21882901512997233,0.9138332385896706,1.2799520784517566,0.21521007484300425,20.0,26,,,0.9493898021538104,25
total_worst_eye_severity,CMKLR1,0.33707901205198687,0.25239583751111994,-0.1894094792382568,0.8635675033422305,1.3355173182566293,0.19670836872132652,20.0,26,,,0.9493898021538104,26
total_worst_eye_severity,RGS1,0.3241141995357435,0.27640048393632793,-0.25244710676202453,0.9006755058335115,1.1726252968877109,0.2547243549293109,20.0,26,,,0.9493898021538104,27
total_worst_eye_severity,BEST1,0.323200098173638,0.29798238635657043,-0.29838026769521403,0.9447804640424899,1.0846281960669033,0.29098839357563067,20.0,26,,,0.9493898021538104,28
total_worst_eye_severity,DCBLD2,0.3135058867378482,0.21482004564416746,-0.1346008762158637,0.7616126496915601,1.4593884187937753,0.15998720674405628,20.0,26,,,0.9493898021538104,29
total_worst_eye_severity,ACVR1B,0.30796966337647275,0.2736372906402196,-0.2628277227078833,0.8787670494608288,1.125466717843635,0.27371653885173697,20.0,26,,,0.9493898021538104,30
total_worst_eye_severity,MSR1,0.3069981966445689,0.252587861916689,-0.21989085053667484,0.8338872438258127,1.2154115178576,0.2383623583281857,20.0,26,,,0.9493898021538104,31
total_worst_eye_severity,APLNR,0.3056943848829965,0.3154793008182157,-0.3523839049927845,0.9637726747587775,0.9689839684890851,0.3441262374908397,20.0,26,,,0.9706478537793354,32
total_worst_eye_severity,GPC3,0.3040046675488452,0.27985800690278223,-0.2797689052750287,0.887778240372719,1.0862818288220393,0.290274012428847,20.0,26,,,0.9493898021538104,33
total_worst_eye_severity,PTGER2,0.2949906705675345,0.22827621610417617,-0.18118517210593388,0.7711665132410028,1.2922531992247168,0.21100172091950717,20.0,26,,,0.9493898021538104,34
total_worst_eye_severity,HIF1A,0.286038343065914,0.2656620115083183,-0.268122902267554,0.840199588399382,1.076700208064779,0.2944310145920045,20.0,26,,,0.9493898021538104,35
total_worst_eye_severity,MET,0.2729072743665908,0.25299470016239084,-0.2548304225241367,0.8006449712573183,1.0787074756562829,0.29355661912193337,20.0,26,,,0.9493898021538104,36
total_worst_eye_severity,RIPK2,0.27263676899201866,0.21543987026169212,-0.17676292545756517,0.7220364634416025,1.2654889211586053,0.22024100301574204,20.0,26,,,0.9493898021538104,37
total_worst_eye_severity,CDKN1A,0.27159606554201815,0.22560240972456874,-0.19900231475852292,0.7421944458425592,1.2038704102212459,0.24269525984748447,20.0,26,,,0.9493898021538104,38
total_worst_eye_severity,SELL,0.27063318538613845,0.19195945281601542,-0.12978721654522074,0.6710535873174976,1.4098455763234974,0.17394727481164,20.0,26,,,0.9493898021538104,39
total_worst_eye_severity,GPR183,0.26823401301776023,0.2732258095053971,-0.3017050384601166,0.8381730644956371,0.9817301429294941,0.3379604481751739,20.0,26,,,0.9706478537793354,40
total_worst_eye_severity,TIMP1,0.2631026714222826,0.30911578033407,-0.38170154732764305,0.9079068901722083,0.8511460370542722,0.4047642132995266,20.0,26,,,0.9706478537793354,41
total_worst_eye_severity,CYBB,0.2593142090641484,0.20182402508059036,-0.16168333003402646,0.6803117481623233,1.2848530246119194,0.21352566559339764,20.0,26,,,0.9493898021538104,42
total_worst_eye_severity,TNFRSF1B,0.24782481193029157,0.17622045029642006,-0.11976460604876679,0.6154142299093499,1.4063340067138972,0.17497286948353274,20.0,26,,,0.9493898021538104,43
total_worst_eye_severity,ABCA1,0.2409489125500581,0.2848496894413663,-0.3532371275896572,0.8351349526897734,0.8458809030917172,0.40762609057006327,20.0,26,,,0.9706478537793354,44
total_worst_eye_severity,MMP14,0.23317051557188107,0.2259589152195673,-0.2381715221599764,0.7045125533037385,1.0319155380317973,0.31442968217612943,20.0,26,,,0.9706478537793354,45
total_worst_eye_severity,STAB1,0.22055278495584288,0.18374391431170606,-0.16273030395592195,0.6038358738676077,1.2003270191669786,0.24403745442381075,20.0,26,,,0.9493898021538104,46
total_worst_eye_severity,CLEC5A,0.21473262341181742,0.2145297728567115,-0.23276864111752532,0.6622338879411602,1.0009455589888747,0.32881039803882883,20.0,26,,,0.9706478537793354,47
total_worst_eye_severity,NMI,0.20329203562210513,0.23639104091005964,-0.28981103497740224,0.6963951062216125,0.8599819808714841,0.39999055955283647,20.0,26,,,0.9706478537793354,48
total_worst_eye_severity,CX3CL1,0.20086734729181233,0.2517095081974518,-0.32418948613733256,0.7259241807209572,0.7980125531620494,0.43423683935548385,20.0,26,,,0.9706478537793354,49
total_worst_eye_severity,IL6,0.19833068703813,0.25757058076878364,-0.33895212953658543,0.7356135036128455,0.7700052018602536,0.450296783841003,20.0,26,,,0.9706478537793354,50
total_worst_eye_severity,IL4R,0.19801021343833888,0.20538123447872564,-0.2304075344386167,0.6264279613152944,0.9641105427226835,0.3465039980576923,20.0,26,,,0.9706478537793354,51
total_worst_eye_severity,EBI3,0.19555435176565902,0.26440289711373566,-0.35598042696478327,0.7470891304961014,0.7396074471965384,0.46813137339886857,20.0,26,,,0.9706478537793354,52
total_worst_eye_severity,GPR132,0.19203944992462166,0.356069620546271,-0.5507087632167161,0.9347876630659594,0.5393311836881807,0.5956121953401544,20.0,26,,,0.9706478537793354,53
total_worst_eye_severity,BST2,0.18776386054768712,0.2527784545562564,-0.33952275591301206,0.7150504770083863,0.7428000969358718,0.4662386265734738,20.0,26,,,0.9706478537793354,54
total_worst_eye_severity,SELE,0.18321370641492626,0.16809206387689218,-0.1674201946077449,0.5338476074375974,1.089960478735682,0.2886893680606343,20.0,26,,,0.9493898021538104,55
total_worst_eye_severity,IL15RA,0.18119423517590733,0.34841450890377584,-0.5455856948944464,0.907974165246261,0.5200536445683697,0.6087351876945646,20.0,26,,,0.9715167641994061,56
total_worst_eye_severity,GABBR1,0.18036898163981596,0.21338907248604086,-0.2647528236120253,0.6254907868916573,0.8452587545297806,0.40796511688799775,20.0,26,,,0.9706478537793354,57
total_worst_eye_severity,PSEN1,0.1785547753126654,0.2115325434255173,-0.2626943781801369,0.6198039288054678,0.8441007346727067,0.40859663601883156,20.0,26,,,0.9706478537793354,58
total_worst_eye_severity,NFKBIA,0.17797020181976803,0.4020045380312254,-0.6605965701483569,1.0165369737878929,0.4427069472682031,0.662728698287471,20.0,26,,,0.9915346633959745,59
total_worst_eye_severity,ADM,0.17737556631445708,0.2480310076287131,-0.34000804938755225,0.6947591820164664,0.7151346438908848,0.4827912631365775,20.0,26,,,0.9706478537793354,60
total_worst_eye_severity,NDP,0.17462577853559164,0.14723829963120946,-0.13250793253268617,0.48175948960386944,1.1860078456011791,0.24951855033055262,20.0,26,,,0.9493898021538104,61
total_worst_eye_severity,ICAM1,0.1740377226134893,0.21355998896809003,-0.27144060817244176,0.6195160533994204,0.8149359973955321,0.42470741192686146,20.0,26,,,0.9706478537793354,62
total_worst_eye_severity,SERPINE1,0.1732677340183213,0.2790629100636554,-0.40884729586209745,0.75538276389874,0.6208913036089182,0.5416831508959066,20.0,26,,,0.9706478537793354,63
total_worst_eye_severity,TPBG,0.17262155405684765,0.22971410233825165,-0.3065536667422289,0.6517967748559241,0.7514625889300613,0.46112620873664445,20.0,26,,,0.9706478537793354,64
total_worst_eye_severity,OSMR,0.17195059568108745,0.1892699372024682,-0.2228595749895615,0.5667607663517364,0.9084939648769804,0.3744352121854505,20.0,26,,,0.9706478537793354,65
total_worst_eye_severity,LYN,0.1718737088440736,0.2632541525589978,-0.3772648307349399,0.7210122484230871,0.652881282871901,0.5212677256328702,20.0,26,,,0.9706478537793354,66
total_worst_eye_severity,ADRM1,0.16788771908842975,0.27814743404744,-0.41231766128531505,0.7480930994621746,0.6035925503443448,0.5528994856342572,20.0,26,,,0.9706478537793354,67
total_worst_eye_severity,F3,0.16693829577326466,0.2479252173253833,-0.3502246452229235,0.6841012367694529,0.6733413308020645,0.5084371787036426,20.0,26,,,0.9706478537793354,68
total_worst_eye_severity,CSF1,0.16602711953220517,0.22845052937474533,-0.31051233425204383,0.6425665733164542,0.7267530523418392,0.47579823506047947,20.0,26,,,0.9706478537793354,69
total_worst_eye_severity,LY6E,0.1590504027931272,0.2266812571519391,-0.3137984138060852,0.6318992193923396,0.7016477885797126,0.49098378980823587,20.0,26,,,0.9706478537793354,70
total_worst_eye_severity,TLR3,0.15567504679248534,0.28887546772220346,-0.446908619687853,0.7582587132728237,0.538900198137247,0.5959040621303515,20.0,26,,,0.9706478537793354,71
total_worst_eye_severity,NPFFR2,0.15530150264138357,0.2772061874913607,-0.42294047182151506,0.7335434771042821,0.5602382257294442,0.5815387952576537,20.0,26,,,0.9706478537793354,72
total_worst_eye_severity,OSM,0.15197812549832118,0.2536928098804293,-0.3772158027464156,0.6811720537430579,0.5990635902135012,0.555856156039914,20.0,26,,,0.9706478537793354,73
total_worst_eye_severity,IL1B,0.14888894442578257,0.22037884108617564,-0.31081326263078635,0.6085911514823514,0.6756045348634986,0.5070289379509616,20.0,26,,,0.9706478537793354,74
total_worst_eye_severity,KLF6,0.14851757614191533,0.24220930319652292,-0.35672217691375985,0.6537573291975904,0.6131786606950091,0.546668820252215,20.0,26,,,0.9706478537793354,75
total_worst_eye_severity,RASGRP1,0.14288044651235368,0.24301125238092453,-0.3640321432285478,0.6497930362532551,0.587958150548461,0.5631411853731738,20.0,26,,,0.9706478537793354,76
total_worst_eye_severity,SCN1B,0.12932534164839504,0.18500663868765704,-0.2565917441555751,0.5152424274523653,0.6990308162223973,0.4925827268484637,20.0,26,,,0.9706478537793354,77
total_worst_eye_severity,RGS16,0.12876085051449157,0.23508568869086313,-0.3616193030699645,0.6191410040989477,0.5477187966291374,0.5899460622271615,20.0,26,,,0.9706478537793354,78
total_worst_eye_severity,LIF,0.12662018195717636,0.1998261641866533,-0.290209892343524,0.5434502562578767,0.6336516665500479,0.5334884484248952,20.0,26,,,0.9706478537793354,79
total_worst_eye_severity,PTAFR,0.12545745261407792,0.21486480135870129,-0.3227426691242078,0.5736575743523636,0.5838902036105754,0.5658220651678569,20.0,26,,,0.9706478537793354,80
total_worst_eye_severity,PDPN,0.1228977802034859,0.2673617610445525,-0.4348090805320736,0.6806046409390454,0.45966850204508686,0.6507117335973099,20.0,26,,,0.9885812875805287,81
total_worst_eye_severity,P2RX7,0.12040502521671811,0.2912817629296071,-0.48719808510959517,0.7280081355430315,0.4133627316922547,0.6837393679474926,20.0,26,,,0.9915346633959745,82
total_worst_eye_severity,SEMA4D,0.1112303891428034,0.36198510471324824,-0.6438573077437287,0.8663180860293355,0.3072789120174328,0.7618078015849041,20.0,26,,,0.9915346633959745,83
total_worst_eye_severity,ITGA5,0.11022149382131718,0.22911513505801628,-0.3677043031250801,0.5881472907677145,0.4810746954512936,0.6356845451451213,20.0,26,,,0.9885812875805287,84
total_worst_eye_severity,RHOG,0.11008106488889073,0.2353582988709322,-0.380867743566542,0.6010298733443235,0.4677169465320529,0.6450433031086659,20.0,26,,,0.9885812875805287,85
total_worst_eye_severity,ICOSLG,0.10232711709600147,0.3056849141864769,-0.5353204402775833,0.7399746744695863,0.3347470298569555,0.7413011591309715,20.0,26,,,0.9915346633959745,86
total_worst_eye_severity,RAF1,0.089804905033075,0.20603614162758482,-0.3399789552177539,0.519588765283904,0.4358696698727716,0.6675995852443986,20.0,26,,,0.9915346633959745,87
total_worst_eye_severity,FZD5,0.08411272218989858,0.3104176100443617,-0.5634070657502602,0.7316325101300575,0.27096633524714675,0.7891937966998906,20.0,26,,,0.9915346633959745,88
total_worst_eye_severity,LCP2,0.08367514348312383,0.22882743747544168,-0.3936505268221561,0.5610008137884037,0.3656691890023199,0.718450984445161,20.0,26,,,0.9915346633959745,89
total_worst_eye_severity,AHR,0.08062502424738861,0.13898824128474171,-0.20929936667234705,0.37054941516712425,0.580085218016495,0.5683356049702112,20.0,26,,,0.9706478537793354,90
total_worst_eye_severity,PCDH7,0.07449234309014084,0.22727231209704224,-0.3995893925198824,0.5485740787001641,0.32776690835236283,0.7464942387809916,20.0,26,,,0.9915346633959745,91
total_worst_eye_severity,SCARF1,0.06800460077756582,0.2845575600843568,-0.5255720682015543,0.6615812697566861,0.23898363746654955,0.8135501211534231,20.0,26,,,0.9915346633959745,92
total_worst_eye_severity,EMP3,0.06731403073198103,0.1908380956869031,-0.33076726121671896,0.46539532268068096,0.3527284764066144,0.7279821408455676,20.0,26,,,0.9915346633959745,93
total_worst_eye_severity,RNF144B,0.04949080737208053,0.23828592964253734,-0.44756493186001123,0.5465465466041722,0.20769504706519498,0.8375673737016245,20.0,26,,,0.9915346633959745,94
total_worst_eye_severity,TACR3,0.04924941751422717,0.20471949863276337,-0.37778797357630556,0.4762868086047599,0.24057023313921538,0.8123370396016012,20.0,26,,,0.9915346633959745,95
total_worst_eye_severity,PTPRE,0.048895413971981896,0.21883355799825824,-0.40758338904751323,0.505374216991477,0.22343654428161822,0.825462160085343,20.0,26,,,0.9915346633959745,96
total_worst_eye_severity,ABI1,0.048822841260916114,0.2895993506195108,-0.5552708184833063,0.6529165010051384,0.1685875370800187,0.8678143797894687,20.0,26,,,0.9915346633959745,97
total_worst_eye_severity,EIF2AK2,0.045596296869138075,0.22171264366981394,-0.41688817362276903,0.5080807673610452,0.20565492393407417,0.8391393326921341,20.0,26,,,0.9915346633959745,98
total_worst_eye_severity,TAPBP,0.04394011905727336,0.2649526790831269,-0.5087414847652849,0.5966217228798316,0.16584138424011738,0.8699467739828693,20.0,26,,,0.9915346633959745,99
total_worst_eye_severity,KCNMB2,0.035034081815252326,0.2791187345074626,-0.5471973958144121,0.6172655594449168,0.12551676933142458,0.9013675941120948,20.0,26,,,0.9915346633959745,100
total_worst_eye_severity,SGMS2,0.029639807133865777,0.24592975405438933,-0.48336067041866754,0.5426402846863991,0.12052143608174673,0.9052726601996487,20.0,26,,,0.9915346633959745,101
total_worst_eye_severity,HBEGF,0.020778921917008815,0.22508479884092533,-0.44873974100034514,0.49029758483436275,0.09231597168715933,0.9273654505971511,20.0,26,,,0.9915346633959745,102
total_worst_eye_severity,ITGB3,0.019170691462712622,0.29136803428323044,-0.5886123777538051,0.6269537606792305,0.06579545182392021,0.9481939337577566,20.0,26,,,0.9915346633959745,103
total_worst_eye_severity,CHST2,0.01754671980309211,0.2254897133541715,-0.45281657998816083,0.487910019594345,0.07781605440923986,0.9387476346923529,20.0,26,,,0.9915346633959745,104
total_worst_eye_severity,AQP9,0.01290485346285547,0.26993339196749616,-0.550166335377823,0.575976042303534,0.047807547516794065,0.9623438054924179,20.0,26,,,0.9915346633959745,105
total_worst_eye_severity,SRI,0.012733824435530589,0.25843583990043256,-0.5263538910602175,0.5518215399312787,0.04927267224405308,0.9611907478636714,20.0,26,,,0.9915346633959745,106
total_worst_eye_severity,ADORA2B,0.01265863041400951,0.20837852557005268,-0.4220113571202698,0.4473286179482888,0.06074824831099945,0.9521626612990761,20.0,26,,,0.9915346633959745,107
total_worst_eye_severity,LDLR,0.006409994966007089,0.2684162642114945,-0.5534965208308195,0.5663165107628337,0.02388079941741694,0.981184353050597,20.0,26,,,0.9915346633959745,108
total_worst_eye_severity,IL18R1,0.006395703488316619,0.3059494125584968,-0.6318035878211629,0.6445949947977961,0.020904447682486647,0.9835290320519228,20.0,26,,,0.9915346633959745,109
total_worst_eye_severity,CD55,0.005492854605757699,0.207527501986801,-0.4274019288410974,0.4383876380526128,0.02646808039016945,0.9791463135032616,20.0,26,,,0.9915346633959745,110
total_worst_eye_severity,PDE4B,0.004091201711530566,0.24030256960933707,-0.49717117477760087,0.505353578200662,0.01702521000163121,0.9865852036475576,20.0,26,,,0.9915346633959745,111
total_worst_eye_severity,BTG2,0.002845910654964534,0.26489996070667493,-0.5497257245613157,0.5554175458712448,0.010743341174428581,0.9915346633959745,20.0,26,,,0.9915346633959745,112
total_worst_eye_severity,IL15,-0.012816565218063902,0.25056709452621656,-0.5354903654873553,0.5098572350512274,-0.05115023280410397,0.9597132300823965,20.0,26,,,0.9915346633959745,113
total_worst_eye_severity,GNAI3,-0.016779082532629823,0.25303186305297715,-0.5445942998547151,0.5110361347894554,-0.0663121329076125,0.947787732285408,20.0,26,,,0.9915346633959745,114
total_worst_eye_severity,CXCL8,-0.027641975090080845,0.2846031722593545,-0.6213137893989966,0.566029839218835,-0.09712462046941324,0.9235941506476674,20.0,26,,,0.9915346633959745,115
total_worst_eye_severity,KCNA3,-0.03084569166631186,0.23268303796357798,-0.5162140036571045,0.45452262032448076,-0.1325652782268562,0.8958618641847692,20.0,26,,,0.9915346633959745,116
total_worst_eye_severity,IL1R1,-0.03091497917376472,0.17860367456020598,-0.40347571585371755,0.3416457575061881,-0.1730926267328476,0.8643184159327277,20.0,26,,,0.9915346633959745,117
total_worst_eye_severity,MXD1,-0.03636815721705032,0.2243766177241923,-0.5044095802108552,0.4316732657767546,-0.16208532593959815,0.8728650081998244,20.0,26,,,0.9915346633959745,118
total_worst_eye_severity,EDN1,-0.03703529445125239,0.32146608627434264,-0.707601799955137,0.6335312110526321,-0.11520746987800781,0.9094295216447843,20.0,26,,,0.9915346633959745,119
total_worst_eye_severity,INHBA,-0.03928158633806397,0.27306195598495975,-0.6088788453616027,0.5303156726854747,-0.14385594725699394,0.8870538573909947,20.0,26,,,0.9915346633959745,120
total_worst_eye_severity,TACR1,-0.04285034469595592,0.2782109900670606,-0.6231883006034831,0.5374876112115712,-0.15402103520650703,0.879136724840418,20.0,26,,,0.9915346633959745,121
total_worst_eye_severity,SLC11A2,-0.04672628264584533,0.28147432026264746,-0.6338714260577255,0.5404188607660348,-0.16600549066872036,0.8698193161749174,20.0,26,,,0.9915346633959745,122
total_worst_eye_severity,IRAK2,-0.050108379167308315,0.3181590854554164,-0.7137766018428344,0.6135598435082179,-0.15749472970599798,0.8764341553075664,20.0,26,,,0.9915346633959745,123
total_worst_eye_severity,MYC,-0.05061179361333529,0.2352058376955552,-0.5412425736298044,0.44001898640313386,-0.21518085651788108,0.8318054222335227,20.0,26,,,0.9915346633959745,124
total_worst_eye_severity,TNFSF9,-0.053596049633265204,0.17971524012501836,-0.42847547145065606,0.32128337218412567,-0.2982276271950074,0.7686056492177551,20.0,26,,,0.9915346633959745,125
total_worst_eye_severity,IFNAR1,-0.054230883828849996,0.31261275339080113,-0.7063296605511903,0.5978678928934903,-0.1734762361440043,0.8640208647960091,20.0,26,,,0.9915346633959745,126
total_worst_eye_severity,HRH1,-0.06107557072097694,0.2324877107395207,-0.5460364372621301,0.4238852958201763,-0.2627045125383252,0.7954654632584309,20.0,26,,,0.9915346633959745,127
total_worst_eye_severity,SPHK1,-0.06569227822461851,0.25983647299348334,-0.6077016631555014,0.47631710670626437,-0.2528216207209142,0.8029864018042924,20.0,26,,,0.9915346633959745,128
total_worst_eye_severity,IRF1,-0.07014113319926665,0.24716279375235953,-0.5857136864907935,0.4454314200922602,-0.28378516092330364,0.7794920342626787,20.0,26,,,0.9915346633959745,129
total_worst_eye_severity,NMUR1,-0.07308639081592855,0.20598662988208963,-0.5027669713754441,0.3565941897435871,-0.3548113334237493,0.7264449547696881,20.0,26,,,0.9915346633959745,130
total_worst_eye_severity,ATP2C1,-0.07704957954085558,0.2665630088442681,-0.6330902723831987,0.4789911133014876,-0.28904828121095233,0.7755192913677809,20.0,26,,,0.9915346633959745,131
total_worst_eye_severity,GCH1,-0.07737583799850742,0.2657611734196225,-0.631743931454317,0.47699225545730206,-0.2911480145985627,0.7739361131603439,20.0,26,,,0.9915346633959745,132
total_worst_eye_severity,ATP2A2,-0.07924772165213351,0.2124173420829542,-0.5223425328025391,0.36384708949827205,-0.3730755731854762,0.713017022432666,20.0,26,,,0.9915346633959745,133
total_worst_eye_severity,ACVR2A,-0.08266805126567975,0.28275081844487376,-0.6724759232261853,0.5071398206948258,-0.2923706878033212,0.7730146952772252,20.0,26,,,0.9915346633959745,134
total_worst_eye_severity,NFKB1,-0.09306468066358778,0.25700752213887756,-0.6291729775176516,0.44304361619047605,-0.36210878144375475,0.721068693522163,20.0,26,,,0.9915346633959745,135
total_worst_eye_severity,PVR,-0.09454647559121346,0.22260967339536428,-0.5589021173017295,0.3698091661193026,-0.4247186303682989,0.6755759610172392,20.0,26,,,0.9915346633959745,136
total_worst_eye_severity,SELENOS,-0.09953990259782874,0.3469366144917981,-0.8232369989458784,0.6241571937502209,-0.28691091813309305,0.7771318741615221,20.0,26,,,0.9915346633959745,137
total_worst_eye_severity,CCL2,-0.1093175459545776,0.2184006213232518,-0.5648932588950284,0.34625816698587325,-0.5005367901072872,0.6221606406764794,20.0,26,,,0.9830138122688373,138
total_worst_eye_severity,RELA,-0.11881861142582961,0.25176173016185094,-0.6439843779638554,0.4063471551121962,-0.47194866094002563,0.6420718076577713,20.0,26,,,0.9885812875805287,139
total_worst_eye_severity,SLC7A1,-0.1205024998867148,0.20706700380037169,-0.5524367009491462,0.31143170117571656,-0.5819493095234447,0.5671034845370632,20.0,26,,,0.9706478537793354,140
total_worst_eye_severity,ATP2B1,-0.13456501365280066,0.2558847407005422,-0.6683312294672283,0.39920120216162697,-0.5258813530044761,0.6047534246587629,20.0,26,,,0.9715167641994061,141
total_worst_eye_severity,GNA15,-0.1438156468814722,0.2564684031507297,-0.6787993612325326,0.3911680674695882,-0.5607538594021265,0.5811938241880049,20.0,26,,,0.9706478537793354,142
total_worst_eye_severity,VIP,-0.1445309731252486,0.24027387457977745,-0.6457334928316003,0.35667154658110317,-0.6015259602319368,0.5542476008385551,20.0,26,,,0.9706478537793354,143
total_worst_eye_severity,CXCR6,-0.1698851289754974,0.2688075515255956,-0.7306078558069178,0.3908375978559229,-0.6319953736839908,0.5345482995312973,20.0,26,,,0.9706478537793354,144
total_worst_eye_severity,KIF1B,-0.17160966068061884,0.3157756005665312,-0.83030602100082,0.48708669963958234,-0.5434544669465751,0.5928234297934385,20.0,26,,,0.9706478537793354,145
total_worst_eye_severity,IFITM1,-0.1846003022700783,0.32249446198303605,-0.8573119619123534,0.4881113573721968,-0.5724138676210467,0.5734206454290973,20.0,26,,,0.9706478537793354,146
total_worst_eye_severity,LAMP3,-0.1989998307432035,0.2998772447124226,-0.8245328018801094,0.4265331403937024,-0.6636043056019175,0.5145209849550587,20.0,26,,,0.9706478537793354,147
total_worst_eye_severity,C5AR1,-0.20422396726379013,0.19878586962382033,-0.6188840251320316,0.21043609060445126,-1.0273565603544195,0.3165182601743647,20.0,26,,,0.9706478537793354,148
total_worst_eye_severity,NAMPT,-0.22009881155192318,0.25378323207127623,-0.7494813571815884,0.30928373407774196,-0.8672708979059238,0.39608023018671423,20.0,26,,,0.9706478537793354,149
total_worst_eye_severity,SLC7A2,-0.2330889480488071,0.3563881442092488,-0.9765015899082058,0.5103236938105916,-0.6540311506881998,0.5205419085420339,20.0,26,,,0.9706478537793354,150
total_worst_eye_severity,MEFV,-0.23332008916759678,0.23199065160429938,-0.7172441085215487,0.2506039301863552,-1.0057305652365898,0.32655897732955974,20.0,26,,,0.9706478537793354,151
total_worst_eye_severity,LPAR1,-0.2518048976425483,0.28668743384641193,-0.8498244054366062,0.34621461015150956,-0.8783255487139651,0.39019727085861444,20.0,26,,,0.9706478537793354,152
total_worst_eye_severity,KCNJ2,-0.2566465639085626,0.1997440388399531,-0.6733053277379523,0.16001219992082705,-1.2848772128524109,0.21351737778113555,20.0,26,,,0.9493898021538104,153
total_worst_eye_severity,IRF7,-0.2577260529589926,0.23588270260105695,-0.7497687484270754,0.23431664250909023,-1.0926025949214206,0.28755510756058483,20.0,26,,,0.9493898021538104,154
total_worst_eye_severity,CALCRL,-0.275505611895673,0.24938707365264606,-0.7957179317556856,0.24470670796433958,-1.1047309223388444,0.2823899499912862,20.0,26,,,0.9493898021538104,155
total_worst_eye_severity,IL18,-0.28083304770508666,0.17751266323323225,-0.6511179746364193,0.08945187922624598,-1.5820451487232925,0.12932513944187873,20.0,26,,,0.9493898021538104,156
total_worst_eye_severity,SLC1A2,-0.3009227185476271,0.213141864959953,-0.7455288579361601,0.14368342084090585,-1.4118423830258178,0.17336624275669088,20.0,26,,,0.9493898021538104,157
total_worst_eye_severity,PTGER4,-0.3154302853446145,0.2717286042757774,-0.8822462214404494,0.25138565075122044,-1.1608284162254934,0.25938039422849196,20.0,26,,,0.9493898021538104,158
total_rank_transformed_severity,P2RX4,0.7207183959060939,0.16457937993200902,0.37741182519424654,1.064024966617941,4.379153671643658,0.0002899885848903458,20.0,26,,,0.04581819641267464,1
total_rank_transformed_severity,TLR2,0.6248172454037177,0.22767530867877425,0.1498948736548284,1.099739617152607,2.7443346800740205,0.0125011459186477,20.0,26,,,0.2821687221637624,2
total_rank_transformed_severity,CD82,0.597566990899387,0.1867648244605353,0.20798239383969003,0.987151587959084,3.1995692584266964,0.00450063781689148,20.0,26,,,0.17777519376721346,3
total_rank_transformed_severity,NLRP3,0.5406939409493289,0.1671250230301687,0.19207725178493584,0.8893106301137219,3.235266216548105,0.004148156814876554,20.0,26,,,0.17777519376721346,4
total_rank_transformed_severity,FPR1,0.5208017837248473,0.18132275103036888,0.14256915291781408,0.8990344145318805,2.872236279040465,0.009419386763400312,20.0,26,,,0.2821687221637624,5
total_rank_transformed_severity,IL10RA,0.5148998428177757,0.15650792859311216,0.1884300245652521,0.8413696610702992,3.289928168153113,0.0036599937056557446,20.0,26,,,0.17777519376721346,6
total_rank_transformed_severity,CSF3R,0.5110212089351356,0.21538911885710654,0.06172738006041467,0.9603150378098565,2.3725488624806403,0.02780716041590319,20.0,26,,,0.549191418214088,7
total_rank_transformed_severity,OPRK1,0.5024697232212972,0.18097259329270435,0.12496750865580952,0.879971937786785,2.7764962311647086,0.011646255109360763,20.0,26,,,0.2821687221637624,8
total_rank_transformed_severity,AXL,0.5023677070554475,0.2295045939349894,0.02362951312747108,0.981105900983424,2.188922227838937,0.040634669251659816,20.0,26,,,0.642027774176225,9
total_rank_transformed_severity,IFNGR2,0.4924578979503683,0.29767613144306,-0.12848363136335528,1.113399427264092,1.6543412317375084,0.11366810570395289,20.0,26,,,0.8825927868443983,10
total_rank_transformed_severity,SLC31A1,0.4795486800280666,0.28803072981355515,-0.12127289405231156,1.0803702541084448,1.6649219350257618,0.11151698641146938,20.0,26,,,0.8825927868443983,11
total_rank_transformed_severity,PIK3R5,0.4727277457375477,0.22546085832829277,0.0024246364755478034,0.9430308549995476,2.096717582123326,0.0489377337110973,20.0,26,,,0.6443468271961145,12
total_rank_transformed_severity,CD14,0.4630963344202664,0.2162340287511619,0.012040054390312693,0.9141526144502201,2.141644111682297,0.04471710373069084,20.0,26,,,0.6423002172226503,13
total_rank_transformed_severity,C3AR1,0.4630110101082478,0.25753540075790876,-0.07419842224970824,1.0002204424662038,1.7978538435711697,0.08731486350100043,20.0,26,,,0.8825927868443983,14
total_rank_transformed_severity,SLC4A4,0.4577928877380164,0.2067612923850953,0.026496389513263496,0.8890893859627693,2.214113108199052,0.038600964456352714,20.0,26,,,0.642027774176225,15
total_rank_transformed_severity,TLR1,0.45181842966044194,0.25845286265508083,-0.08730479467927421,0.9909416540001581,1.7481657003869902,0.09577057210157902,20.0,26,,,0.8825927868443983,16
total_rank_transformed_severity,P2RY2,0.4388982153532157,0.24788702352222136,-0.07818505476566462,0.955981485472096,1.7705574463597185,0.09187630844182715,20.0,26,,,0.8825927868443983,17
total_rank_transformed_severity,CD40,0.435516278779958,0.27219479465016544,-0.1322721133963175,1.0033046709562337,1.6000169266267537,0.1252732602162633,20.0,26,,,0.8825927868443983,18
total_rank_transformed_severity,HPN,0.43132542457616496,0.22698079308150707,-0.04214821302326904,0.904799062175599,1.9002727883732404,0.0719107946792218,20.0,26,,,0.8739927353320804,19
total_rank_transformed_severity,TNFSF10,0.4233242344390587,0.2619053296418328,-0.12300070983791406,0.9696491787160315,1.6163253913846407,0.12168905574625474,20.0,26,,,0.8825927868443983,20
total_rank_transformed_severity,ITGB8,0.3947528527240872,0.2367675526719648,-0.09913560764821999,0.8886413130963944,1.6672590828820488,0.1110465183042484,20.0,26,,,0.8825927868443983,21
total_rank_transformed_severity,OLR1,0.3936237651661638,0.22344768649720612,-0.07247994124312412,0.8597274715754517,1.7615924842931212,0.0934187217115097,20.0,26,,,0.8825927868443983,22
total_rank_transformed_severity,NOD2,0.3879735384999754,0.24466092269834006,-0.12238020322309429,0.8983272802230451,1.5857601378309838,0.12847869681912127,20.0,26,,,0.8825927868443983,23
total_rank_transformed_severity,BEST1,0.3483229020060485,0.291443393638316,-0.2596173640705873,0.9562631680826843,1.1951648574279248,0.24600284975515063,20.0,26,,,0.9466918759908338,24
total_rank_transformed_severity,PLAUR,0.34535092527404054,0.26476144080067193,-0.20693176248159872,0.8976336130296798,1.3043852769106252,0.20691421166376833,20.0,26,,,0.9466918759908338,25
total_rank_transformed_severity,CMKLR1,0.32844760236597587,0.2420380627579287,-0.17643494939409793,0.8333301541260496,1.3570080615562874,0.1898975982935185,20.0,26,,,0.9466918759908338,26
total_rank_transformed_severity,SLC31A2,0.32682820715400124,0.2636715579507935,-0.22318102481498975,0.8768374391229923,1.2395277279584098,0.2294984928539555,20.0,26,,,0.9466918759908338,27
total_rank_transformed_severity,ACVR1B,0.3224627172164438,0.2522354044774534,-0.20369111662983752,0.8486165510627252,1.2784197281284826,0.21573883868397456,20.0,26,,,0.9466918759908338,28
total_rank_transformed_severity,RGS1,0.3196824686014565,0.26406637583964826,-0.23115033905201215,0.8705152762549251,1.210614064683421,0.24015628940989758,20.0,26,,,0.9466918759908338,29
total_rank_transformed_severity,MSR1,0.3089853020152611,0.2517398878425542,-0.21613490224310827,0.8341055062736304,1.227399061242571,0.2339243363774562,20.0,26,,,0.9466918759908338,30
total_rank_transformed_severity,HIF1A,0.2975808728532121,0.26837118314623004,-0.262231605489309,0.8573933511957332,1.108840633947894,0.28065516913605043,20.0,26,,,0.9466918759908338,31
total_rank_transformed_severity,PTGER2,0.29194652296305335,0.22572992729911534,-0.1789178543368759,0.7628109002629826,1.2933443361109767,0.21063154369882625,20.0,26,,,0.9466918759908338,32
total_rank_transformed_severity,GPR183,0.28321539607620516,0.2664674062715295,-0.2726258732939406,0.8390566654463509,1.0628519263913634,0.30051473835827824,20.0,26,,,0.9466918759908338,33
total_rank_transformed_severity,GPC3,0.2825945938466289,0.2861511673282593,-0.31430628159257,0.8794954692858278,0.9875709978231524,0.3351606787538475,20.0,26,,,0.9466918759908338,34
total_rank_transformed_severity,CYBB,0.2807854563454815,0.20367445366851117,-0.14407200914887192,0.705642921839835,1.3785992857134248,0.18324461320753932,20.0,26,,,0.9466918759908338,35
total_rank_transformed_severity,DCBLD2,0.2806390491211249,0.22894833599094108,-0.1969388110683155,0.7582169093105653,1.2257745744534658,0.2345220365861723,20.0,26,,,0.9466918759908338,36
total_rank_transformed_severity,APLNR,0.28049465737444523,0.3022802806639655,-0.35005095891984483,0.9110402736687353,0.9279290622541846,0.3645084448182292,20.0,26,,,0.9466918759908338,37
total_rank_transformed_severity,SELL,0.2741484054729093,0.19199991271894523,-0.12635639433704138,0.67465320528286,1.4278569275925417,0.16876261406296442,20.0,26,,,0.9466918759908338,38
total_rank_transformed_severity,TIMP1,0.27112819111914954,0.28615395118648973,-0.32577849134656045,0.8680348735848595,0.9474906426941219,0.35469740471674693,20.0,26,,,0.9466918759908338,39
total_rank_transformed_severity,MET,0.27005901223412987,0.24899601355050896,-0.24933757054714067,0.7894555950154004,1.0845917104586427,0.29100416995618106,20.0,26,,,0.9466918759908338,40
total_rank_transformed_severity,TNFRSF1B,0.26550771230221637,0.17646110684314892,-0.10258370643666359,0.6335991310410963,1.5046245433460776,0.1480499745431519,20.0,26,,,0.9466918759908338,41
total_rank_transformed_severity,CDKN1A,0.2614816335858138,0.21859506080585825,-0.19449967300805943,0.717462940179687,1.196191865552006,0.2456108869534872,20.0,26,,,0.9466918759908338,42
total_rank_transformed_severity,STAB1,0.2482662106824292,0.18146577941031442,-0.13026477209709209,0.6267971934619505,1.3681158590296607,0.18645135098558246,20.0,26,,,0.9466918759908338,43
total_rank_transformed_severity,RIPK2,0.2356978414093065,0.21563853954382134,-0.21411626990089344,0.6855119527195064,1.0930228052365787,0.2873750099363735,20.0,26,,,0.9466918759908338,44
total_rank_transformed_severity,NPFFR2,0.23443356646749997,0.2729073737255931,-0.3348412396134041,0.803708372548404,0.8590224707640977,0.4005071690574339,20.0,26,,,0.9466918759908338,45
total_rank_transformed_severity,CLEC5A,0.2218020220576748,0.21582498295582023,-0.22840100339493835,0.6720050475102879,1.027693916709717,0.31636337409461135,20.0,26,,,0.9466918759908338,46
total_rank_transformed_severity,IL4R,0.2211145175760033,0.20600587100121917,-0.20860619925470103,0.6508352344067077,1.0733408543230047,0.295898599823569,20.0,26,,,0.9466918759908338,47
total_rank_transformed_severity,ABCA1,0.22001198397336272,0.28752577976040217,-0.3797562827534434,0.8197802507001689,0.7651904610317054,0.45309373881515114,20.0,26,,,0.9466918759908338,48
total_rank_transformed_severity,GPR132,0.2175540595226379,0.3238631929067517,-0.4580127227956505,0.8931208418409262,0.6717467878027039,0.5094306806489939,20.0,26,,,0.9466918759908338,49
total_rank_transformed_severity,NMI,0.21700273443773088,0.2326855446689849,-0.2683708064489136,0.7023762753243754,0.9326008401013302,0.36214888057664085,20.0,26,,,0.9466918759908338,50
total_rank_transformed_severity,IL15RA,0.21273068703357093,0.33313441073125993,-0.4821755167782811,0.9076368908454229,0.6385731409931744,0.5303459869132865,20.0,26,,,0.9466918759908338,51
total_rank_transformed_severity,CX3CL1,0.21093374397867498,0.24649058158503515,-0.3032365993030058,0.7251040872603558,0.8557476826184791,0.4022735946074045,20.0,26,,,0.9466918759908338,52
total_rank_transformed_severity,MMP14,0.20437812434872146,0.22712599053376153,-0.2693983898287514,0.6781546385261944,0.8998447243682635,0.3789102998563523,20.0,26,,,0.9466918759908338,53
total_rank_transformed_severity,SERPINE1,0.19837766044147187,0.27554352140556565,-0.37639605334144965,0.7731513742243934,0.7199503709233821,0.4798854424927764,20.0,26,,,0.9466918759908338,54
total_rank_transformed_severity,GABBR1,0.1931346826865101,0.21103960383000625,-0.24708621682834617,0.6333555822013663,0.9151584782261121,0.37101110594370035,20.0,26,,,0.9466918759908338,55
total_rank_transformed_severity,KLF6,0.1892222461590056,0.25710389384661836,-0.34708707855475607,0.7255315708727673,0.7359758085651195,0.47028993211569436,20.0,26,,,0.9466918759908338,56
total_rank_transformed_severity,ICAM1,0.1845471248378768,0.22161919055696663,-0.2777424058765976,0.6468366555523513,0.8327217709534926,0.41483536303659807,20.0,26,,,0.9466918759908338,57
total_rank_transformed_severity,CSF1,0.18410110564109827,0.22499703125468354,-0.2852344772995005,0.6534366885816971,0.8182379323605676,0.4228635647629251,20.0,26,,,0.9466918759908338,58
total_rank_transformed_severity,SELE,0.18392602195537996,0.15419530560578656,-0.1377197492782757,0.5055717931890357,1.1928120718901942,0.24690258091543504,20.0,26,,,0.9466918759908338,59
total_rank_transformed_severity,BST2,0.18375252079730964,0.2394118623439681,-0.31565187289404795,0.6831569144886672,0.7675163586226504,0.45174127373842377,20.0,26,,,0.9466918759908338,60
total_rank_transformed_severity,OSMR,0.18229974508807167,0.19794892424183125,-0.2306144753059825,0.5952139654821258,0.9209433483223116,0.36805595484539855,20.0,26,,,0.9466918759908338,61
total_rank_transformed_severity,PSEN1,0.17726174924520272,0.23024384821803762,-0.303018502095447,0.6575420005858524,0.7698870159490141,0.45036531353846976,20.0,26,,,0.9466918759908338,62
total_rank_transformed_severity,ADM,0.1698817915553567,0.24028116920323417,-0.3313359444688873,0.6710995275796008,0.7070125058850018,0.48771541764171356,20.0,26,,,0.9466918759908338,63
total_rank_transformed_severity,EBI3,0.1690282488456304,0.2621069428981784,-0.3777172533145635,0.7157737510058243,0.6448827603597415,0.5263320147164895,20.0,26,,,0.9466918759908338,64
total_rank_transformed_severity,F3,0.16810676149069334,0.2455050329162192,-0.34400776329233584,0.6802212862737226,0.6847385550261256,0.5013679291611627,20.0,26,,,0.9466918759908338,65
total_rank_transformed_severity,IL6,0.16718988349263617,0.25881169588075675,-0.3726818538395045,0.7070616208247769,0.6459904484751963,0.525629067443401,20.0,26,,,0.9466918759908338,66
total_rank_transformed_severity,TPBG,0.16568714825958086,0.2360434003047332,-0.32669075674443016,0.6580650532635919,0.7019351019586988,0.49080842799387747,20.0,26,,,0.9466918759908338,67
total_rank_transformed_severity,ITGA5,0.1620017094368511,0.2435116474409481,-0.34595468610845204,0.6699581049821542,0.665272939259042,0.5134755179622058,20.0,26,,,0.9466918759908338,68
total_rank_transformed_severity,TLR3,0.16176030667455063,0.2691013632403223,-0.399575300654168,0.7230959140032693,0.601112921639456,0.5545172490833212,20.0,26,,,0.9712030738651755,69
total_rank_transformed_severity,OSM,0.16151324416295101,0.2450859353280135,-0.34972705837024387,0.6727535466961458,0.6590065804746729,0.51740779947296,20.0,26,,,0.9466918759908338,70
total_rank_transformed_severity,ADRM1,0.15475092273979751,0.2763781090830231,-0.4217637104318388,0.7312655559114338,0.5599246744007168,0.581748618861679,20.0,26,,,0.9741465331100577,71
total_rank_transformed_severity,NDP,0.1545625954426221,0.15124988522452962,-0.16093913653889977,0.47006432742414395,1.0219022329383907,0.3190298688842391,20.0,26,,,0.9466918759908338,72
total_rank_transformed_severity,IL1B,0.1520150667441226,0.2159259678135029,-0.2983986094303439,0.6024287429185892,0.7040147522942646,0.4895401935908946,20.0,26,,,0.9466918759908338,73
total_rank_transformed_severity,LY6E,0.15096017649258137,0.23745556049540176,-0.34436344305084826,0.646283796036011,0.6357407515647739,0.5321532885539113,20.0,26,,,0.9466918759908338,74
total_rank_transformed_severity,LYN,0.14929191051004415,0.2514571982084446,-0.37523861350465165,0.6738224345247399,0.5937070466612339,0.559363795707158,20.0,26,,,0.9712030738651755,75
total_rank_transformed_severity,NFKBIA,0.14094316459530687,0.38979449900372887,-0.672153912271771,0.9540402414623848,0.36158325721769247,0.7214553723958421,20.0,26,,,0.9814663879894202,76
total_rank_transformed_severity,SCN1B,0.13357314394779624,0.18925895212304547,-0.26121411224871155,0.5283604001443041,0.7057692249133586,0.488471740854,20.0,26,,,0.9466918759908338,77
total_rank_transformed_severity,LIF,0.12972459292536698,0.1980616540364301,-0.28342477769963825,0.5428739635503722,0.6549707643131483,0.5199492240799262,20.0,26,,,0.9466918759908338,78
total_rank_transformed_severity,P2RX7,0.12839074882776588,0.2853121968390349,-0.46676006483757626,0.7235415624931081,0.4500009121593926,0.6575493451735404,20.0,26,,,0.9801207220511261,79
total_rank_transformed_severity,RHOG,0.1136323937705666,0.2350486989011667,-0.37667060046466067,0.6039353880057938,0.48344191778890366,0.6340324660796168,20.0,26,,,0.9741465331100577,80
total_rank_transformed_severity,LCP2,0.10793504967217948,0.24831262697040818,-0.41003601368264886,0.6259061130270078,0.4346740276121451,0.6684529212787168,20.0,26,,,0.9814663879894202,81
total_rank_transformed_severity,RGS16,0.10664111527826764,0.22517328558526983,-0.3630621277533565,0.5763443583098917,0.47359576870358455,0.6409168763512227,20.0,26,,,0.9741465331100577,82
total_rank_transformed_severity,PTAFR,0.10307646534168387,0.2285701253604009,-0.37371246129708235,0.5798653919804501,0.45096210705207745,0.6568681235099448,20.0,26,,,0.9801207220511261,83
total_rank_transformed_severity,PDPN,0.10221673915651935,0.2583253070572127,-0.43664040886854966,0.6410738871815884,0.3956899938335537,0.696522976515379,20.0,26,,,0.9814663879894202,84
total_rank_transformed_severity,RASGRP1,0.09620953269428081,0.23926817766523364,-0.4028951400093046,0.5953142053978662,0.4020991576610329,0.6918759136370689,20.0,26,,,0.9814663879894202,85
total_rank_transformed_severity,SEMA4D,0.09526809821148279,0.3364802538331859,-0.6066174120112734,0.7971536084342389,0.2831313193751722,0.7799860070208489,20.0,26,,,0.9814663879894202,86
total_rank_transformed_severity,TAPBP,0.08751812421922153,0.2545550711107678,-0.4434744494339957,0.6185106978724388,0.34380821343424994,0.734578718035287,20.0,26,,,0.9814663879894202,87
total_rank_transformed_severity,ICOSLG,0.0841135137469926,0.2901016095374859,-0.5210278397411892,0.6892548672351744,0.28994500885774555,0.7748430442505067,20.0,26,,,0.9814663879894202,88
total_rank_transformed_severity,FZD5,0.08333854630079597,0.29595633109676156,-0.534015542353954,0.7006926349555459,0.28159068600410786,0.7811503226886622,20.0,26,,,0.9814663879894202,89
total_rank_transformed_severity,PCDH7,0.08302490407336639,0.22376245645431972,-0.383735400960758,0.5497852091074907,0.37104036749040437,0.7145086780920031,20.0,26,,,0.9814663879894202,90
total_rank_transformed_severity,EMP3,0.07202830174428547,0.18364983165505108,-0.3110585341846754,0.45511513767324635,0.392204561774802,0.6990553141010301,20.0,26,,,0.9814663879894202,91
total_rank_transformed_severity,SCARF1,0.06534407091272576,0.2674400592023115,-0.4925261169179074,0.6232142587433589,0.244331649894284,0.809463072272739,20.0,26,,,0.9814663879894202,92
total_rank_transformed_severity,AHR,0.06450896625321276,0.13386329692302104,-0.21472497805870241,0.34374291056512796,0.4819018187659688,0.6351070752130834,20.0,26,,,0.9741465331100577,93
total_rank_transformed_severity,RAF1,0.06409140790095602,0.20917088556610708,-0.3722314136221685,0.5004142294240805,0.3064069252635083,0.7624618451265108,20.0,26,,,0.9814663879894202,94
total_rank_transformed_severity,PTPRE,0.06012617677514637,0.22109932486554787,-0.4010789331095409,0.5213312866598336,0.2719419284147952,0.7884541706646472,20.0,26,,,0.9814663879894202,95
total_rank_transformed_severity,HBEGF,0.04213848614878767,0.22702661493612866,-0.43143073416447286,0.5157077064620482,0.1856103354253987,0.854619855154233,20.0,26,,,0.9814663879894202,96
total_rank_transformed_severity,EIF2AK2,0.04150800336785157,0.2241768537606719,-0.42611671929996886,0.509132726035672,0.185157399934629,0.8549703816360491,20.0,26,,,0.9814663879894202,97
total_rank_transformed_severity,SGMS2,0.03841593059514298,0.24130131624079743,-0.46492979486029457,0.5417616560505805,0.15920315393890047,0.8751055505295582,20.0,26,,,0.9814663879894202,98
total_rank_transformed_severity,IL18R1,0.03770199320699042,0.2807118698500778,-0.5478527065139166,0.6232566929278974,0.13430851081262168,0.8945010118384589,20.0,26,,,0.9814663879894202,99
total_rank_transformed_severity,AQP9,0.03740974105357858,0.26156283606691727,-0.508200774145197,0.5830202562523541,0.1430239158440988,0.8877024388950299,20.0,26,,,0.9814663879894202,100
total_rank_transformed_severity,KCNMB2,0.03740528313682865,0.2738445204946656,-0.533824376849084,0.6086349431227414,0.13659314076929754,0.892718024990395,20.0,26,,,0.9814663879894202,101
total_rank_transformed_severity,TACR3,0.02273890208713781,0.22395961331037492,-0.44443266494209555,0.48991046911637115,0.10153126160128279,0.9201397555623543,20.0,26,,,0.9834906693117964,102
total_rank_transformed_severity,ABI1,0.0202950716371815,0.2789349476230722,-0.5615530332695577,0.6021431765439207,0.07275915696518045,0.9427205115245161,20.0,26,,,0.9834906693117964,103
total_rank_transformed_severity,SLC11A2,0.01880995660192943,0.28226894914118916,-0.5699927536047306,0.6076126668085894,0.0666384193484945,0.9475312217377683,20.0,26,,,0.9834906693117964,104
total_rank_transformed_severity,RNF144B,0.01754671167099446,0.2311810229568198,-0.4646884519184558,0.49978187526044476,0.07590031156783943,0.9402525224610947,20.0,26,,,0.9834906693117964,105
total_rank_transformed_severity,LDLR,0.015567482047422719,0.2573659420986848,-0.5212884657415694,0.5524234298364149,0.06048773167295578,0.9523675468652206,20.0,26,,,0.9834906693117964,106
total_rank_transformed_severity,ADORA2B,0.01267668005308608,0.20894081973471557,-0.4231662325552909,0.4485195926614631,0.0606711511383041,0.9522232946842573,20.0,26,,,0.9834906693117964,107
total_rank_transformed_severity,ITGB3,0.01017865832103089,0.28615667434091047,-0.586733704545262,0.6070910211873238,0.03557022859758507,0.9719776765268927,20.0,26,,,0.9884154901904372,108
total_rank_transformed_severity,CD55,0.005170075246756715,0.20248595916185944,-0.41720823414944497,0.4275483846429584,0.025533006180561674,0.9798828691493568,20.0,26,,,0.9884154901904372,109
total_rank_transformed_severity,SRI,-0.003756870458333089,0.25553227805261003,-0.5367878620726477,0.5292741211559816,-0.0147021366027176,0.9884154901904372,20.0,26,,,0.9884154901904372,110
total_rank_transformed_severity,CHST2,-0.004292939051012079,0.23304762104181068,-0.49042175801648974,0.4818358799144656,-0.018420866223911765,0.9854856398367884,20.0,26,,,0.9884154901904372,111
total_rank_transformed_severity,GNAI3,-0.011440412612197953,0.2381764220722,-0.508267723055367,0.48538689783097116,-0.04803335490836261,0.9621660887942052,20.0,26,,,0.9871574157758729,112
total_rank_transformed_severity,BTG2,-0.02136845946912351,0.2527420620011248,-0.5485791623900655,0.5058422434518186,-0.0845465107783619,0.9334625141041355,20.0,26,,,0.9834906693117964,113
total_rank_transformed_severity,PDE4B,-0.024704392346646682,0.24221746774148273,-0.5299611763446715,0.4805523916513782,-0.10199261257661868,0.9197781920588423,20.0,26,,,0.9834906693117964,114
total_rank_transformed_severity,IL1R1,-0.027300736952834866,0.18203622400246186,-0.4070216463002662,0.3524201723945965,-0.1499741993794908,0.8822871147389767,20.0,26,,,0.9814663879894202,115
total_rank_transformed_severity,EDN1,-0.03345796162934654,0.30804694040607583,-0.6760326193584981,0.609116696099805,-0.10861319247398253,0.9145916097945818,20.0,26,,,0.9834906693117964,116
total_rank_transformed_severity,MXD1,-0.03504127230680992,0.22655764975461465,-0.5076322483933919,0.43754970377977204,-0.1546682371783219,0.8786330791693122,20.0,26,,,0.9814663879894202,117
total_rank_transformed_severity,INHBA,-0.03620875533977611,0.26144359767231234,-0.5815705436058951,0.509153032926343,-0.13849547536122636,0.8912338366284133,20.0,26,,,0.9814663879894202,118
total_rank_transformed_severity,MYC,-0.03902899269471388,0.23122768838470406,-0.5213614986609818,0.443303513271554,-0.1687903078016313,0.8676569686710168,20.0,26,,,0.9814663879894202,119
total_rank_transformed_severity,IL15,-0.045959668607590466,0.2446365940158745,-0.5562626615883169,0.46434332437313597,-0.1878691484913665,0.8528722237416857,20.0,26,,,0.9814663879894202,120
total_rank_transformed_severity,IRAK2,-0.049364275650118736,0.3226466787069502,-0.7223934538145412,0.6236649025143038,-0.15299793522732882,0.8799329976565414,20.0,26,,,0.9814663879894202,121
total_rank_transformed_severity,IFNAR1,-0.05155801518219465,0.2995774325630033,-0.6764655891343656,0.5733495587699764,-0.17210246693516082,0.8650865406193873,20.0,26,,,0.9814663879894202,122
total_rank_transformed_severity,ATP2A2,-0.05490070780567599,0.21796334372347992,-0.5095642756566946,0.39976286004534256,-0.2518804624108079,0.8037036670628481,20.0,26,,,0.9814663879894202,123
total_rank_transformed_severity,CXCL8,-0.05577098396149543,0.28698203142719697,-0.6544050115407237,0.542863043617733,-0.19433615297842677,0.8478730658658692,20.0,26,,,0.9814663879894202,124
total_rank_transformed_severity,PVR,-0.059744993628382106,0.2175742884150984,-0.5135970063271521,0.3941070190703879,-0.2745958360410575,0.78644320535378,20.0,26,,,0.9814663879894202,125
total_rank_transformed_severity,TACR1,-0.06506724095796151,0.2769710411353783,-0.642818708717523,0.5126842268015999,-0.23492434693256561,0.8166559648578078,20.0,26,,,0.9814663879894202,126
total_rank_transformed_severity,KCNA3,-0.0680100778630927,0.23171259951031123,-0.5513540907125496,0.41533393498636423,-0.2935104867271848,0.7721560422948355,20.0,26,,,0.9814663879894202,127
total_rank_transformed_severity,IRF1,-0.06842577124788671,0.26691829950766643,-0.6252075874272336,0.4883560449314601,-0.2563547399114214,0.8002953785575221,20.0,26,,,0.9814663879894202,128
total_rank_transformed_severity,HRH1,-0.07094839469598091,0.23509288191990538,-0.5613435530932869,0.4194467637013251,-0.30178878286988103,0.7659287693540985,20.0,26,,,0.9814663879894202,129
total_rank_transformed_severity,NMUR1,-0.07449203296606233,0.19886326560236486,-0.48931353601651295,0.3403294700843883,-0.37458920701328596,0.7119084056715149,20.0,26,,,0.9814663879894202,130
total_rank_transformed_severity,GCH1,-0.0753929396871734,0.27136636975115663,-0.6414532678053116,0.4906673884309648,-0.2778271300025454,0.7839968028505745,20.0,26,,,0.9814663879894202,131
total_rank_transformed_severity,SPHK1,-0.07689586108192344,0.250633920962409,-0.5997090588544233,0.44591733669057637,-0.30680548262043333,0.7621628799750899,20.0,26,,,0.9814663879894202,132
total_rank_transformed_severity,SELENOS,-0.0857408664837696,0.32676821529820266,-0.7673674193241133,0.5958856863565742,-0.26239047272551913,0.7957041392514681,20.0,26,,,0.9814663879894202,133
total_rank_transformed_severity,SLC7A1,-0.08932473260259938,0.21216393316962578,-0.5318909420225906,0.35324147681739176,-0.4210175182375788,0.6782321297911819,20.0,26,,,0.9814663879894202,134
total_rank_transformed_severity,TNFSF9,-0.09226713660593769,0.18005092364195138,-0.46784678196950047,0.28331250875762515,-0.5124502265226908,0.6139490094814999,20.0,26,,,0.9741465331100577,135
total_rank_transformed_severity,RELA,-0.12316413015063479,0.2602918415804357,-0.6661233973089334,0.4197951370076639,-0.4731770669522673,0.6412103762243417,20.0,26,,,0.9741465331100577,136
total_rank_transformed_severity,ATP2C1,-0.12623528733359407,0.24391266836572412,-0.6350281978695687,0.38255762320238057,-0.5175429721604953,0.6104544614901808,20.0,26,,,0.9741465331100577,137
total_rank_transformed_severity,CXCR6,-0.1273275177574253,0.26385935874756605,-0.6777284953238512,0.42307345980900063,-0.48255827787120253,0.6346489273465816,20.0,26,,,0.9741465331100577,138
total_rank_transformed_severity,VIP,-0.1287575258208484,0.2500803186381953,-0.6504159293807171,0.39290087773902027,-0.5148646903602553,0.6122910650460957,20.0,26,,,0.9741465331100577,139
total_rank_transformed_severity,NFKB1,-0.13096163653664766,0.2414791817415226,-0.6346783829251277,0.3727551098518323,-0.542330960342693,0.5935826700459964,20.0,26,,,0.9741465331100577,140
total_rank_transformed_severity,ACVR2A,-0.13114309785182177,0.2740108655157304,-0.7027197474713103,0.44043355176766674,-0.4786054655350633,0.6374098971074069,20.0,26,,,0.9741465331100577,141
total_rank_transformed_severity,CCL2,-0.1395460905694569,0.22010285799480797,-0.5986726069853694,0.31958042584645563,-0.6340039917734674,0.5332631453366089,20.0,26,,,0.9466918759908338,142
total_rank_transformed_severity,KIF1B,-0.15166998714900568,0.3105971888840987,-0.7995643699847583,0.4962243956867469,-0.48831732088084767,0.6306361199330355,20.0,26,,,0.9741465331100577,143
total_rank_transformed_severity,IFITM1,-0.1563394974303895,0.3185698017233438,-0.8208644592280097,0.5081854643672308,-0.49075429178990326,0.6289415931722127,20.0,26,,,0.9741465331100577,144
total_rank_transformed_severity,ATP2B1,-0.17541271930167857,0.2505834893534187,-0.6981207185812378,0.3472952799778807,-0.7000170671830636,0.49197978734786507,20.0,26,,,0.9466918759908338,145
total_rank_transformed_severity,GNA15,-0.1829754209862134,0.24695304879650967,-0.698110453966589,0.3321596119941623,-0.7409320187700371,0.4673455520572918,20.0,26,,,0.9466918759908338,146
total_rank_transformed_severity,C5AR1,-0.18433841075930923,0.197647673457543,-0.596624233028878,0.2279474115102595,-0.9326616778967917,0.3621182214477783,20.0,26,,,0.9466918759908338,147
total_rank_transformed_severity,MEFV,-0.18923118548869733,0.23488983293612384,-0.6792027911278307,0.30074042015043595,-0.8056167571125015,0.42993862456921106,20.0,26,,,0.9466918759908338,148
total_rank_transformed_severity,LAMP3,-0.21789144189167087,0.29896588752699166,-0.8415233552523647,0.4057404714690229,-0.7288170690443702,0.47456219981835057,20.0,26,,,0.9466918759908338,149
total_rank_transformed_severity,CALCRL,-0.22227399957427657,0.2710479284862203,-0.7876700708536566,0.3431220717051034,-0.8200542273673075,0.42185147441225657,20.0,26,,,0.9466918759908338,150
total_rank_transformed_severity,NAMPT,-0.2248150226588058,0.2543267769221074,-0.7553313829792544,0.30570133766164276,-0.8839612776112041,0.38722021171341303,20.0,26,,,0.9466918759908338,151
total_rank_transformed_severity,SLC7A2,-0.24134838269441947,0.33111387962695177,-0.932039832478621,0.449343067089782,-0.7288984169625681,0.4745135235736454,20.0,26,,,0.9466918759908338,152
total_rank_transformed_severity,IRF7,-0.24595047546217697,0.25330763057781913,-0.7743409337610255,0.2824399828366716,-0.970955651439083,0.3431674390331164,20.0,26,,,0.9466918759908338,153
total_rank_transformed_severity,IL18,-0.2607975492665141,0.18909077603048,-0.6552339962812264,0.13363889774819815,-1.3792187791565016,0.1830565028717203,20.0,26,,,0.9466918759908338,154
total_rank_transformed_severity,SLC1A2,-0.26558623484245836,0.2219683654935386,-0.7286041317113232,0.19743166202640655,-1.1965048904691307,0.24549151320174556,20.0,26,,,0.9466918759908338,155
total_rank_transformed_severity,LPAR1,-0.2855080554442764,0.28624973535358467,-0.8826145401813732,0.31159842929282044,-0.9974089760872892,0.33048136181307597,20.0,26,,,0.9466918759908338,156
total_rank_transformed_severity,PTGER4,-0.28832352379917003,0.2657337104054391,-0.8426343304112413,0.2659872828129012,-1.0850092122646573,0.2908236791247373,20.0,26,,,0.9466918759908338,157
total_rank_transformed_severity,KCNJ2,-0.29508290771484735,0.20907049417112966,-0.731196316457629,0.14103050102793424,-1.4114038850136084,0.1734937032573374,20.0,26,,,0.9466918759908338,158
total_clinical_stage_ordinal,TLR2,0.6633932811902938,0.2011459339469279,0.2438102154108539,1.0829763469697338,3.29806955663011,0.003592262274948036,20.0,26,,,0.1818884942362529,1
total_clinical_stage_ordinal,P2RX4,0.6152884572325433,0.1864119024867178,0.22644004250996652,1.00413687195512,3.3006929762780777,0.003570699147656376,20.0,26,,,0.1818884942362529,2
total_clinical_stage_ordinal,CSF3R,0.5931406988132942,0.22526387462504305,0.12324849035598029,1.0630329072706082,2.6330928552152035,0.015941591679301953,20.0,26,,,0.41026112714346497,3
total_clinical_stage_ordinal,TLR1,0.5719685276992706,0.17932613534875128,0.1979007642223295,0.9460362911762118,3.1895436021465207,0.0046047720059810855,20.0,26,,,0.1818884942362529,4
total_clinical_stage_ordinal,C3AR1,0.5508515651055131,0.22438165317844452,0.0827996383381977,1.0189034918728286,2.4549759630634154,0.0233693047107037,20.0,26,,,0.41026112714346497,5
total_clinical_stage_ordinal,FPR1,0.5484867936428578,0.15183252448564655,0.231769697459704,0.8652038898260116,3.6124459861346034,0.0017373729417565044,20.0,26,,,0.1818884942362529,6
total_clinical_stage_ordinal,NOD2,0.5450455687007252,0.27467315401579473,-0.027912590521442016,1.1180037279228925,1.9843423382737397,0.061109661612413595,20.0,26,,,0.5960266243521682,7
total_clinical_stage_ordinal,CD14,0.49950581733847943,0.20099854796782543,0.08023019332408671,0.9187814413528721,2.485121521467096,0.02191824533618603,20.0,26,,,0.41026112714346497,8
total_clinical_stage_ordinal,AXL,0.49219822009555037,0.24744581282030229,-0.02396470062658429,1.008361140817685,1.9891151702493741,0.060542180136309534,20.0,26,,,0.5960266243521682,9
total_clinical_stage_ordinal,SLC4A4,0.4765574107002385,0.1840007629843782,0.09273854484580085,0.8603762765546761,2.5899751879871205,0.017502134676079195,20.0,26,,,0.41026112714346497,10
total_clinical_stage_ordinal,NLRP3,0.4762341612347145,0.19304510391984292,0.07354913078428738,0.8789191916851417,2.466957988390416,0.022782121186364995,20.0,26,,,0.41026112714346497,11
total_clinical_stage_ordinal,OLR1,0.445393894854705,0.20560389348385913,0.01651168843183637,0.8742761012775736,2.1662716950915644,0.0425462014225587,20.0,26,,,0.5960266243521682,12
total_clinical_stage_ordinal,PIK3R5,0.43779010175602784,0.21719812334572397,-0.015277244357888853,0.8908574478699445,2.0156256187314185,0.057474875020442774,20.0,26,,,0.5960266243521682,13
total_clinical_stage_ordinal,CD82,0.4372018634294257,0.23138869744120266,-0.04546650154337706,0.9198702284022284,1.8894694004685404,0.07341444268140815,20.0,26,,,0.6104990496664467,14
total_clinical_stage_ordinal,OPRK1,0.4254032777750291,0.18550826963789654,0.03843980814484216,0.8123667474052161,2.2931768950537696,0.03280787028134456,20.0,26,,,0.5183643504452441,15
total_clinical_stage_ordinal,IL10RA,0.39536715235603387,0.19785632807550338,-0.01735391581970347,0.8080882205317712,1.9982537642422988,0.059468713620278134,20.0,26,,,0.5960266243521682,16
total_clinical_stage_ordinal,CYBB,0.3906879808001722,0.20242039552012475,-0.031553565235901304,0.8129295268362458,1.9300820937351135,0.06790176733125967,20.0,26,,,0.5960266243521682,17
total_clinical_stage_ordinal,P2RY2,0.39054719590662124,0.24230487499442382,-0.11489191642606467,0.8959863082393071,1.6118008187644137,0.12267469743768053,20.0,26,,,0.8427218345718923,18
total_clinical_stage_ordinal,TNFSF10,0.387538284854779,0.23771798721548243,-0.10833274723432479,0.8834093169438828,1.6302438422696641,0.1186987262640735,20.0,26,,,0.8427218345718923,19
total_clinical_stage_ordinal,HPN,0.3849810745145477,0.1968336165999003,-0.025606654905982296,0.7955688039350777,1.9558705528288438,0.06459436870043256,20.0,26,,,0.5960266243521682,20
total_clinical_stage_ordinal,IFNGR2,0.37642966558425783,0.2631451231033624,-0.17248144253562492,0.9253407737041406,1.430502154647182,0.16801178416384463,20.0,26,,,0.8691121472775908,21
total_clinical_stage_ordinal,CMKLR1,0.3662715244108505,0.23266784743443472,-0.11906510069140464,0.8516081495131056,1.5742249238544443,0.1311221751292248,20.0,26,,,0.8443717868088977,22
total_clinical_stage_ordinal,PLAUR,0.35002826349977123,0.2976129016548776,-0.2707813707870256,0.970837897786568,1.1761192527388358,0.2533574242339285,20.0,26,,,0.8691121472775908,23
total_clinical_stage_ordinal,GPR132,0.3401021074872911,0.25150635812177496,-0.18453096230968258,0.8647351772842647,1.3522604757475738,0.19138588333709136,20.0,26,,,0.8691121472775908,24
total_clinical_stage_ordinal,RGS1,0.3355622532381602,0.2343522284468772,-0.1532879290873186,0.824412435563639,1.4318713991415073,0.16762419476265863,20.0,26,,,0.8691121472775908,25
total_clinical_stage_ordinal,CD40,0.3290810935415342,0.22217192417896084,-0.13436141930449497,0.7925236063875634,1.4812001775546462,0.1541368314425559,20.0,26,,,0.8691121472775908,26
total_clinical_stage_ordinal,STAB1,0.3170337353635097,0.15899722218955192,-0.014628658340700151,0.6486961290677196,1.993957699371321,0.059971218159096375,20.0,26,,,0.5960266243521682,27
total_clinical_stage_ordinal,ITGB8,0.314781245946142,0.23661715445462267,-0.17879348924225558,0.8083559811345395,1.3303399183870637,0.19837762978724371,20.0,26,,,0.8691121472775908,28
total_clinical_stage_ordinal,NPFFR2,0.31396925171811385,0.30569184186227644,-0.32369275653396323,0.9516312599701909,1.0270776276050135,0.31664636341766034,20.0,26,,,0.8691121472775908,29
total_clinical_stage_ordinal,IL4R,0.30218503139036423,0.202372620291318,-0.1199568572647336,0.7243269200454621,1.4932110428543395,0.1509906725787501,20.0,26,,,0.8691121472775908,30
total_clinical_stage_ordinal,RIPK2,0.30189843513974157,0.17467250247774052,-0.0624620202712764,0.6662588905507596,1.7283684086349775,0.09933122893758099,20.0,26,,,0.7473492462922761,31
total_clinical_stage_ordinal,TNFRSF1B,0.3000022716463786,0.171259028945849,-0.05723780274890422,0.6572423460416614,1.7517457239655225,0.09513855543195672,20.0,26,,,0.7473492462922761,32
total_clinical_stage_ordinal,CLEC5A,0.2882305795020075,0.21998276116319787,-0.1706454193130339,0.7471065783170489,1.310241666110277,0.20496334979258699,20.0,26,,,0.8691121472775908,33
total_clinical_stage_ordinal,LYN,0.2872004146490126,0.18368199854059292,-0.09595352022740095,0.670354349525426,1.5635740950713934,0.13360313082419267,20.0,26,,,0.8443717868088977,34
total_clinical_stage_ordinal,GPC3,0.27790453016643524,0.27266306543573293,-0.2908606577519566,0.846669718084827,1.019223229674786,0.32026862574598813,20.0,26,,,0.8691121472775908,35
total_clinical_stage_ordinal,IL1B,0.26663465157138455,0.1855696414950323,-0.12045683750947844,0.6537261406522475,1.4368441379918404,0.1662226464936181,20.0,26,,,0.8691121472775908,36
total_clinical_stage_ordinal,SELL,0.2654272106658465,0.19078775387361752,-0.13254907010047062,0.6634034914321636,1.3912172310685726,0.1794434510406676,20.0,26,,,0.8691121472775908,37
total_clinical_stage_ordinal,TIMP1,0.2643275788909249,0.2136001185760052,-0.18123446079027034,0.7098896185721202,1.2374879782516104,0.23023829722112818,20.0,26,,,0.8691121472775908,38
total_clinical_stage_ordinal,CDKN1A,0.26369882347203016,0.22496473648019208,-0.20556939374944178,0.732967040693502,1.1721784827163282,0.25489955824364036,20.0,26,,,0.8691121472775908,39
total_clinical_stage_ordinal,ABCA1,0.2623747605408053,0.25653168430541623,-0.272740955985832,0.7974904770674425,1.0227772107418611,0.31862601600551554,20.0,26,,,0.8691121472775908,40
total_clinical_stage_ordinal,BST2,0.25883445271770544,0.21712980164345538,-0.19409037682262403,0.711759282258035,1.1920724412705561,0.24718593577252448,20.0,26,,,0.8691121472775908,41
total_clinical_stage_ordinal,EBI3,0.258247599239961,0.2515296452680396,-0.26643404669291193,0.7829292451728339,1.0267083983868481,0.3168159927124003,20.0,26,,,0.8691121472775908,42
total_clinical_stage_ordinal,GPR183,0.25478914128767716,0.23387378883780613,-0.23306303350155522,0.7426413160769095,1.0894300834386192,0.2889174574377709,20.0,26,,,0.8691121472775908,43
total_clinical_stage_ordinal,F3,0.24816537420294968,0.21840984593182888,-0.20742958093380828,0.7037603293397077,1.1362371194584708,0.26928952580295895,20.0,26,,,0.8691121472775908,44
total_clinical_stage_ordinal,TPBG,0.24514592323367365,0.21469431165610994,-0.20269856321687127,0.6929904096842185,1.1418370675155105,0.2670087506955846,20.0,26,,,0.8691121472775908,45
total_clinical_stage_ordinal,OSM,0.23860437561442466,0.21661569066811692,-0.2132480372235106,0.6904567884523599,1.1015101208896139,0.2837549659880153,20.0,26,,,0.8691121472775908,46
total_clinical_stage_ordinal,SCARF1,0.23627748179810976,0.2569332532689842,-0.29967589290808677,0.7722308565043063,0.9196064689639458,0.3687374832178769,20.0,26,,,0.8691121472775908,47
total_clinical_stage_ordinal,SLC31A2,0.2285297490777497,0.252990265410097,-0.29919869708179514,0.7562581952372945,0.9033143971263209,0.3771108626097386,20.0,26,,,0.8691121472775908,48
total_clinical_stage_ordinal,MMP14,0.22625201903718561,0.18917715085633127,-0.1683646027070163,0.6208686407813875,1.1959796308012403,0.24569184874779937,20.0,26,,,0.8691121472775908,49
total_clinical_stage_ordinal,SLC31A1,0.22551527566581334,0.2674999505987704,-0.3324798434286388,0.7835103947602654,0.8430479151903437,0.4091713282009063,20.0,26,,,0.8691121472775908,50
total_clinical_stage_ordinal,BEST1,0.22492049243819578,0.28026077733457094,-0.35969324478402875,0.8095342296604203,0.8025400292445818,0.4316745086127364,20.0,26,,,0.8691121472775908,51
total_clinical_stage_ordinal,APLNR,0.21899933895959228,0.20246215238369508,-0.20332931036756136,0.641327988286746,1.0816803851050483,0.29226502348150163,20.0,26,,,0.8691121472775908,52
total_clinical_stage_ordinal,TLR3,0.2171077069096332,0.2342983690866707,-0.2716301267591617,0.7058455405784281,0.9266291854951906,0.3651668058457067,20.0,26,,,0.8691121472775908,53
total_clinical_stage_ordinal,MET,0.21634350220033158,0.23408848508047314,-0.27195652110336943,0.7046435255040326,0.924195404681946,0.3664016141479466,20.0,26,,,0.8691121472775908,54
total_clinical_stage_ordinal,ICOSLG,0.21600768897486036,0.3053102865935933,-0.420858408933632,0.8528737868833527,0.7075021656980525,0.48741773045426184,20.0,26,,,0.8691121472775908,55
total_clinical_stage_ordinal,OSMR,0.2109381188137558,0.183329744742807,-0.17148102751631572,0.5933572651438273,1.1505940790441864,0.2634708665428707,20.0,26,,,0.8691121472775908,56
total_clinical_stage_ordinal,RGS16,0.19977439591814294,0.231281833332957,-0.28267105443103463,0.6822198462673206,0.8637703750408471,0.39795506708970996,20.0,26,,,0.8691121472775908,57
total_clinical_stage_ordinal,CSF1,0.19749340179344876,0.20525123822970662,-0.23065317865977147,0.625639982246669,0.9622032173682885,0.34743764760972795,20.0,26,,,0.8691121472775908,58
total_clinical_stage_ordinal,IL6,0.19724248299298566,0.21797632785847068,-0.25744816928901804,0.6519331352749893,0.9048802910426712,0.3763006209699966,20.0,26,,,0.8691121472775908,59
total_clinical_stage_ordinal,FZD5,0.19174114048334062,0.229996424690054,-0.28802299442194174,0.671505275388623,0.8336700917926587,0.41431312351782035,20.0,26,,,0.8691121472775908,60
total_clinical_stage_ordinal,DCBLD2,0.18828551363686308,0.22599877870140478,-0.2831396778609881,0.6597107051347142,0.8331262439503294,0.41461256887319475,20.0,26,,,0.8691121472775908,61
total_clinical_stage_ordinal,HIF1A,0.18376307734934705,0.25633755668867886,-0.35094769606467124,0.7184738507633653,0.7168792576599562,0.48173737204949074,20.0,26,,,0.8691121472775908,62
total_clinical_stage_ordinal,GABBR1,0.18198704209386204,0.18876318043622947,-0.21176605248575828,0.5757401366734823,0.9641024360433648,0.34650796269383766,20.0,26,,,0.8691121472775908,63
total_clinical_stage_ordinal,PDPN,0.17938806290992243,0.2242935368054218,-0.28848005632416196,0.6472561821440068,0.7997914940613934,0.4332289190438783,20.0,26,,,0.8691121472775908,64
total_clinical_stage_ordinal,ITGA5,0.17752319976920897,0.2749912753475932,-0.39609854892288543,0.7511449484613033,0.645559389274503,0.5259025594368617,20.0,26,,,0.8691121472775908,65
total_clinical_stage_ordinal,KLF6,0.17546086388326804,0.2676493584582682,-0.3828459145448307,0.7337676423113668,0.6555624302407055,0.5195762085131987,20.0,26,,,0.8691121472775908,66
total_clinical_stage_ordinal,CX3CL1,0.17296301570238642,0.22658017068093714,-0.2996749382133028,0.6456009696180757,0.763363427534651,0.4541578476339754,20.0,26,,,0.8691121472775908,67
total_clinical_stage_ordinal,SELE,0.17143934956440432,0.15017971473560038,-0.14183004589486858,0.4847087450236772,1.141561294521252,0.267120733195569,20.0,26,,,0.8691121472775908,68
total_clinical_stage_ordinal,IL15RA,0.17031535548203933,0.24934125430566628,-0.34980138689499585,0.6904320978590746,0.6830612766279363,0.5024047519054972,20.0,26,,,0.8691121472775908,69
total_clinical_stage_ordinal,ACVR1B,0.17009535844243806,0.20325113341320097,-0.2538790764728511,0.5940697933577272,0.8368728655335042,0.4125524548567614,20.0,26,,,0.8691121472775908,70
total_clinical_stage_ordinal,LY6E,0.16868132998198176,0.2048396225678602,-0.25860663524630473,0.5959692952102682,0.8234799882337229,0.4199467102503306,20.0,26,,,0.8691121472775908,71
total_clinical_stage_ordinal,PTAFR,0.16826885667738115,0.24855895640326672,-0.35021604087037583,0.6867537542251381,0.6769776439050483,0.506175620199682,20.0,26,,,0.8691121472775908,72
total_clinical_stage_ordinal,NDP,0.16663065061897991,0.15363911039718745,-0.1538549177399936,0.48711621897795343,1.0845588092003837,0.2910183969943139,20.0,26,,,0.8691121472775908,73
total_clinical_stage_ordinal,ICAM1,0.16646911534168868,0.19413122468472369,-0.23848152332359618,0.5714197540069735,0.8575081912352879,0.40132334932931,20.0,26,,,0.8691121472775908,74
total_clinical_stage_ordinal,ADRM1,0.16438752729190256,0.25629320034802033,-0.37023072041684757,0.6990057750006526,0.6414041693992696,0.528542911869416,20.0,26,,,0.8691121472775908,75
total_clinical_stage_ordinal,P2RX7,0.16134951449183427,0.2423025680941937,-0.34408478573129514,0.6667838147149636,0.6659009673769144,0.5130823412946994,20.0,26,,,0.8691121472775908,76
total_clinical_stage_ordinal,NFKBIA,0.15828269852180477,0.3029392908906637,-0.473637589016752,0.7902029860603615,0.5224898297491951,0.607069143294893,20.0,26,,,0.9222781215441644,77
total_clinical_stage_ordinal,KCNMB2,0.15817436246150002,0.252717027239392,-0.3689841188615564,0.6853328437845565,0.625895153125815,0.538461633106647,20.0,26,,,0.8691121472775908,78
total_clinical_stage_ordinal,SERPINE1,0.15797905447450913,0.29981727854247475,-0.46742882942381303,0.7833869383728312,0.5269177788635302,0.6040466088542702,20.0,26,,,0.9222781215441644,79
total_clinical_stage_ordinal,LCP2,0.15550165949297853,0.24298670228875824,-0.35135971965303703,0.6623630386389942,0.639959545227232,0.529462569470029,20.0,26,,,0.8691121472775908,80
total_clinical_stage_ordinal,LIF,0.14968014319011821,0.19551355312542942,-0.25815398207459483,0.5575142684548312,0.7655742571160409,0.4528703993284978,20.0,26,,,0.8691121472775908,81
total_clinical_stage_ordinal,IL15,0.14937892939676148,0.21023080895913243,-0.2891548535811159,0.5879127123746388,0.7105472796130458,0.485568834855441,20.0,26,,,0.8691121472775908,82
total_clinical_stage_ordinal,ADM,0.1459023605261564,0.23669293335092048,-0.3478304466699925,0.6396351677223053,0.6164204332616972,0.5445702694967183,20.0,26,,,0.8691121472775908,83
total_clinical_stage_ordinal,RNF144B,0.1406796604953045,0.20727336464576934,-0.2916850017475732,0.5730443227381823,0.6787155732031772,0.5050967521209688,20.0,26,,,0.8691121472775908,84
total_clinical_stage_ordinal,MSR1,0.13976148442851316,0.23860503899994873,-0.3579599052588192,0.6374828741158456,0.5857440606212143,0.5645995085629226,20.0,26,,,0.8920672235294177,85
total_clinical_stage_ordinal,PTPRE,0.1323178381883918,0.17872997127904042,-0.2405063488305593,0.5051420252073429,0.7403226064520083,0.4677069969657406,20.0,26,,,0.8691121472775908,86
total_clinical_stage_ordinal,NMI,0.12879407199759793,0.23258505227819312,-0.3563698454351266,0.6139579894303224,0.5537504269343516,0.5858880692619748,20.0,26,,,0.9123562969188214,87
total_clinical_stage_ordinal,PDE4B,0.10802901108406521,0.19672444905827988,-0.3023309988350167,0.5183890210031471,0.5491387145888587,0.588989508137467,20.0,26,,,0.9123562969188214,88
total_clinical_stage_ordinal,IFITM1,0.10676820349698701,0.29872967100807196,-0.5163709708395999,0.729907377833574,0.35740742838397876,0.7245306493350676,20.0,26,,,0.9447380333348725,89
total_clinical_stage_ordinal,PTGER2,0.1031437290307881,0.25376297662342373,-0.42619656447504867,0.6324840225366248,0.4064569639086877,0.6887233238794819,20.0,26,,,0.9447380333348725,90
total_clinical_stage_ordinal,CHST2,0.10252278450613525,0.23070692982284752,-0.3787234381352491,0.5837690071475197,0.44438537058622046,0.6615353197971657,20.0,26,,,0.9447380333348725,91
total_clinical_stage_ordinal,HBEGF,0.10092463400318574,0.21885852706971268,-0.35560625358667547,0.557455521593047,0.4611409724558658,0.6496730487534812,20.0,26,,,0.9447380333348725,92
total_clinical_stage_ordinal,RHOG,0.09427661953461614,0.23744033874599896,-0.4010152479959558,0.589568487065188,0.3970539295577246,0.6955329985934925,20.0,26,,,0.9447380333348725,93
total_clinical_stage_ordinal,AQP9,0.08653786642433241,0.24675842702005604,-0.428191192644319,0.6012669254929838,0.3506987277775878,0.7294812662459143,20.0,26,,,0.9447380333348725,94
total_clinical_stage_ordinal,SEMA4D,0.08627730008932172,0.22398815545640335,-0.3809538048132335,0.5535084049918769,0.38518688594725525,0.7041649234876257,20.0,26,,,0.9447380333348725,95
total_clinical_stage_ordinal,GNA15,0.08599303752179682,0.2353750577932667,-0.40499072943304126,0.5769768044766349,0.36534473247936805,0.7186893870931502,20.0,26,,,0.9447380333348725,96
total_clinical_stage_ordinal,PCDH7,0.0824063782262712,0.1982074132659472,-0.33104704082360836,0.4958597972761507,0.4157583052441204,0.6820139055824781,20.0,26,,,0.9447380333348725,97
total_clinical_stage_ordinal,SCN1B,0.08024463590275796,0.17150972982021537,-0.27751839135265066,0.43800766315816664,0.46787220752358594,0.6449341710546916,20.0,26,,,0.9447380333348725,98
total_clinical_stage_ordinal,ABI1,0.06524325452273413,0.2529475273060926,-0.462396041514052,0.5928825505595203,0.25793197196896517,0.7990948906940457,20.0,26,,,0.9481243068193999,99
total_clinical_stage_ordinal,AHR,0.06334668601022068,0.13865415417108878,-0.22588081140223243,0.3525741834226738,0.45686828778354266,0.6526890274241246,20.0,26,,,0.9447380333348725,100
total_clinical_stage_ordinal,RASGRP1,0.0584166778601567,0.21107611288202643,-0.381880378202708,0.4987137339230214,0.27675646032389584,0.7848071503400323,20.0,26,,,0.9481243068193999,101
total_clinical_stage_ordinal,NFKB1,0.05526890879708855,0.23145644459790352,-0.4275407742682483,0.5380785918624255,0.23878751310253715,0.8137001077075886,20.0,26,,,0.9481243068193999,102
total_clinical_stage_ordinal,EIF2AK2,0.045154537937159976,0.2308169704800685,-0.43632122549290053,0.5266303013672204,0.19562919417599392,0.8468742950090904,20.0,26,,,0.9481243068193999,103
total_clinical_stage_ordinal,TAPBP,0.043304187082749836,0.24525413031223153,-0.4682869640395373,0.554895338205037,0.17656863526669067,0.8616229711664449,20.0,26,,,0.9481243068193999,104
total_clinical_stage_ordinal,TACR3,0.043258091796957776,0.19849235415476751,-0.3707897035316323,0.45730588712554787,0.21793329008143447,0.8296892542591621,20.0,26,,,0.9481243068193999,105
total_clinical_stage_ordinal,PSEN1,0.041910109086182756,0.19452386654775244,-0.36385956615324644,0.44767978432561195,0.21544970203383504,0.8315986661875463,20.0,26,,,0.9481243068193999,106
total_clinical_stage_ordinal,INHBA,0.035108838268381695,0.21399019848438586,-0.4112668938432084,0.4814845703799718,0.1640675064420928,0.8713247367855004,20.0,26,,,0.9481243068193999,107
total_clinical_stage_ordinal,HRH1,0.02013703969769208,0.19967055762438068,-0.39636844500195284,0.43664252439733703,0.1008513219839541,0.9206726606633375,20.0,26,,,0.9507600025150805,108
total_clinical_stage_ordinal,IL1R1,0.018294755172666946,0.17012332677325917,-0.3365762860036131,0.373165796348947,0.10753819314296766,0.9154335076642574,20.0,26,,,0.9507600025150805,109
total_clinical_stage_ordinal,MYC,0.014481432025124967,0.21694058146610182,-0.43804869114175976,0.4670115551920097,0.06675298797144495,0.9474411548399357,20.0,26,,,0.9720500160046094,110
total_clinical_stage_ordinal,IL18R1,0.012315472109020974,0.2367660770722708,-0.4815699102162617,0.5062008544343036,0.05201535735738774,0.9590324832507974,20.0,26,,,0.973234908997176,111
total_clinical_stage_ordinal,EMP3,0.009661522165821203,0.19470060403387732,-0.3964768210094261,0.41579986534106855,0.049622456046105164,0.9609154797693638,20.0,26,,,0.973234908997176,112
total_clinical_stage_ordinal,BTG2,0.004999458966002415,0.26343752439641144,-0.5445215875631139,0.5545205054951187,0.018977778421875112,0.9850468862946657,20.0,26,,,0.9850468862946657,113
total_clinical_stage_ordinal,VIP,-0.009205754215537078,0.28009486102235154,-0.5934733960751668,0.5750618876440927,-0.032866558786319396,0.9741067967564467,20.0,26,,,0.9803112986466153,114
total_clinical_stage_ordinal,KCNA3,-0.02053170435906907,0.19996566711806202,-0.4376527766754744,0.39658936795733624,-0.10267614763561846,0.9192425344131443,20.0,26,,,0.9507600025150805,115
total_clinical_stage_ordinal,ADORA2B,-0.02719978304349653,0.20372995382797263,-0.45217301984180397,0.39777345375481094,-0.1335090031309963,0.8951251052806778,20.0,26,,,0.9491930646600476,116
total_clinical_stage_ordinal,ATP2C1,-0.032796064147554295,0.23836092467946662,-0.5300082402854068,0.46441611199029825,-0.1375899350602724,0.8919402821312514,20.0,26,,,0.9491930646600476,117
total_clinical_stage_ordinal,IRAK2,-0.0338512978191124,0.27799548340989405,-0.6137397147171477,0.5460371190789228,-0.12176923669367647,0.9042969658530613,20.0,26,,,0.9507600025150805,118
total_clinical_stage_ordinal,SPHK1,-0.03441847688383391,0.1928257385031179,-0.43664591909337847,0.3678089653257106,-0.17849524213427234,0.8601297430020564,20.0,26,,,0.9481243068193999,119
total_clinical_stage_ordinal,SLC11A2,-0.03533925292900966,0.24844174693303786,-0.5535796558061958,0.48290114994817657,-0.14224361793162965,0.8883107669029369,20.0,26,,,0.9491930646600476,120
total_clinical_stage_ordinal,SELENOS,-0.03671442836239956,0.23168415866156075,-0.5199991146409538,0.4465702579161547,-0.15846758179108486,0.8756775429492375,20.0,26,,,0.9481243068193999,121
total_clinical_stage_ordinal,NMUR1,-0.04010530771304752,0.19009424726985372,-0.43663495905347594,0.35642434362738085,-0.21097591478460093,0.835040860194648,20.0,26,,,0.9481243068193999,122
total_clinical_stage_ordinal,PVR,-0.040414972281724346,0.24231648957544252,-0.5458783122058705,0.4650483676424218,-0.16678589373977207,0.8692132443758425,20.0,26,,,0.9481243068193999,123
total_clinical_stage_ordinal,IFNAR1,-0.04355480674125646,0.2758287385144649,-0.6189234729878765,0.5318138595053636,-0.15790525300528965,0.8761148657951416,20.0,26,,,0.9481243068193999,124
total_clinical_stage_ordinal,ATP2A2,-0.04631988251765776,0.21617249956984097,-0.4972478149244357,0.40460804988912025,-0.21427278034823638,0.832503872122197,20.0,26,,,0.9481243068193999,125
total_clinical_stage_ordinal,TNFSF9,-0.04762506043147442,0.1848635300863979,-0.43324362692422863,0.3379935060612798,-0.2576228010425656,0.7993301715954524,20.0,26,,,0.9481243068193999,126
total_clinical_stage_ordinal,TACR1,-0.047789616748408564,0.24607225140059039,-0.5610873385564495,0.46550810505963247,-0.1942096944145483,0.847970759136089,20.0,26,,,0.9481243068193999,127
total_clinical_stage_ordinal,SGMS2,-0.06042987858989167,0.20663696019262914,-0.4914670244058418,0.3706072672260584,-0.29244467462915785,0.7729589491531139,20.0,26,,,0.9481243068193999,128
total_clinical_stage_ordinal,SRI,-0.0618672727778562,0.20890923598856762,-0.49764430284624084,0.37390975729052844,-0.29614426803629607,0.7701730670765304,20.0,26,,,0.9481243068193999,129
total_clinical_stage_ordinal,IRF1,-0.06632999051518683,0.25284894951359804,-0.5937636568801172,0.46110367584974354,-0.26233049669688124,0.7957497244698599,20.0,26,,,0.9481243068193999,130
total_clinical_stage_ordinal,CD55,-0.06776137611646277,0.18593095271288948,-0.4556065471908629,0.3200837949579374,-0.3644437632775346,0.7193515515442146,20.0,26,,,0.9447380333348725,131
total_clinical_stage_ordinal,ITGB3,-0.06786115346884306,0.24392849670879405,-0.5766870813498923,0.4409647744122063,-0.27820100719866625,0.7837138893423066,20.0,26,,,0.9481243068193999,132
total_clinical_stage_ordinal,CXCL8,-0.06863637663888111,0.2642062575703854,-0.6197609724696077,0.4824882191918455,-0.2597833119853195,0.7976864215649555,20.0,26,,,0.9481243068193999,133
total_clinical_stage_ordinal,CXCR6,-0.07101698018159697,0.23130540180471446,-0.5535115935013686,0.4114776331381746,-0.30702689875593514,0.76199680819275,20.0,26,,,0.9481243068193999,134
total_clinical_stage_ordinal,MXD1,-0.07159552127621407,0.22129534182693852,-0.5332095153774064,0.39001847282497826,-0.3235292739790453,0.749653034686133,20.0,26,,,0.9481243068193999,135
total_clinical_stage_ordinal,EDN1,-0.07681898597172691,0.2950008512288563,-0.6921799785474281,0.5385420066039743,-0.2604025908797536,0.7972154422852356,20.0,26,,,0.9481243068193999,136
total_clinical_stage_ordinal,LDLR,-0.08734610055211106,0.21321089517204836,-0.5320962344398319,0.3574040333356098,-0.4096699677642084,0.6864026424023811,20.0,26,,,0.9447380333348725,137
total_clinical_stage_ordinal,RAF1,-0.08773905920492248,0.2336801356903191,-0.5751872806070488,0.3997091621972039,-0.37546648518382103,0.7112661687534472,20.0,26,,,0.9447380333348725,138
total_clinical_stage_ordinal,GCH1,-0.0985350017682317,0.27188999888184856,-0.6656876011129169,0.4686175975764535,-0.3624075992991955,0.7208488586196261,20.0,26,,,0.9447380333348725,139
total_clinical_stage_ordinal,ATP2B1,-0.10126946696344517,0.25979538372957195,-0.6431931411917339,0.4406542072648435,-0.3898047205829466,0.700801016497036,20.0,26,,,0.9447380333348725,140
total_clinical_stage_ordinal,PTGER4,-0.12001842247541425,0.2454959351319238,-0.6321139696129522,0.39207712466212363,-0.48888150596432134,0.6302436321626053,20.0,26,,,0.9447380333348725,141
total_clinical_stage_ordinal,CCL2,-0.1228457312904757,0.18295025755460967,-0.5044732812172619,0.2587818186363105,-0.6714706660295732,0.5096028332092672,20.0,26,,,0.8691121472775908,142
total_clinical_stage_ordinal,CALCRL,-0.13143285752339678,0.27185436167461263,-0.6985111189564253,0.43564540390963163,-0.4834679006574525,0.6340143435628167,20.0,26,,,0.9447380333348725,143
total_clinical_stage_ordinal,GNAI3,-0.14784225625117292,0.23785608252986615,-0.6440013501183197,0.34831683761597393,-0.621561806108571,0.5412508758865275,20.0,26,,,0.8691121472775908,144
total_clinical_stage_ordinal,SLC7A1,-0.1498198379220549,0.20806802228662374,-0.5838421269568455,0.2842024511127356,-0.7200522034840646,0.4798241075200098,20.0,26,,,0.8691121472775908,145
total_clinical_stage_ordinal,KCNJ2,-0.15209833114151888,0.24185272068869815,-0.6565942661199371,0.3523976038368994,-0.62888823705768,0.5365396174172148,20.0,26,,,0.8691121472775908,146
total_clinical_stage_ordinal,MEFV,-0.15694809579657376,0.2226609144290685,-0.6214106244303969,0.30751443283724933,-0.7048749269669042,0.4890161883932368,20.0,26,,,0.8691121472775908,147
total_clinical_stage_ordinal,RELA,-0.1578155871296279,0.2536322421564836,-0.6868831733161298,0.37125199905687406,-0.6222221031041485,0.5408253617192014,20.0,26,,,0.8691121472775908,148
total_clinical_stage_ordinal,SLC1A2,-0.15928340992898182,0.21563167821496496,-0.6090832087579876,0.290516388900024,-0.738682791172227,0.4686804056344779,20.0,26,,,0.8691121472775908,149
total_clinical_stage_ordinal,C5AR1,-0.17192726213485915,0.18052742243204822,-0.5485008665572304,0.20464634228751205,-0.9523609201232226,0.35228288023205045,20.0,26,,,0.8691121472775908,150
total_clinical_stage_ordinal,LPAR1,-0.17301827301336248,0.24524460923651223,-0.6845895635197206,0.3385530174929956,-0.7054926652699829,0.4886400724598171,20.0,26,,,0.8691121472775908,151
total_clinical_stage_ordinal,IL18,-0.18856419655801945,0.1793153119492386,-0.562609382819202,0.18548098970316315,-1.051578889210527,0.3055333039518869,20.0,26,,,0.8691121472775908,152
total_clinical_stage_ordinal,IRF7,-0.20210282819213238,0.248949521159508,-0.7214024295451991,0.31719677316093425,-0.8118225222961574,0.4264506455717544,20.0,26,,,0.8691121472775908,153
total_clinical_stage_ordinal,KIF1B,-0.21107232434886933,0.20527181819141369,-0.6392618338499566,0.21711718515221798,-1.0282576839264255,0.31610465842052193,20.0,26,,,0.8691121472775908,154
total_clinical_stage_ordinal,NAMPT,-0.21572947402759388,0.255193307391287,-0.7480533852326932,0.31659443717750535,-0.8453570990277447,0.4079115141631878,20.0,26,,,0.8691121472775908,155
total_clinical_stage_ordinal,SLC7A2,-0.21719962683936153,0.2740775862439218,-0.7889154534590322,0.3545161997803091,-0.7924749696462213,0.43738367134123257,20.0,26,,,0.8691121472775908,156
total_clinical_stage_ordinal,ACVR2A,-0.2379819629018687,0.24696362269508434,-0.7531390526481662,0.2771751268444288,-0.9636316486808872,0.3467382583376848,20.0,26,,,0.8691121472775908,157
total_clinical_stage_ordinal,LAMP3,-0.25972895628293013,0.2723437009082027,-0.8278279614705405,0.3083700489046802,-0.9536807916496496,0.3516304638809292,20.0,26,,,0.8691121472775908,158
total_excluding_high_leverage,P2RX4,0.6829643450081718,0.21085787824127764,0.24163373378768904,1.1242949562286546,3.2389794998633086,0.004319358893898521,19.0,25,,,0.34289462439629176,1
total_excluding_high_leverage,TLR2,0.6468450479586693,0.2464789636993738,0.1309586480302588,1.1627314478870798,2.624341802846977,0.016693940003042265,19.0,25,,,0.4396070867467796,2
total_excluding_high_leverage,CD82,0.5723026465715855,0.23194380386471666,0.08683868581178128,1.0577666073313896,2.467419422445043,0.023282688989867257,19.0,25,,,0.5255235514855753,3
total_excluding_high_leverage,NLRP3,0.5712564725155624,0.18187601205958917,0.190585604354995,0.9519273406761299,3.140911580623387,0.005380727542129994,19.0,25,,,0.34289462439629176,4
total_excluding_high_leverage,FPR1,0.5322095831892727,0.18193014111191994,0.15142542162013461,0.9129937447584108,2.9253513460524805,0.008680876566994728,19.0,25,,,0.34289462439629176,5
total_excluding_high_leverage,OPRK1,0.5231119973942777,0.19307190691337395,0.11900785199411301,0.9272161427944424,2.70941539738862,0.013903850660567872,19.0,25,,,0.4393616808739447,6
total_excluding_high_leverage,IL10RA,0.5116070254695808,0.17413368300112142,0.14714103826553043,0.8760730126736311,2.9380130061700127,0.008442094898096188,19.0,25,,,0.34289462439629176,7
total_excluding_high_leverage,IFNGR2,0.4969266252511724,0.3159382482864845,-0.16433972812004977,1.1581929786223946,1.5728599748409458,0.1322557410505934,19.0,25,,,0.9902293474260673,8
total_excluding_high_leverage,CD40,0.49536566288689377,0.3618414221581688,-0.2619771375714486,1.2527084633452361,1.3690131437477013,0.1869631830503838,19.0,25,,,0.9902293474260673,9
total_excluding_high_leverage,TLR1,0.4953459120350013,0.24575783413782254,-0.019031146374737518,1.0097229704447401,2.0155854391083547,0.058210099964685666,19.0,25,,,0.8987726847858186,10
total_excluding_high_leverage,AXL,0.4942389334564222,0.27202734035826476,-0.07512083337012954,1.063598700282974,1.8168722776376114,0.08504604196433314,19.0,25,,,0.9598053307403311,11
total_excluding_high_leverage,CSF3R,0.49087160883931347,0.21984976890008823,0.030720754175331155,0.9510224635032958,2.2327592669082694,0.037793275458758574,19.0,25,,,0.7453225351990649,12
total_excluding_high_leverage,HPN,0.47846288215981225,0.2792769675845229,-0.10607052883679091,1.0629962931564154,1.7132199847988034,0.10294247202273987,19.0,25,,,0.9902293474260673,13
total_excluding_high_leverage,SLC4A4,0.4712993987790049,0.21667890578378168,0.017785236890688116,0.9248135606673217,2.175105126519803,0.04245508111893408,19.0,25,,,0.7453225351990649,14
total_excluding_high_leverage,PIK3R5,0.4630437769264147,0.24484619313938666,-0.049425194944613005,0.9755127487974424,1.8911618391502292,0.07394965127984583,19.0,25,,,0.8987726847858186,15
total_excluding_high_leverage,CD14,0.4391793108313341,0.2301687330143322,-0.04256938394033649,0.9209280056030047,1.9080754587287372,0.071609278349034,19.0,25,,,0.8987726847858186,16
total_excluding_high_leverage,C3AR1,0.43351687404639705,0.27767844439673617,-0.14767078946663914,1.0147045375594332,1.5612190387634302,0.13497434810660594,19.0,25,,,0.9902293474260673,17
total_excluding_high_leverage,P2RY2,0.4325165478545749,0.22330883028108398,-0.03487420548550618,0.8999073011946559,1.936853761269343,0.06777754576450679,19.0,25,,,0.8987726847858186,18
total_excluding_high_leverage,SLC31A1,0.42593858486847047,0.3005012704803026,-0.2030178026270466,1.0548949723639875,1.4174269020150119,0.17254906241136736,19.0,25,,,0.9902293474260673,19
total_excluding_high_leverage,TNFSF10,0.4227422012013866,0.2736565108465073,-0.1500274586457888,0.995511861048562,1.5447913148264207,0.1388900675664096,19.0,25,,,0.9902293474260673,20
total_excluding_high_leverage,NOD2,0.4126093061383737,0.26025945520930605,-0.13211999400189373,0.9573386062786411,1.5853768148655532,0.1293838466857428,19.0,25,,,0.9902293474260673,21
total_excluding_high_leverage,OLR1,0.3991887037135096,0.2491388234015299,-0.12226484655286468,0.920642253979884,1.602274178963062,0.12559001967125633,19.0,25,,,0.9902293474260673,22
total_excluding_high_leverage,ITGB8,0.3907123160075856,0.25571996861044866,-0.1445157294866094,0.9259403615017806,1.5278913028601913,0.1430165089977625,19.0,25,,,0.9902293474260673,23
total_excluding_high_leverage,PLAUR,0.3751616863563634,0.29761264762086,-0.24774874401022662,0.9980721167229534,1.2605703734550153,0.2227250498100294,19.0,25,,,0.9902293474260673,24
total_excluding_high_leverage,BEST1,0.34065600544353153,0.31468423513941635,-0.31798566824633284,0.9992976791333958,1.08253279765543,0.29256374933361234,19.0,25,,,0.9902293474260673,25
total_excluding_high_leverage,SLC31A2,0.33994476684783453,0.2739380748197198,-0.23341421316812955,0.9133037468637986,1.2409547926901148,0.22972682427137028,19.0,25,,,0.9902293474260673,26
total_excluding_high_leverage,RGS1,0.3260291185351317,0.2922185938222498,-0.28559142748019495,0.9376496645504584,1.1157028520007461,0.27846208194755073,19.0,25,,,0.9902293474260673,27
total_excluding_high_leverage,CMKLR1,0.3225137679375445,0.28335204842541367,-0.27054888528270127,0.9155764211577903,1.138208704435886,0.2691826921522411,19.0,25,,,0.9902293474260673,28
total_excluding_high_leverage,DCBLD2,0.3105456083173692,0.25244343848310263,-0.2178245808052972,0.8389157974400356,1.2301591603386264,0.23365185696815155,19.0,25,,,0.9902293474260673,29
total_excluding_high_leverage,APLNR,0.2972622859676173,0.3024179904652024,-0.3357058425618601,0.9302304144970946,0.9829517268808835,0.3379832926260026,19.0,25,,,0.9902293474260673,30
total_excluding_high_leverage,ACVR1B,0.2967781928512933,0.25889323735378966,-0.24509158045381624,0.8386479661564028,1.1463342800481577,0.26588936292104903,19.0,25,,,0.9902293474260673,31
total_excluding_high_leverage,PTGER2,0.2921380124338954,0.24192844046375236,-0.21422403290221564,0.7985000577700065,1.2075389395058158,0.24204222710424442,19.0,25,,,0.9902293474260673,32
total_excluding_high_leverage,GPC3,0.28633635203494984,0.29034724159682807,-0.32136740875829867,0.8940401128281983,0.9861858871473362,0.3364349004651769,19.0,25,,,0.9902293474260673,33
total_excluding_high_leverage,RIPK2,0.2833877397707809,0.25824575170170205,-0.25712683048962515,0.823902310031187,1.097356831248555,0.2861986782625411,19.0,25,,,0.9902293474260673,34
total_excluding_high_leverage,MSR1,0.28112087159981464,0.2600271488015511,-0.26312220564102856,0.8253639488406579,1.081121232515463,0.29317515710982256,19.0,25,,,0.9902293474260673,35
total_excluding_high_leverage,GPR183,0.277555112536564,0.28607493069351336,-0.3212065987681361,0.8763168238412642,0.9702182287126827,0.34412761270890924,19.0,25,,,0.9902293474260673,36
total_excluding_high_leverage,HIF1A,0.26763542569817544,0.2899613188895832,-0.3392605895856673,0.8745314409820182,0.923003891426258,0.36757876975993486,19.0,25,,,0.9902293474260673,37
total_excluding_high_leverage,CDKN1A,0.25860824363028834,0.24501025964876919,-0.25420412339139975,0.7714206106519764,1.055499651324856,0.304434185486613,19.0,25,,,0.9902293474260673,38
total_excluding_high_leverage,TNFRSF1B,0.250166935368432,0.18920943327131817,-0.14585295978939206,0.646186830526256,1.3221694660947658,0.20180888753840123,19.0,25,,,0.9902293474260673,39
total_excluding_high_leverage,CYBB,0.24831656037698008,0.2197086120091466,-0.2115388495188159,0.708171970272776,1.1302085890317422,0.27245462886424243,19.0,25,,,0.9902293474260673,40
total_excluding_high_leverage,MET,0.2463524073273041,0.27429669249531363,-0.32775716811001376,0.820461982764622,0.898123871222082,0.38036016519479376,19.0,25,,,0.9902293474260673,41
total_excluding_high_leverage,TIMP1,0.24138904911748243,0.3297709080270139,-0.4488293938271127,0.9316074920620776,0.731990127818396,0.4731077484570717,19.0,25,,,0.9902293474260673,42
total_excluding_high_leverage,ABCA1,0.238538523937128,0.30355925010404916,-0.3968182884687809,0.8738953363430368,0.7858054856024502,0.44167165855295876,19.0,25,,,0.9902293474260673,43
total_excluding_high_leverage,STAB1,0.23183904671155622,0.2126940916669,-0.21333480337778157,0.677012896800894,1.0900116918839433,0.28933976388616633,19.0,25,,,0.9902293474260673,44
total_excluding_high_leverage,SELL,0.2252518113274429,0.2083250498837762,-0.21077752921510198,0.6612811518699878,1.0812516855419456,0.2931186136320939,19.0,25,,,0.9902293474260673,45
total_excluding_high_leverage,SELE,0.2242431586644291,0.19177724007526864,-0.1771512179011365,0.6256375352299947,1.1692897372827884,0.25674755472502914,19.0,25,,,0.9902293474260673,46
total_excluding_high_leverage,MMP14,0.2190195850567943,0.2535831954298499,-0.3117361427715931,0.7497753128851817,0.8636991291380066,0.39852562440581873,19.0,25,,,0.9902293474260673,47
total_excluding_high_leverage,NPFFR2,0.21785648229169433,0.27583784189186533,-0.3594787559040431,0.7951917204874317,0.7897991109468547,0.43939130858141295,19.0,25,,,0.9902293474260673,48
total_excluding_high_leverage,IL4R,0.21467398012596853,0.23798716158955008,-0.28343887372130605,0.712786833973243,0.9020401717980521,0.3783289161958121,19.0,25,,,0.9902293474260673,49
total_excluding_high_leverage,ADM,0.20670015317742288,0.25736221475728566,-0.3319651530053612,0.7453654593602069,0.803148797007201,0.4318218550681565,19.0,25,,,0.9902293474260673,50
total_excluding_high_leverage,PSEN1,0.20407923502946293,0.2337526542799403,-0.2851706931602307,0.6933291632191566,0.873056332378837,0.393532848792317,19.0,25,,,0.9902293474260673,51
total_excluding_high_leverage,CLEC5A,0.2007195366362663,0.22762340360965722,-0.2757017224650269,0.6771407957375595,0.8818053568009757,0.38890176838263224,19.0,25,,,0.9902293474260673,52
total_excluding_high_leverage,CX3CL1,0.19973488114733554,0.2824114096464607,-0.3913589924820525,0.7908287547767235,0.7072479167799044,0.48799717524685726,19.0,25,,,0.9902293474260673,53
total_excluding_high_leverage,GPR132,0.19726218776626456,0.36783033090045586,-0.5726155427493406,0.9671399182818697,0.536285812220441,0.5979845186917971,19.0,25,,,0.9902293474260673,54
total_excluding_high_leverage,IL15RA,0.18666157648200102,0.3686863290242226,-0.5850077786971762,0.9583309316611782,0.5062883046844338,0.6184786017106529,19.0,25,,,0.9902293474260673,55
total_excluding_high_leverage,SERPINE1,0.18254685288057448,0.29913843262403106,-0.44355708219950807,0.808650787960657,0.6102420584318784,0.5489316982866557,19.0,25,,,0.9902293474260673,56
total_excluding_high_leverage,IL6,0.18239795252348848,0.28255249918756276,-0.40899122490925155,0.7737871299562284,0.6455365040052605,0.5262993796356774,19.0,25,,,0.9902293474260673,57
total_excluding_high_leverage,EBI3,0.17830251022688975,0.27258121008223024,-0.39221651925493023,0.7488215397087097,0.6541261966409967,0.5208701411038766,19.0,25,,,0.9902293474260673,58
total_excluding_high_leverage,TPBG,0.17561277645117024,0.26014843609630034,-0.36888415801507723,0.7201097109174177,0.6750483650271218,0.5077774220897251,19.0,25,,,0.9902293474260673,59
total_excluding_high_leverage,NMI,0.1728962704125059,0.2536729873378747,-0.35804739403926855,0.7038399348642803,0.6815714681603846,0.5037338376287215,19.0,25,,,0.9902293474260673,60
total_excluding_high_leverage,GABBR1,0.17232374325158567,0.22496689075690895,-0.2985373705480607,0.643184857051232,0.7659960213336123,0.45309060304733206,19.0,25,,,0.9902293474260673,61
total_excluding_high_leverage,ICAM1,0.17094889730439733,0.23904350398209376,-0.32937490658016233,0.671272701188957,0.715137179871672,0.4832200819619441,19.0,25,,,0.9902293474260673,62
total_excluding_high_leverage,OSMR,0.17092556409271037,0.2093876877918331,-0.2673279031525237,0.6091790313379444,0.8163114359552955,0.42443891275550993,19.0,25,,,0.9902293474260673,63
total_excluding_high_leverage,CSF1,0.16498273130404503,0.23752412029916012,-0.33216096598425904,0.6621264285923492,0.6945935894689361,0.4957168006869632,19.0,25,,,0.9902293474260673,64
total_excluding_high_leverage,BST2,0.16422912511776333,0.24969503800932474,-0.3583885957021389,0.6868468459376655,0.6577188174305261,0.5186086485029456,19.0,25,,,0.9902293474260673,65
total_excluding_high_leverage,TLR3,0.1641644956686301,0.30841788219019056,-0.48136155056509256,0.8096905419023528,0.5322794336788668,0.600702312617566,19.0,25,,,0.9902293474260673,66
total_excluding_high_leverage,NFKBIA,0.16205725621775421,0.4133956808931138,-0.7031898478800153,1.0273043603155236,0.3920148751134514,0.6994096474114542,19.0,25,,,0.9902293474260673,67
total_excluding_high_leverage,LYN,0.1609170916591792,0.29296570768531344,-0.45226718164292157,0.77410136496128,0.5492693767149939,0.5892186158720432,19.0,25,,,0.9902293474260673,68
total_excluding_high_leverage,KLF6,0.15287858931043108,0.264538793846942,-0.40080746953536717,0.7065646481562293,0.5779061251745339,0.570113947501736,19.0,25,,,0.9902293474260673,69
total_excluding_high_leverage,IL1B,0.15051277114333267,0.2700737298360893,-0.4147580418673608,0.7157835841540261,0.5573025234060363,0.5838272600615741,19.0,25,,,0.9902293474260673,70
total_excluding_high_leverage,NDP,0.14927814609880774,0.17023482571996787,-0.20702743903108345,0.5055837312286989,0.8768954617098539,0.39149627216744387,19.0,25,,,0.9902293474260673,71
total_excluding_high_leverage,OSM,0.14810742557300174,0.28809213482151963,-0.4548763424942672,0.7510911936402707,0.5140974281188136,0.6131115468111881,19.0,25,,,0.9902293474260673,72
total_excluding_high_leverage,F3,0.14053036528672436,0.2790676132230388,-0.44356486199539735,0.7246255925688461,0.5035710294852755,0.6203513222719867,19.0,25,,,0.9902293474260673,73
total_excluding_high_leverage,ADRM1,0.13840149792387169,0.2892992132711631,-0.4671087143740589,0.7439117102218022,0.4784026073176582,0.6378224082893416,19.0,25,,,0.9902293474260673,74
total_excluding_high_leverage,LY6E,0.13737066001614506,0.2417072309428293,-0.36852838847160985,0.6432697085039,0.5683349210542946,0.5764636835423734,19.0,25,,,0.9902293474260673,75
total_excluding_high_leverage,RASGRP1,0.12456069256052626,0.24562028334214,-0.3895284687251459,0.6386498538461984,0.5071270615994601,0.6179010779218702,19.0,25,,,0.9902293474260673,76
total_excluding_high_leverage,RGS16,0.12194316782654395,0.24958334853878567,-0.4004407842448959,0.6443271198979837,0.4885869531780634,0.630725773482961,19.0,25,,,0.9902293474260673,77
total_excluding_high_leverage,ITGA5,0.11928906240260524,0.26369891860903005,-0.4326391173675414,0.6712172421727519,0.4523684171017315,0.6561260270065412,19.0,25,,,0.9902293474260673,78
total_excluding_high_leverage,SCN1B,0.11870160268768096,0.2024420618516731,-0.3050145023918762,0.5424177077672382,0.5863485167161171,0.5645431479513683,19.0,25,,,0.9902293474260673,79
total_excluding_high_leverage,LIF,0.11784279217898808,0.22509577616207588,-0.3532880818739348,0.5889736662319109,0.5235228940686014,0.6066633654197653,19.0,25,,,0.9902293474260673,80
total_excluding_high_leverage,RHOG,0.10139808424596959,0.2528499816316316,-0.42782300946572277,0.630619177957662,0.40102073012484124,0.6928789180830475,19.0,25,,,0.9902293474260673,81
total_excluding_high_leverage,SEMA4D,0.10076001327709713,0.402360557001746,-0.7413903110726643,0.9429103376268586,0.25042219353687767,0.8049487872991569,19.0,25,,,0.9902293474260673,82
total_excluding_high_leverage,ICOSLG,0.09992146236508856,0.30894834971294316,-0.5467148651538376,0.7465577898840148,0.3234244897502439,0.7499065011617511,19.0,25,,,0.9902293474260673,83
total_excluding_high_leverage,PDPN,0.09676175297399836,0.29646714259996176,-0.5237511078294063,0.717274613777403,0.3263827219617519,0.7477025693013641,19.0,25,,,0.9902293474260673,84
total_excluding_high_leverage,PTAFR,0.09670837736990752,0.22468209737822117,-0.37355665703760915,0.5669734117774242,0.4304231556424915,0.6717307207907026,19.0,25,,,0.9902293474260673,85
total_excluding_high_leverage,P2RX7,0.09315945040999749,0.3127854511276068,-0.5615080226690237,0.7478269234890187,0.2978381829274767,0.7690589787170503,19.0,25,,,0.9902293474260673,86
total_excluding_high_leverage,AHR,0.08785315521998889,0.19309616265924573,-0.3163017580397431,0.49200806847972084,0.4549710051722892,0.6542859247761055,19.0,25,,,0.9902293474260673,87
total_excluding_high_leverage,LCP2,0.08674638856673192,0.25745237391363773,-0.4521076228990223,0.6256004000324861,0.3369414981422193,0.7398543844328604,19.0,25,,,0.9902293474260673,88
total_excluding_high_leverage,FZD5,0.08117264202167145,0.3313875942308863,-0.6124295640360586,0.7747748480794014,0.24494773924794652,0.8091229419713121,19.0,25,,,0.9902293474260673,89
total_excluding_high_leverage,SCARF1,0.07978469920353749,0.31442106382674995,-0.5783061505984859,0.7378755490055608,0.2537511266977326,0.8024134722799732,19.0,25,,,0.9902293474260673,90
total_excluding_high_leverage,RAF1,0.06446683465690303,0.2575717445142247,-0.4746370223472688,0.6035706916610749,0.2502869046388851,0.8050518704002485,19.0,25,,,0.9902293474260673,91
total_excluding_high_leverage,PCDH7,0.06333282733105618,0.2684769064646288,-0.49859579595252923,0.6252614506146416,0.2358967412320066,0.816036968111891,19.0,25,,,0.9902293474260673,92
total_excluding_high_leverage,RNF144B,0.0563115712688625,0.2489410836783527,-0.4647281050003899,0.577351247538115,0.22620441124784585,0.8234580894058636,19.0,25,,,0.9902293474260673,93
total_excluding_high_leverage,ABI1,0.04563440097360595,0.31362039513202483,-0.6107806299907461,0.702049431937958,0.14550839703647217,0.8858420692413717,19.0,25,,,0.9902293474260673,94
total_excluding_high_leverage,EIF2AK2,0.03950413981260247,0.23554656684474923,-0.45350049052674146,0.5325087701519464,0.16771265377278877,0.8685815927473759,19.0,25,,,0.9902293474260673,95
total_excluding_high_leverage,ITGB3,0.03697911776691165,0.3292752359514877,-0.6522018716005086,0.7261601071343319,0.11230458209241038,0.9117599289725702,19.0,25,,,0.9902293474260673,96
total_excluding_high_leverage,PTPRE,0.03468894486347901,0.2727022406848678,-0.536083404580981,0.6054612943079389,0.1272044731879018,0.9001151721792557,19.0,25,,,0.9902293474260673,97
total_excluding_high_leverage,EMP3,0.033760361070880235,0.19968357311156495,-0.3841821607218162,0.45170288286357674,0.1690692957102587,0.8675291052798607,19.0,25,,,0.9902293474260673,98
total_excluding_high_leverage,KCNMB2,0.031308811314030766,0.2997073695554715,-0.5959859224489978,0.6586035450770593,0.10446460279060958,0.9178955390006059,19.0,25,,,0.9902293474260673,99
total_excluding_high_leverage,SGMS2,0.030792426480044818,0.2888911630545416,-0.5738637268990905,0.63544857985918,0.10658832950951608,0.916232960360206,19.0,25,,,0.9902293474260673,100
total_excluding_high_leverage,HBEGF,0.030107145444620335,0.2722214818350318,-0.5396589641627633,0.599873255052004,0.11059797794674221,0.9130950564304394,19.0,25,,,0.9902293474260673,101
total_excluding_high_leverage,TAPBP,0.021886416657479656,0.2732731920312613,-0.5500809476888787,0.5938537810038381,0.08008987817208188,0.9370033482943152,19.0,25,,,0.9902293474260673,102
total_excluding_high_leverage,TACR3,0.015117126449362759,0.23901837684491048,-0.4851540857326539,0.5153883386313795,0.06324671202654707,0.9502306958739779,19.0,25,,,0.9902293474260673,103
total_excluding_high_leverage,BTG2,0.014877655474395294,0.310604755103163,-0.6352255683701125,0.6649808793189032,0.04789899455806428,0.9622966522857219,19.0,25,,,0.9902293474260673,104
total_excluding_high_leverage,AQP9,0.007347260888798293,0.27781969294438963,-0.5741360392321267,0.5888305610097234,0.02644614861866172,0.9791772809843011,19.0,25,,,0.9902293474260673,105
total_excluding_high_leverage,ADORA2B,0.00456359763981851,0.22405559763244173,-0.4643901577297011,0.4735173530093381,0.020368148299088652,0.9839620730752694,19.0,25,,,0.9902293474260673,106
total_excluding_high_leverage,CHST2,0.0015924125024931388,0.23101650111548858,-0.48193068129745775,0.48511550630244404,0.006893068221551274,0.9945720324017175,19.0,25,,,0.9945720324017175,107
total_excluding_high_leverage,SRI,-0.007617759400781762,0.27661176389889214,-0.5865728349734622,0.5713373161718986,-0.027539535171635814,0.9783166133822682,19.0,25,,,0.9902293474260673,108
total_excluding_high_leverage,IL18R1,-0.00787244267181716,0.32406800286481197,-0.6861545679319145,0.6704096825882802,-0.024292563913201958,0.9808725672744905,19.0,25,,,0.9902293474260673,109
total_excluding_high_leverage,CD55,-0.01003874731985046,0.2292700204709749,-0.4899064151202758,0.4698289204805749,-0.04378569557078809,0.9655321263020717,19.0,25,,,0.9902293474260673,110
total_excluding_high_leverage,GNAI3,-0.013997973064964779,0.30347224818382545,-0.6491726883590657,0.6211767422291362,-0.04612604002091696,0.9636911591793988,19.0,25,,,0.9902293474260673,111
total_excluding_high_leverage,CXCL8,-0.01835291143010739,0.31059394131275886,-0.6684335017511801,0.6317276788909653,-0.05908972774078215,0.9534977114142984,19.0,25,,,0.9902293474260673,112
total_excluding_high_leverage,INHBA,-0.023288303233952996,0.3041873868163868,-0.6599598208882416,0.6133832144203355,-0.07655906932133992,0.9397747548272992,19.0,25,,,0.9902293474260673,113
total_excluding_high_leverage,IL15,-0.03104299769371833,0.26519497379795953,-0.5861024569610167,0.5240164615735801,-0.11705726262130682,0.9080431959860223,19.0,25,,,0.9902293474260673,114
total_excluding_high_leverage,LDLR,-0.03129985264065862,0.3190996304429946,-0.6991830549106336,0.6365833496293164,-0.09808802535185063,0.9228898009354595,19.0,25,,,0.9902293474260673,115
total_excluding_high_leverage,IFNAR1,-0.03326601389643181,0.3197939189649796,-0.702602378743621,0.6360703509507574,-0.10402328475819062,0.9182410777678093,19.0,25,,,0.9902293474260673,116
total_excluding_high_leverage,PDE4B,-0.036440135637027166,0.26134185429158674,-0.5834349230929776,0.5105546518189232,-0.13943474816081255,0.8905740186392344,19.0,25,,,0.9902293474260673,117
total_excluding_high_leverage,IL1R1,-0.038009580769456444,0.19663919384944023,-0.4495801435357842,0.3735609819968713,-0.19329605672895026,0.8487784745957943,19.0,25,,,0.9902293474260673,118
total_excluding_high_leverage,MXD1,-0.0396849578449487,0.2615052687699829,-0.5870217757350209,0.5076518600451234,-0.15175586339660002,0.8809792868433726,19.0,25,,,0.9902293474260673,119
total_excluding_high_leverage,HRH1,-0.04250848030933016,0.21816041325890523,-0.49912347297986615,0.4141065123612059,-0.1948496506507923,0.8475790715952859,19.0,25,,,0.9902293474260673,120
total_excluding_high_leverage,EDN1,-0.046599977876484164,0.3216113845996224,-0.7197403420150411,0.6265403862620728,-0.14489529944500254,0.8863195340463959,19.0,25,,,0.9902293474260673,121
total_excluding_high_leverage,IRAK2,-0.047393544137502845,0.3376635200537146,-0.7541314139060944,0.6593443256310887,-0.14035731230298024,0.8898549775504349,19.0,25,,,0.9902293474260673,122
total_excluding_high_leverage,NMUR1,-0.051708759590459986,0.22972910214259828,-0.532537296372531,0.42911977719161104,-0.22508580370615447,0.8243156868222602,19.0,25,,,0.9902293474260673,123
total_excluding_high_leverage,ATP2C1,-0.055978085150484795,0.27665211031582054,-0.6350176067443055,0.523061436443336,-0.20234107408969818,0.8418009604044424,19.0,25,,,0.9902293474260673,124
total_excluding_high_leverage,SLC11A2,-0.05733270014466419,0.3126749271352253,-0.7117688438490417,0.5971034435597133,-0.183362000496666,0.856456571118872,19.0,25,,,0.9902293474260673,125
total_excluding_high_leverage,ATP2A2,-0.07766322773865235,0.24266875218936604,-0.5855747633242333,0.43024830784692863,-0.32003802318169094,0.7524321849260329,19.0,25,,,0.9902293474260673,126
total_excluding_high_leverage,GCH1,-0.07850287195870678,0.28072777830132417,-0.6660728646839683,0.5090671207665548,-0.2796405558214632,0.7827748240948104,19.0,25,,,0.9902293474260673,127
total_excluding_high_leverage,MYC,-0.08141380909222405,0.2420328971045526,-0.5879944846901727,0.42516686650572455,-0.33637497243630965,0.7402747414882695,19.0,25,,,0.9902293474260673,128
total_excluding_high_leverage,SPHK1,-0.08338715274349452,0.30304958805454757,-0.7176772302201776,0.5509029247331886,-0.27516009270563735,0.7861632440487101,19.0,25,,,0.9902293474260673,129
total_excluding_high_leverage,KCNA3,-0.08547175062043365,0.24761501913731662,-0.6037359419075997,0.4327924406667324,-0.34517999319352555,0.7337510439157974,19.0,25,,,0.9902293474260673,130
total_excluding_high_leverage,TNFSF9,-0.08928202479446011,0.17276086149882713,-0.45087466357179967,0.2723106139828794,-0.5167954363035301,0.611262436118584,19.0,25,,,0.9902293474260673,131
total_excluding_high_leverage,IRF1,-0.0900214402736061,0.2855770507855025,-0.687741076954633,0.5076981964074208,-0.3152264512361723,0.7560256614031078,19.0,25,,,0.9902293474260673,132
total_excluding_high_leverage,NFKB1,-0.09936032919552895,0.2798583541464624,-0.6851105962511812,0.4863899378601233,-0.35503792444776994,0.7264718299683117,19.0,25,,,0.9902293474260673,133
total_excluding_high_leverage,SLC7A1,-0.100416656003004,0.24151919403093114,-0.6059221387110394,0.40508882670503144,-0.4157709138021707,0.6822358900257548,19.0,25,,,0.9902293474260673,134
total_excluding_high_leverage,TACR1,-0.1014741021856934,0.28495205262590656,-0.6978856026847251,0.4949373983133383,-0.356109391915529,0.7256822365484781,19.0,25,,,0.9902293474260673,135
total_excluding_high_leverage,ACVR2A,-0.10578235872083139,0.33271565940993725,-0.802164237144137,0.5905995197024742,-0.31793621889764284,0.7540011898178335,19.0,25,,,0.9902293474260673,136
total_excluding_high_leverage,SELENOS,-0.11872838996530476,0.381935957646537,-0.9181295365629623,0.6806727566323527,-0.3108594191992315,0.7592920842443691,19.0,25,,,0.9902293474260673,137
total_excluding_high_leverage,VIP,-0.12568572678550602,0.24610198872980746,-0.6407831090347043,0.38941165546369216,-0.5107058558697587,0.6154397785419183,19.0,25,,,0.9902293474260673,138
total_excluding_high_leverage,CCL2,-0.1262384516813296,0.25397220080090244,-0.6578083771086239,0.4053314737459647,-0.4970561789173622,0.6248521260248928,19.0,25,,,0.9902293474260673,139
total_excluding_high_leverage,RELA,-0.12727084538803693,0.2743960751052813,-0.701588431018607,0.4470467402425332,-0.4638216685104012,0.648045285068406,19.0,25,,,0.9902293474260673,140
total_excluding_high_leverage,KIF1B,-0.13047887815546527,0.3706425878376537,-0.906242730087802,0.6452849737768713,-0.35203423037996034,0.7286870057353453,19.0,25,,,0.9902293474260673,141
total_excluding_high_leverage,ATP2B1,-0.13646843291832247,0.28974274968304964,-0.7429069775953374,0.4699701117586925,-0.47099861193284615,0.6430043107210808,19.0,25,,,0.9902293474260673,142
total_excluding_high_leverage,CXCR6,-0.1432407841812939,0.2769749733741464,-0.7229560659224705,0.43647449755988266,-0.5171614692703654,0.6110117770594341,19.0,25,,,0.9902293474260673,143
total_excluding_high_leverage,PVR,-0.15186146862039154,0.28482182581758514,-0.7480004012770777,0.44427746403629464,-0.533180588195694,0.6000904737220387,19.0,25,,,0.9902293474260673,144
total_excluding_high_leverage,GNA15,-0.16255059297165292,0.2699393047386232,-0.7275400510198338,0.4024388650765279,-0.6021746004311872,0.5541769607911717,19.0,25,,,0.9902293474260673,145
total_excluding_high_leverage,IFITM1,-0.17307283963686623,0.3366307671713391,-0.8776491327803865,0.531503453506654,-0.514132564563759,0.613087448501493,19.0,25,,,0.9902293474260673,146
total_excluding_high_leverage,LAMP3,-0.1883456858625583,0.29567754600037305,-0.8072059019897447,0.43051453026462816,-0.6369969191448872,0.5317277734172104,19.0,25,,,0.9902293474260673,147
total_excluding_high_leverage,NAMPT,-0.1922893682593398,0.2667270691222642,-0.7505555398940542,0.3659768033753746,-0.7209218355381728,0.47973486391109443,19.0,25,,,0.9902293474260673,148
total_excluding_high_leverage,SLC7A2,-0.2004285635832944,0.3612175450135,-0.9564655741708494,0.5556084470042606,-0.5548694030789774,0.5854575989906778,19.0,25,,,0.9902293474260673,149
total_excluding_high_leverage,C5AR1,-0.20771364293421196,0.21418008802507538,-0.6559977191459738,0.24057043327754996,-0.9698083741094254,0.34432665297371556,19.0,25,,,0.9902293474260673,150
total_excluding_high_leverage,MEFV,-0.22538187280775795,0.2334314856224256,-0.7139595872717514,0.26319584165623544,-0.9655161650828549,0.34641587340498736,19.0,25,,,0.9902293474260673,151
total_excluding_high_leverage,IRF7,-0.24546126788839479,0.2519084199431275,-0.7727116503373388,0.2817891145605493,-0.9744067623615428,0.3420980585302489,19.0,25,,,0.9902293474260673,152
total_excluding_high_leverage,CALCRL,-0.26756431379429724,0.2709132932689544,-0.834592353265179,0.2994637256765845,-0.9876381869850425,0.33574120134670893,19.0,25,,,0.9902293474260673,153
total_excluding_high_leverage,IL18,-0.2891308279571326,0.202317906763306,-0.7125870734502602,0.13432541753599508,-1.4290916339668835,0.16921369348937718,19.0,25,,,0.9902293474260673,154
total_excluding_high_leverage,LPAR1,-0.290129233981037,0.3251169934853768,-0.9706069218428253,0.3903484538807512,-0.8923840949399235,0.3833502448036278,19.0,25,,,0.9902293474260673,155
total_excluding_high_leverage,KCNJ2,-0.2971604314753973,0.2312230360250117,-0.7811158078090552,0.1867949448582606,-1.285167933887232,0.21417957483078595,19.0,25,,,0.9902293474260673,156
total_excluding_high_leverage,SLC1A2,-0.29927465110968754,0.23978510062087674,-0.8011506345978883,0.2026013323785132,-1.248095275039084,0.2271586836907355,19.0,25,,,0.9902293474260673,157
total_excluding_high_leverage,PTGER4,-0.3322552194311865,0.2826233955955167,-0.9237927847511452,0.2592823458887722,-1.175611165279118,0.25427195522339224,19.0,25,,,0.9902293474260673,158
total_Huber_RLM,P2RX4,0.7617098845164776,,,,,,,26,,,,1
total_Huber_RLM,TLR2,0.6182116598360967,,,,,,,26,,,,2
total_Huber_RLM,IL10RA,0.602925813749213,,,,,,,26,,,,3
total_Huber_RLM,CD82,0.6001874757960736,,,,,,,26,,,,4
total_Huber_RLM,NLRP3,0.5608380646944138,,,,,,,26,,,,5
total_Huber_RLM,FPR1,0.5266252749571112,,,,,,,26,,,,6
total_Huber_RLM,HPN,0.5231393810705073,,,,,,,26,,,,7
total_Huber_RLM,AXL,0.5134273917133296,,,,,,,26,,,,8
total_Huber_RLM,CD14,0.49302263888298387,,,,,,,26,,,,9
total_Huber_RLM,OPRK1,0.4916084458494436,,,,,,,26,,,,10
total_Huber_RLM,SLC31A1,0.4878651768716817,,,,,,,26,,,,11
total_Huber_RLM,TLR1,0.47601174091192916,,,,,,,26,,,,12
total_Huber_RLM,CSF3R,0.46992791256581495,,,,,,,26,,,,13
total_Huber_RLM,PIK3R5,0.45316538892693703,,,,,,,26,,,,14
total_Huber_RLM,P2RY2,0.4514217753394245,,,,,,,26,,,,15
total_Huber_RLM,OLR1,0.4124817099272552,,,,,,,26,,,,16
total_Huber_RLM,C3AR1,0.4103092396563708,,,,,,,26,,,,17
total_Huber_RLM,CD40,0.399517732366142,,,,,,,26,,,,18
total_Huber_RLM,TIMP1,0.38722497256048805,,,,,,,26,,,,19
total_Huber_RLM,IFNGR2,0.3863472821975007,,,,,,,26,,,,20
total_Huber_RLM,SLC4A4,0.38255478346884814,,,,,,,26,,,,21
total_Huber_RLM,ITGB8,0.37855757370167864,,,,,,,26,,,,22
total_Huber_RLM,PLAUR,0.3630902328676036,,,,,,,26,,,,23
total_Huber_RLM,MET,0.35486050499095834,,,,,,,26,,,,24
total_Huber_RLM,GPR183,0.33581720793679976,,,,,,,26,,,,25
total_Huber_RLM,NOD2,0.3346011919467729,,,,,,,26,,,,26
total_Huber_RLM,SLC31A2,0.33300664173543515,,,,,,,26,,,,27
total_Huber_RLM,BEST1,0.3302790995812417,,,,,,,26,,,,28
total_Huber_RLM,RGS1,0.3283575011560504,,,,,,,26,,,,29
total_Huber_RLM,TNFSF10,0.3217889240165471,,,,,,,26,,,,30
total_Huber_RLM,CMKLR1,0.3188875499052657,,,,,,,26,,,,31
total_Huber_RLM,GPC3,0.3187852343274322,,,,,,,26,,,,32
total_Huber_RLM,DCBLD2,0.3181215264640131,,,,,,,26,,,,33
total_Huber_RLM,ACVR1B,0.3089545582611516,,,,,,,26,,,,34
total_Huber_RLM,CDKN1A,0.3060069720536849,,,,,,,26,,,,35
total_Huber_RLM,PTGER2,0.30248979126393527,,,,,,,26,,,,36
total_Huber_RLM,MMP14,0.30191143680775945,,,,,,,26,,,,37
total_Huber_RLM,STAB1,0.30003997188773557,,,,,,,26,,,,38
total_Huber_RLM,TNFRSF1B,0.29243009609784776,,,,,,,26,,,,39
total_Huber_RLM,MSR1,0.29124303916657884,,,,,,,26,,,,40
total_Huber_RLM,LYN,0.28070278424507633,,,,,,,26,,,,41
total_Huber_RLM,HIF1A,0.27924247799829366,,,,,,,26,,,,42
total_Huber_RLM,SERPINE1,0.2717653904746714,,,,,,,26,,,,43
total_Huber_RLM,RIPK2,0.26510080085631105,,,,,,,26,,,,44
total_Huber_RLM,APLNR,0.25443592763000544,,,,,,,26,,,,45
total_Huber_RLM,SELL,0.24854575674386786,,,,,,,26,,,,46
total_Huber_RLM,OSM,0.24732988058444777,,,,,,,26,,,,47
total_Huber_RLM,ABCA1,0.24435429995608707,,,,,,,26,,,,48
total_Huber_RLM,IL6,0.23800552782776685,,,,,,,26,,,,49
total_Huber_RLM,IL1B,0.23281557485353999,,,,,,,26,,,,50
total_Huber_RLM,NMI,0.22935596017218923,,,,,,,26,,,,51
total_Huber_RLM,NDP,0.22651150763293668,,,,,,,26,,,,52
total_Huber_RLM,CYBB,0.22349745837599183,,,,,,,26,,,,53
total_Huber_RLM,EBI3,0.2216371363142476,,,,,,,26,,,,54
total_Huber_RLM,TPBG,0.2153969964511551,,,,,,,26,,,,55
total_Huber_RLM,RASGRP1,0.21491681427773449,,,,,,,26,,,,56
total_Huber_RLM,ADM,0.2062320785344191,,,,,,,26,,,,57
total_Huber_RLM,ICAM1,0.20118696904342967,,,,,,,26,,,,58
total_Huber_RLM,F3,0.19769948705290313,,,,,,,26,,,,59
total_Huber_RLM,IL4R,0.19594497122026958,,,,,,,26,,,,60
total_Huber_RLM,CX3CL1,0.19243154352495112,,,,,,,26,,,,61
total_Huber_RLM,GPR132,0.18622459814243408,,,,,,,26,,,,62
total_Huber_RLM,OSMR,0.18081210480039425,,,,,,,26,,,,63
total_Huber_RLM,P2RX7,0.1707502154548482,,,,,,,26,,,,64
total_Huber_RLM,CSF1,0.1599824986507311,,,,,,,26,,,,65
total_Huber_RLM,ADRM1,0.15245772619825226,,,,,,,26,,,,66
total_Huber_RLM,NPFFR2,0.15123209527892256,,,,,,,26,,,,67
total_Huber_RLM,CLEC5A,0.14858537661596974,,,,,,,26,,,,68
total_Huber_RLM,TLR3,0.14691217211152707,,,,,,,26,,,,69
total_Huber_RLM,NFKBIA,0.14343953451305305,,,,,,,26,,,,70
total_Huber_RLM,LIF,0.1389901337636318,,,,,,,26,,,,71
total_Huber_RLM,ADORA2B,0.13387417827748002,,,,,,,26,,,,72
total_Huber_RLM,FZD5,0.1336059837412311,,,,,,,26,,,,73
total_Huber_RLM,GABBR1,0.13065091979993976,,,,,,,26,,,,74
total_Huber_RLM,PTAFR,0.12808481892285317,,,,,,,26,,,,75
total_Huber_RLM,PDPN,0.12691735407316193,,,,,,,26,,,,76
total_Huber_RLM,RAF1,0.11231135085974928,,,,,,,26,,,,77
total_Huber_RLM,KLF6,0.10533066642492611,,,,,,,26,,,,78
total_Huber_RLM,SCN1B,0.10471089081775739,,,,,,,26,,,,79
total_Huber_RLM,IL15RA,0.10368332906181565,,,,,,,26,,,,80
total_Huber_RLM,RGS16,0.10306467582124738,,,,,,,26,,,,81
total_Huber_RLM,RHOG,0.09995002840810327,,,,,,,26,,,,82
total_Huber_RLM,LCP2,0.09817628233213076,,,,,,,26,,,,83
total_Huber_RLM,LY6E,0.09556615226162796,,,,,,,26,,,,84
total_Huber_RLM,CXCL8,0.09308179083467255,,,,,,,26,,,,85
total_Huber_RLM,ITGA5,0.0923159581562126,,,,,,,26,,,,86
total_Huber_RLM,PSEN1,0.08725746916897549,,,,,,,26,,,,87
total_Huber_RLM,RNF144B,0.08724170297830562,,,,,,,26,,,,88
total_Huber_RLM,ABI1,0.08608638796085222,,,,,,,26,,,,89
total_Huber_RLM,KCNMB2,0.0748190620101278,,,,,,,26,,,,90
total_Huber_RLM,SELE,0.06228826822534103,,,,,,,26,,,,91
total_Huber_RLM,SPHK1,0.06108875628360004,,,,,,,26,,,,92
total_Huber_RLM,PCDH7,0.05897376404660659,,,,,,,26,,,,93
total_Huber_RLM,PDE4B,0.05835818437057283,,,,,,,26,,,,94
total_Huber_RLM,EMP3,0.05738514770938212,,,,,,,26,,,,95
total_Huber_RLM,AHR,0.055595724712237005,,,,,,,26,,,,96
total_Huber_RLM,IL18R1,0.053303014577288504,,,,,,,26,,,,97
total_Huber_RLM,PTPRE,0.05096351983334014,,,,,,,26,,,,98
total_Huber_RLM,SCARF1,0.05079022665368978,,,,,,,26,,,,99
total_Huber_RLM,ICOSLG,0.04964540286662747,,,,,,,26,,,,100
total_Huber_RLM,SEMA4D,0.04713512091115579,,,,,,,26,,,,101
total_Huber_RLM,HBEGF,0.040801909971288186,,,,,,,26,,,,102
total_Huber_RLM,SRI,0.03631720103140951,,,,,,,26,,,,103
total_Huber_RLM,ITGB3,0.031911957916144096,,,,,,,26,,,,104
total_Huber_RLM,GNAI3,0.029989697829503857,,,,,,,26,,,,105
total_Huber_RLM,BTG2,0.027569726820437276,,,,,,,26,,,,106
total_Huber_RLM,TACR3,0.022672199315000814,,,,,,,26,,,,107
total_Huber_RLM,EIF2AK2,0.021201719391107987,,,,,,,26,,,,108
total_Huber_RLM,SGMS2,0.020089270459126826,,,,,,,26,,,,109
total_Huber_RLM,KCNA3,0.010459011176493754,,,,,,,26,,,,110
total_Huber_RLM,LDLR,0.006792712586301042,,,,,,,26,,,,111
total_Huber_RLM,CD55,0.004203815312045361,,,,,,,26,,,,112
total_Huber_RLM,BST2,-0.004031501447756047,,,,,,,26,,,,113
total_Huber_RLM,TAPBP,-0.008022650163784596,,,,,,,26,,,,114
total_Huber_RLM,NMUR1,-0.011495924567976115,,,,,,,26,,,,115
total_Huber_RLM,IL15,-0.011901119403624011,,,,,,,26,,,,116
total_Huber_RLM,MXD1,-0.012562069589117354,,,,,,,26,,,,117
total_Huber_RLM,IL1R1,-0.017918694660117647,,,,,,,26,,,,118
total_Huber_RLM,SELENOS,-0.01871319761168777,,,,,,,26,,,,119
total_Huber_RLM,TACR1,-0.024294422616637112,,,,,,,26,,,,120
total_Huber_RLM,CHST2,-0.03572327646368387,,,,,,,26,,,,121
total_Huber_RLM,PVR,-0.04044425429268084,,,,,,,26,,,,122
total_Huber_RLM,INHBA,-0.04076638927812418,,,,,,,26,,,,123
total_Huber_RLM,TNFSF9,-0.0612214078498752,,,,,,,26,,,,124
total_Huber_RLM,ATP2B1,-0.06724442971199032,,,,,,,26,,,,125
total_Huber_RLM,GCH1,-0.06841782557485858,,,,,,,26,,,,126
total_Huber_RLM,IFNAR1,-0.07363776902609795,,,,,,,26,,,,127
total_Huber_RLM,AQP9,-0.07408243788224095,,,,,,,26,,,,128
total_Huber_RLM,IRF1,-0.08461291404074854,,,,,,,26,,,,129
total_Huber_RLM,NFKB1,-0.09380748815731645,,,,,,,26,,,,130
total_Huber_RLM,CCL2,-0.09514878078802852,,,,,,,26,,,,131
total_Huber_RLM,ACVR2A,-0.109578336091191,,,,,,,26,,,,132
total_Huber_RLM,HRH1,-0.11643660467646355,,,,,,,26,,,,133
total_Huber_RLM,NAMPT,-0.11795570466859116,,,,,,,26,,,,134
total_Huber_RLM,EDN1,-0.11901558004456313,,,,,,,26,,,,135
total_Huber_RLM,ATP2C1,-0.1251149089587367,,,,,,,26,,,,136
total_Huber_RLM,ATP2A2,-0.12805306822903495,,,,,,,26,,,,137
total_Huber_RLM,RELA,-0.13302341066214873,,,,,,,26,,,,138
total_Huber_RLM,VIP,-0.13375853690692935,,,,,,,26,,,,139
total_Huber_RLM,SLC11A2,-0.1519767444369409,,,,,,,26,,,,140
total_Huber_RLM,C5AR1,-0.15978774967428325,,,,,,,26,,,,141
total_Huber_RLM,SLC7A1,-0.1665638841556869,,,,,,,26,,,,142
total_Huber_RLM,MYC,-0.17240851449853511,,,,,,,26,,,,143
total_Huber_RLM,IFITM1,-0.18188668171469055,,,,,,,26,,,,144
total_Huber_RLM,GNA15,-0.18233050948139012,,,,,,,26,,,,145
total_Huber_RLM,LAMP3,-0.182618092320889,,,,,,,26,,,,146
total_Huber_RLM,CXCR6,-0.18532991285124772,,,,,,,26,,,,147
total_Huber_RLM,MEFV,-0.1930319364713496,,,,,,,26,,,,148
total_Huber_RLM,SLC7A2,-0.2204296814490886,,,,,,,26,,,,149
total_Huber_RLM,KCNJ2,-0.22440224408876433,,,,,,,26,,,,150
total_Huber_RLM,IRAK2,-0.23061898405746845,,,,,,,26,,,,151
total_Huber_RLM,LPAR1,-0.24488852770967537,,,,,,,26,,,,152
total_Huber_RLM,IL18,-0.2610393382530219,,,,,,,26,,,,153
total_Huber_RLM,KIF1B,-0.27924992099768037,,,,,,,26,,,,154
total_Huber_RLM,CALCRL,-0.28165813863144795,,,,,,,26,,,,155
total_Huber_RLM,IRF7,-0.3106212770837709,,,,,,,26,,,,156
total_Huber_RLM,SLC1A2,-0.33610909360958124,,,,,,,26,,,,157
total_Huber_RLM,PTGER4,-0.3583487935634777,,,,,,,26,,,,158
