contrast,multiplicity_family,gene_symbol,case_group,control_group,n_case_donors,n_control_donors,mean_difference,cliff_delta,mannwhitney_pvalue,covariate_adjusted_case_beta,covariate_adjusted_case_pvalue_t,covariate_adjusted_residual_df,covariate_adjusted_estimable,mannwhitney_padj_within_contrast_158,mannwhitney_padj_global_790,adjusted_padj_within_contrast_158,adjusted_padj_global_estimable_contrasts
NPDR_vs_diabetes,primary_contrast_family,ABCA1,NPDR,Diabetic,9,10,-0.20118237137029826,-0.13333333333333333,0.6533789106936937,0.012313702893630374,0.9869858715007145,13.0,True,0.9470997054092074,0.9757454431909603,0.9869858715007145,0.9876659260514868
NPDR_vs_diabetes,primary_contrast_family,ABI1,NPDR,Diabetic,9,10,-0.1105278672057457,-0.3111111111111111,0.2703441406547801,-0.5940050433007232,0.27769307006014604,13.0,True,0.8717219229276583,0.7778142435182146,0.9822026970269762,0.8087528660632547
NPDR_vs_diabetes,primary_contrast_family,ACVR1B,NPDR,Diabetic,9,10,0.11238656540392622,0.4444444444444444,0.11134688653314041,0.8311906286277687,0.051346452831912595,13.0,True,0.6267866123519378,0.5873045784317557,0.8346936070422225,0.575090483691549
NPDR_vs_diabetes,primary_contrast_family,ACVR2A,NPDR,Diabetic,9,10,-0.06039192895197143,-0.28888888888888886,0.30743416592739536,-0.44440379919981654,0.5203279276939345,13.0,True,0.8892295540413785,0.837315289186947,0.9822026970269762,0.9070101787504123
NPDR_vs_diabetes,primary_contrast_family,ADM,NPDR,Diabetic,9,10,0.5439144264150322,0.26666666666666666,0.34774559891069756,0.5024362108051156,0.3798147392364861,13.0,True,0.8892295540413785,0.8515183213038158,0.9822026970269762,0.8613980210435139
NPDR_vs_diabetes,primary_contrast_family,ADORA2B,NPDR,Diabetic,9,10,-0.07707407459556448,0.1111111111111111,0.7133031738784577,0.19784834499368406,0.6479474194588948,13.0,True,0.9632641151521053,0.9808110964180328,0.9822026970269762,0.929381772996572
NPDR_vs_diabetes,primary_contrast_family,ADRM1,NPDR,Diabetic,9,10,0.06050322740810454,0.044444444444444446,0.9025232501776794,0.12667841767118132,0.7921374791528802,13.0,True,0.9902685661671761,0.9947116595316041,0.9822026970269762,0.9431803136389127
NPDR_vs_diabetes,primary_contrast_family,AHR,NPDR,Diabetic,9,10,0.03225712380831869,0.0,1.0,0.19785713106291047,0.512344243444153,13.0,True,1.0,1.0,0.9822026970269762,0.9070101787504123
NPDR_vs_diabetes,primary_contrast_family,APLNR,NPDR,Diabetic,9,10,0.17131143885303934,0.2222222222222222,0.437942822899974,0.3367128220959634,0.6528653645374267,13.0,True,0.8892295540413785,0.8949813073524413,0.9822026970269762,0.929381772996572
NPDR_vs_diabetes,primary_contrast_family,AQP9,NPDR,Diabetic,9,10,0.044670136159061236,0.08888888888888889,0.7746663677213794,0.3276095996287229,0.4688412162512754,13.0,True,0.9642371420462442,0.9808110964180328,0.9822026970269762,0.9070101787504123
NPDR_vs_diabetes,primary_contrast_family,ATP2A2,NPDR,Diabetic,9,10,0.012735824338742319,0.022222222222222223,0.967435545139537,0.06354589418716167,0.9057618789608152,13.0,True,1.0,1.0,0.9822026970269762,0.9582700455460328
NPDR_vs_diabetes,primary_contrast_family,ATP2B1,NPDR,Diabetic,9,10,-0.10230330791234188,-0.4444444444444444,0.11134688653314041,-0.7810702979773516,0.19180748749892762,13.0,True,0.6267866123519378,0.5873045784317557,0.9822026970269762,0.8035631002085502
NPDR_vs_diabetes,primary_contrast_family,ATP2C1,NPDR,Diabetic,9,10,-0.056168543924399295,-0.3333333333333333,0.23644471557230384,-0.523078969634992,0.309182867122841,13.0,True,0.8121361969657392,0.7778142435182146,0.9822026970269762,0.8261972870713243
NPDR_vs_diabetes,primary_contrast_family,AXL,NPDR,Diabetic,9,10,0.10207468877123294,0.4444444444444444,0.11134688653314041,0.828322707437686,0.2799864454085507,13.0,True,0.6267866123519378,0.5873045784317557,0.9822026970269762,0.8087528660632547
NPDR_vs_diabetes,primary_contrast_family,BEST1,NPDR,Diabetic,9,10,0.17712626013485533,0.17777777777777778,0.5402913746074198,0.29055316351796845,0.710408917914048,13.0,True,0.8892295540413785,0.911976911976912,0.9822026970269762,0.9327806844633206
NPDR_vs_diabetes,primary_contrast_family,BST2,NPDR,Diabetic,9,10,-0.026893357812069696,-0.1111111111111111,0.7133031738784577,0.1003507982382791,0.8344820830586549,13.0,True,0.9632641151521053,0.9808110964180328,0.9822026970269762,0.94336419697225
NPDR_vs_diabetes,primary_contrast_family,BTG2,NPDR,Diabetic,9,10,-0.21042695192036476,-0.022222222222222223,0.967435545139537,-0.5147106030535965,0.27766470692912604,13.0,True,1.0,1.0,0.9822026970269762,0.8087528660632547
NPDR_vs_diabetes,primary_contrast_family,C3AR1,NPDR,Diabetic,9,10,0.21844854853265705,0.5333333333333333,0.055013832353979004,1.0967806736621084,0.04825694479768563,13.0,True,0.6267866123519378,0.49843014335379626,0.8346936070422225,0.575090483691549
NPDR_vs_diabetes,primary_contrast_family,C5AR1,NPDR,Diabetic,9,10,-0.38292431379757064,-0.3333333333333333,0.23644471557230384,-0.6018042426011618,0.21556305565491338,13.0,True,0.8121361969657392,0.7778142435182146,0.9822026970269762,0.8059138968264247
NPDR_vs_diabetes,primary_contrast_family,CALCRL,NPDR,Diabetic,9,10,0.03902505041754423,0.022222222222222223,0.967435545139537,0.0943476970318177,0.8840936790260912,13.0,True,1.0,1.0,0.9822026970269762,0.9525694717931628
NPDR_vs_diabetes,primary_contrast_family,CCL2,NPDR,Diabetic,9,10,-0.15367821576171725,-0.2,0.48766835345893045,-0.0932493099523781,0.874993623026335,13.0,True,0.8892295540413785,0.911976911976912,0.9822026970269762,0.9500331264925448
NPDR_vs_diabetes,primary_contrast_family,CD14,NPDR,Diabetic,9,10,0.49422310368051336,0.6666666666666666,0.016010990810517156,1.0678582295666539,0.03634901702409808,13.0,True,0.6267866123519378,0.33169728821902733,0.8346936070422225,0.5747222412273454
NPDR_vs_diabetes,primary_contrast_family,CD40,NPDR,Diabetic,9,10,0.3019097212990307,0.5111111111111111,0.06619257972219345,0.8509381812967528,0.20567312643393115,13.0,True,0.6267866123519378,0.5229213798053282,0.9822026970269762,0.8055302729177461
NPDR_vs_diabetes,primary_contrast_family,CD55,NPDR,Diabetic,9,10,0.1164225411245079,0.022222222222222223,0.967435545139537,0.09327018238793772,0.8023014272421651,13.0,True,1.0,1.0,0.9822026970269762,0.9431803136389127
NPDR_vs_diabetes,primary_contrast_family,CD82,NPDR,Diabetic,9,10,0.26513325107919794,0.4666666666666667,0.09416637543787972,1.0385715926315602,0.018606731025168195,13.0,True,0.6267866123519378,0.5743633632718074,0.8346936070422225,0.48514807479728694
NPDR_vs_diabetes,primary_contrast_family,CDKN1A,NPDR,Diabetic,9,10,0.1118559198791429,0.15555555555555556,0.5956108994757296,0.407710592173687,0.35535811411355356,13.0,True,0.8962525915920504,0.911976911976912,0.9822026970269762,0.8507057883324464
NPDR_vs_diabetes,primary_contrast_family,CHST2,NPDR,Diabetic,9,10,-0.15479793003724573,-0.28888888888888886,0.30743416592739536,-0.22146938917532066,0.7365971647032616,13.0,True,0.8892295540413785,0.837315289186947,0.9822026970269762,0.9431803136389127
NPDR_vs_diabetes,primary_contrast_family,CLEC5A,NPDR,Diabetic,9,10,0.2019910160023275,0.3111111111111111,0.2703441406547801,0.3862762702597184,0.3711362639464605,13.0,True,0.8717219229276583,0.7778142435182146,0.9822026970269762,0.85397373354671
NPDR_vs_diabetes,primary_contrast_family,CMKLR1,NPDR,Diabetic,9,10,0.08837617799375641,0.24444444444444444,0.3912672792826394,0.37363595688058465,0.5273342451723317,13.0,True,0.8892295540413785,0.8515183213038158,0.9822026970269762,0.9070101787504123
NPDR_vs_diabetes,primary_contrast_family,CSF1,NPDR,Diabetic,9,10,0.043654318469993125,0.0,1.0,0.319613608677501,0.5613557808632013,13.0,True,1.0,1.0,0.9822026970269762,0.9070101787504123
NPDR_vs_diabetes,primary_contrast_family,CSF3R,NPDR,Diabetic,9,10,0.2270503325400024,0.4222222222222222,0.1309111278962908,1.0988736385348152,0.06089079458397873,13.0,True,0.6267866123519378,0.5873045784317557,0.8346936070422225,0.6009793970704003
NPDR_vs_diabetes,primary_contrast_family,CX3CL1,NPDR,Diabetic,9,10,0.13299849006330078,0.24444444444444444,0.3912672792826394,0.5815386893884514,0.33466700860244714,13.0,True,0.8892295540413785,0.8515183213038158,0.9822026970269762,0.8461899590435906
NPDR_vs_diabetes,primary_contrast_family,CXCL8,NPDR,Diabetic,9,10,-0.008206606135437777,-0.08888888888888889,0.773106341852418,-0.2501630311159519,0.772695260174775,13.0,True,0.9642371420462442,0.9808110964180328,0.9822026970269762,0.9431803136389127
NPDR_vs_diabetes,primary_contrast_family,CXCR6,NPDR,Diabetic,9,10,0.014140871663451349,-0.022222222222222223,0.967435545139537,-0.37318672175006773,0.542162806827795,13.0,True,1.0,1.0,0.9822026970269762,0.9070101787504123
NPDR_vs_diabetes,primary_contrast_family,CYBB,NPDR,Diabetic,9,10,0.15575300798828495,0.2222222222222222,0.437942822899974,0.4851009367802317,0.43514935496905605,13.0,True,0.8892295540413785,0.8949813073524413,0.9822026970269762,0.9007021583202296
NPDR_vs_diabetes,primary_contrast_family,DCBLD2,NPDR,Diabetic,9,10,-0.03035131452852191,-0.15555555555555556,0.5956108994757296,0.10381133643451596,0.9048219420756731,13.0,True,0.8962525915920504,0.911976911976912,0.9822026970269762,0.9582700455460328
NPDR_vs_diabetes,primary_contrast_family,EBI3,NPDR,Diabetic,9,10,0.008126009966638148,0.15555555555555556,0.5956108994757296,0.1312953321106116,0.8544793393452756,13.0,True,0.8962525915920504,0.911976911976912,0.9822026970269762,0.9441100392765982
NPDR_vs_diabetes,primary_contrast_family,EDN1,NPDR,Diabetic,9,10,-0.12255633408089572,-0.2,0.48766835345893045,-0.5786004496502872,0.3596234021526322,13.0,True,0.8892295540413785,0.911976911976912,0.9822026970269762,0.8511687092718431
NPDR_vs_diabetes,primary_contrast_family,EIF2AK2,NPDR,Diabetic,9,10,-0.03951500234065186,-0.15555555555555556,0.5956108994757296,-0.04982141763066955,0.9023036497570649,13.0,True,0.8962525915920504,0.911976911976912,0.9822026970269762,0.9582700455460328
NPDR_vs_diabetes,primary_contrast_family,EMP3,NPDR,Diabetic,9,10,-0.03999004578286525,-0.08888888888888889,0.7750513736700824,0.02263484254632525,0.9699226430917629,13.0,True,0.9642371420462442,0.9808110964180328,0.9869858715007145,0.9820440031364838
NPDR_vs_diabetes,primary_contrast_family,F3,NPDR,Diabetic,9,10,-0.06600200578378868,-0.022222222222222223,0.967435545139537,0.15970883495156857,0.751508443787988,13.0,True,1.0,1.0,0.9822026970269762,0.9431803136389127
NPDR_vs_diabetes,primary_contrast_family,FPR1,NPDR,Diabetic,9,10,0.44360048299755195,0.7555555555555555,0.0062330349697337795,1.166251372080822,0.08456130591024723,13.0,True,0.49240976260896857,0.3063994828700711,0.9134543993006345,0.6309365704202091
NPDR_vs_diabetes,primary_contrast_family,FZD5,NPDR,Diabetic,9,10,-0.16834078343049264,-0.35555555555555557,0.20566717961735548,-0.13294973484260778,0.8349482964552781,13.0,True,0.7557073111521434,0.7153665048401892,0.9822026970269762,0.94336419697225
NPDR_vs_diabetes,primary_contrast_family,GABBR1,NPDR,Diabetic,9,10,0.1727147252430683,0.17777777777777778,0.5402913746074198,0.4017081761856568,0.23353865211090152,13.0,True,0.8892295540413785,0.911976911976912,0.9822026970269762,0.8087528660632547
NPDR_vs_diabetes,primary_contrast_family,GCH1,NPDR,Diabetic,9,10,-0.10192144121228153,-0.28888888888888886,0.30743416592739536,-0.19067597905604547,0.8232195241725222,13.0,True,0.8892295540413785,0.837315289186947,0.9822026970269762,0.94336419697225
NPDR_vs_diabetes,primary_contrast_family,GNA15,NPDR,Diabetic,9,10,-0.1334050824667838,-0.4,0.15304188415882009,-0.788556924742627,0.11453498927076218,13.0,True,0.6363320446603572,0.6570820026384123,0.9798513813654703,0.6960203194146317
NPDR_vs_diabetes,primary_contrast_family,GNAI3,NPDR,Diabetic,9,10,-0.017307346523430134,-0.06666666666666667,0.8382564863858263,0.057060865310295014,0.9226792315175352,13.0,True,0.9883919764847803,0.9808110964180328,0.9822026970269762,0.9632590102495505
NPDR_vs_diabetes,primary_contrast_family,GPC3,NPDR,Diabetic,9,10,0.17618975849632346,0.06666666666666667,0.8382564863858263,0.03588321573143388,0.9501663894914822,13.0,True,0.9883919764847803,0.9808110964180328,0.9869858715007145,0.9769606694554502
NPDR_vs_diabetes,primary_contrast_family,GPR132,NPDR,Diabetic,9,10,0.04469854558623959,0.08888888888888889,0.7750513736700824,0.41731987856104613,0.5123359597723749,13.0,True,0.9642371420462442,0.9808110964180328,0.9822026970269762,0.9070101787504123
NPDR_vs_diabetes,primary_contrast_family,GPR183,NPDR,Diabetic,9,10,0.19057137899873322,0.28888888888888886,0.30743416592739536,0.45563578686220785,0.4668136369284851,13.0,True,0.8892295540413785,0.837315289186947,0.9822026970269762,0.9070101787504123
NPDR_vs_diabetes,primary_contrast_family,HBEGF,NPDR,Diabetic,9,10,-0.07567711352374751,-0.044444444444444446,0.9025232501776794,0.2269353448981959,0.6386049660354626,13.0,True,0.9902685661671761,0.9947116595316041,0.9822026970269762,0.929381772996572
NPDR_vs_diabetes,primary_contrast_family,HIF1A,NPDR,Diabetic,9,10,0.07107644484027187,0.24444444444444444,0.3912672792826394,0.35422323510622783,0.5759363870370433,13.0,True,0.8892295540413785,0.8515183213038158,0.9822026970269762,0.9160867364280487
NPDR_vs_diabetes,primary_contrast_family,HPN,NPDR,Diabetic,9,10,0.3116433169938557,0.4444444444444444,0.11134688653314041,0.7372073943287666,0.28351062324712806,13.0,True,0.6267866123519378,0.5873045784317557,0.9822026970269762,0.8087528660632547
NPDR_vs_diabetes,primary_contrast_family,HRH1,NPDR,Diabetic,9,10,-0.014431536705744819,-0.022222222222222223,0.967435545139537,-0.11644887182965447,0.8469643203302193,13.0,True,1.0,1.0,0.9822026970269762,0.94336419697225
NPDR_vs_diabetes,primary_contrast_family,ICAM1,NPDR,Diabetic,9,10,0.6859705272721812,0.4222222222222222,0.1309111278962908,0.7481793246598665,0.18670308445982006,13.0,True,0.6267866123519378,0.5873045784317557,0.9822026970269762,0.7972726309365289
NPDR_vs_diabetes,primary_contrast_family,ICOSLG,NPDR,Diabetic,9,10,-0.07154479647152884,-0.15555555555555556,0.5862633493567264,-0.3381637346566003,0.6321086277573171,13.0,True,0.8962525915920504,0.911976911976912,0.9822026970269762,0.929381772996572
NPDR_vs_diabetes,primary_contrast_family,IFITM1,NPDR,Diabetic,9,10,0.11508119656468074,0.17777777777777778,0.5402913746074198,0.16073563884275177,0.8006666179772587,13.0,True,0.8892295540413785,0.911976911976912,0.9822026970269762,0.9431803136389127
NPDR_vs_diabetes,primary_contrast_family,IFNAR1,NPDR,Diabetic,9,10,0.0027422527475247094,0.0,1.0,-0.08858945901341109,0.8528687227881954,13.0,True,1.0,1.0,0.9822026970269762,0.9441100392765982
NPDR_vs_diabetes,primary_contrast_family,IFNGR2,NPDR,Diabetic,9,10,0.18029001167220837,0.5777777777777777,0.037336415920662856,0.7572420015598433,0.0867318101294288,13.0,True,0.6267866123519378,0.4213681225331951,0.9134543993006345,0.6309365704202091
NPDR_vs_diabetes,primary_contrast_family,IL10RA,NPDR,Diabetic,9,10,0.4131569070926333,0.5333333333333333,0.055013832353979004,0.8980698123569046,0.0713809400049431,13.0,True,0.6267866123519378,0.49843014335379626,0.8675529631370009,0.6041886707561256
NPDR_vs_diabetes,primary_contrast_family,IL15,NPDR,Diabetic,9,10,-0.18317307851602926,-0.4222222222222222,0.1309111278962908,-0.620859794001482,0.1959866629115034,13.0,True,0.6267866123519378,0.5873045784317557,0.9822026970269762,0.8035631002085502
NPDR_vs_diabetes,primary_contrast_family,IL15RA,NPDR,Diabetic,9,10,0.08270592628805473,0.2222222222222222,0.437942822899974,0.7165951815398536,0.4042251990221273,13.0,True,0.8892295540413785,0.8949813073524413,0.9822026970269762,0.8829619554676881
NPDR_vs_diabetes,primary_contrast_family,IL18,NPDR,Diabetic,9,10,-0.36897238464188753,-0.4222222222222222,0.1309111278962908,-0.5295198165509871,0.4321363497770935,13.0,True,0.6267866123519378,0.5873045784317557,0.9822026970269762,0.898388727168168
NPDR_vs_diabetes,primary_contrast_family,IL18R1,NPDR,Diabetic,9,10,0.10958820815565062,0.24444444444444444,0.3912672792826394,0.29585025329719256,0.5997597599127228,13.0,True,0.8892295540413785,0.8515183213038158,0.9822026970269762,0.9242889330177156
NPDR_vs_diabetes,primary_contrast_family,IL1B,NPDR,Diabetic,9,10,0.11404255643182312,0.4888888888888889,0.07904776203659057,1.0975279700863128,0.046417323304660814,13.0,True,0.6267866123519378,0.548699001444743,0.8346936070422225,0.575090483691549
NPDR_vs_diabetes,primary_contrast_family,IL1R1,NPDR,Diabetic,9,10,-0.17630671352572014,0.044444444444444446,0.9025232501776794,-0.008750156866278015,0.9820443887029771,13.0,True,0.9902685661671761,0.9947116595316041,0.9869858715007145,0.9876659260514868
NPDR_vs_diabetes,primary_contrast_family,IL4R,NPDR,Diabetic,9,10,0.3374896635819675,0.4222222222222222,0.1309111278962908,0.7139510436652182,0.12796576470801205,13.0,True,0.6267866123519378,0.5873045784317557,0.9822026970269762,0.6971451923386685
NPDR_vs_diabetes,primary_contrast_family,IL6,NPDR,Diabetic,9,10,0.11634758409182205,0.23333333333333334,0.4121582814728608,0.6666294713083023,0.3025497419854449,13.0,True,0.8892295540413785,0.8862397880424446,0.9822026970269762,0.8261972870713243
NPDR_vs_diabetes,primary_contrast_family,INHBA,NPDR,Diabetic,9,10,-0.2808633172305537,-0.24444444444444444,0.3912672792826394,-0.04003052783357117,0.9386873876650215,13.0,True,0.8892295540413785,0.8515183213038158,0.9822026970269762,0.9672561342461308
NPDR_vs_diabetes,primary_contrast_family,IRAK2,NPDR,Diabetic,9,10,-0.07076649186334194,-0.2222222222222222,0.437942822899974,-0.1426804348342205,0.8361018028556395,13.0,True,0.8892295540413785,0.8949813073524413,0.9822026970269762,0.94336419697225
NPDR_vs_diabetes,primary_contrast_family,IRF1,NPDR,Diabetic,9,10,0.10865742072976214,0.1111111111111111,0.7133031738784577,0.23051217616623487,0.7755838119325631,13.0,True,0.9632641151521053,0.9808110964180328,0.9822026970269762,0.9431803136389127
NPDR_vs_diabetes,primary_contrast_family,IRF7,NPDR,Diabetic,9,10,0.06191436723318278,0.08888888888888889,0.7750513736700824,-0.08610634217837074,0.8991640611251518,13.0,True,0.9642371420462442,0.9808110964180328,0.9822026970269762,0.9582700455460328
NPDR_vs_diabetes,primary_contrast_family,ITGA5,NPDR,Diabetic,9,10,0.27776333962071,0.35555555555555557,0.20566717961735548,0.775187501267993,0.2073305765737659,13.0,True,0.7557073111521434,0.7153665048401892,0.9822026970269762,0.8055302729177461
NPDR_vs_diabetes,primary_contrast_family,ITGB3,NPDR,Diabetic,9,10,0.06745242261111639,0.13333333333333333,0.6533789106936937,0.27227542048515774,0.6793843009230618,13.0,True,0.9470997054092074,0.9757454431909603,0.9822026970269762,0.929381772996572
NPDR_vs_diabetes,primary_contrast_family,ITGB8,NPDR,Diabetic,9,10,-0.05758128717013644,-0.17777777777777778,0.5402913746074198,0.1114433373210318,0.8610110201356037,13.0,True,0.8892295540413785,0.911976911976912,0.9822026970269762,0.9457071389140884
NPDR_vs_diabetes,primary_contrast_family,KCNA3,NPDR,Diabetic,9,10,-0.12913882629579465,-0.4,0.15304188415882009,-0.5406290770795005,0.2745470598275537,13.0,True,0.6363320446603572,0.6570820026384123,0.9822026970269762,0.8087528660632547
NPDR_vs_diabetes,primary_contrast_family,KCNJ2,NPDR,Diabetic,9,10,-0.2084307214005099,-0.4222222222222222,0.1309111278962908,-0.9346259284342955,0.14272580534291088,13.0,True,0.6267866123519378,0.5873045784317557,0.9822026970269762,0.6971451923386685
NPDR_vs_diabetes,primary_contrast_family,KCNMB2,NPDR,Diabetic,9,10,0.022065970856267547,0.17777777777777778,0.5402913746074198,0.11124150633468444,0.8831245852028402,13.0,True,0.8892295540413785,0.911976911976912,0.9822026970269762,0.9525694717931628
NPDR_vs_diabetes,primary_contrast_family,KIF1B,NPDR,Diabetic,9,10,-0.028930333165721578,-0.24444444444444444,0.3912672792826394,-0.0675924034767787,0.9193803295838315,13.0,True,0.8892295540413785,0.8515183213038158,0.9822026970269762,0.9632590102495505
NPDR_vs_diabetes,primary_contrast_family,KLF6,NPDR,Diabetic,9,10,0.05330868918712639,0.13333333333333333,0.6533789106936937,0.6992063192054131,0.3094721732805719,13.0,True,0.9470997054092074,0.9757454431909603,0.9822026970269762,0.8261972870713243
NPDR_vs_diabetes,primary_contrast_family,LAMP3,NPDR,Diabetic,9,10,-0.18579281706012285,-0.4,0.15304188415882009,-0.9193516761984801,0.2379836200097542,13.0,True,0.6363320446603572,0.6570820026384123,0.9822026970269762,0.8087528660632547
NPDR_vs_diabetes,primary_contrast_family,LCP2,NPDR,Diabetic,9,10,0.11395269479522963,0.17777777777777778,0.5402913746074198,0.4218394130858649,0.5006477785135386,13.0,True,0.8892295540413785,0.911976911976912,0.9822026970269762,0.9070101787504123
NPDR_vs_diabetes,primary_contrast_family,LDLR,NPDR,Diabetic,9,10,0.23440788239412846,0.2,0.48766835345893045,0.39520041361724706,0.45789951141738894,13.0,True,0.8892295540413785,0.911976911976912,0.9822026970269762,0.9070101787504123
NPDR_vs_diabetes,primary_contrast_family,LIF,NPDR,Diabetic,9,10,0.2915360821213535,0.24444444444444444,0.3912672792826394,0.3834970390012178,0.5669659063326695,13.0,True,0.8892295540413785,0.8515183213038158,0.9822026970269762,0.9070101787504123
NPDR_vs_diabetes,primary_contrast_family,LPAR1,NPDR,Diabetic,9,10,-0.3802952511267643,-0.5111111111111111,0.06619257972219345,-1.05156368852739,0.0932420284010423,13.0,True,0.6267866123519378,0.5229213798053282,0.9134543993006345,0.64433928787539
NPDR_vs_diabetes,primary_contrast_family,LY6E,NPDR,Diabetic,9,10,0.12715056826280735,0.08888888888888889,0.7750513736700824,0.2374956428989443,0.6195555600436906,13.0,True,0.9642371420462442,0.9808110964180328,0.9822026970269762,0.9264749674046581
NPDR_vs_diabetes,primary_contrast_family,LYN,NPDR,Diabetic,9,10,-0.10189213806036523,-0.06666666666666667,0.8382564863858263,-0.05997902970382013,0.8960000842826542,13.0,True,0.9883919764847803,0.9808110964180328,0.9822026970269762,0.9582700455460328
NPDR_vs_diabetes,primary_contrast_family,MEFV,NPDR,Diabetic,9,10,-0.09909345653737525,-0.24444444444444444,0.3912672792826394,-0.150374620103712,0.7310309026547139,13.0,True,0.8892295540413785,0.8515183213038158,0.9822026970269762,0.9431803136389127
NPDR_vs_diabetes,primary_contrast_family,MET,NPDR,Diabetic,9,10,-0.07648956172499233,0.0,1.0,-0.053331929977844056,0.9346054817481921,13.0,True,1.0,1.0,0.9822026970269762,0.9651481445504205
NPDR_vs_diabetes,primary_contrast_family,MMP14,NPDR,Diabetic,9,10,0.03254194709664571,0.13333333333333333,0.6533789106936937,0.3368257761519006,0.5461922816807048,13.0,True,0.9470997054092074,0.9757454431909603,0.9822026970269762,0.9070101787504123
NPDR_vs_diabetes,primary_contrast_family,MSR1,NPDR,Diabetic,9,10,0.06814304750513189,0.044444444444444446,0.9025232501776794,0.5093891591460236,0.5132901658179518,13.0,True,0.9902685661671761,0.9947116595316041,0.9822026970269762,0.9070101787504123
NPDR_vs_diabetes,primary_contrast_family,MXD1,NPDR,Diabetic,9,10,-0.12441912239438935,-0.26666666666666666,0.34774559891069756,-0.2523779778415731,0.5606794193649162,13.0,True,0.8892295540413785,0.8515183213038158,0.9822026970269762,0.9070101787504123
NPDR_vs_diabetes,primary_contrast_family,MYC,NPDR,Diabetic,9,10,0.03275209622386033,-0.15555555555555556,0.5956108994757296,-0.06018565984860172,0.8758744225258271,13.0,True,0.8962525915920504,0.911976911976912,0.9822026970269762,0.9500331264925448
NPDR_vs_diabetes,primary_contrast_family,NAMPT,NPDR,Diabetic,9,10,-0.007899117213859164,0.17777777777777778,0.5402913746074198,0.03799831605675821,0.9337885230860601,13.0,True,0.8892295540413785,0.911976911976912,0.9822026970269762,0.9651481445504205
NPDR_vs_diabetes,primary_contrast_family,NDP,NPDR,Diabetic,9,10,-0.2763593939405875,-0.3111111111111111,0.2703441406547801,-0.1441309961810681,0.7041446884223597,13.0,True,0.8717219229276583,0.7778142435182146,0.9822026970269762,0.9323033025480405
NPDR_vs_diabetes,primary_contrast_family,NFKB1,NPDR,Diabetic,9,10,-0.17791839249224406,-0.5555555555555556,0.04545529484905847,-0.9276415615192171,0.05917853057535905,13.0,True,0.6267866123519378,0.4488710366344524,0.8346936070422225,0.5968217764408551
NPDR_vs_diabetes,primary_contrast_family,NFKBIA,NPDR,Diabetic,9,10,-0.03745591897111922,-0.06666666666666667,0.8382564863858263,-0.3521526397279282,0.7016509717750379,13.0,True,0.9883919764847803,0.9808110964180328,0.9822026970269762,0.9323033025480405
NPDR_vs_diabetes,primary_contrast_family,NLRP3,NPDR,Diabetic,9,10,0.28451997493737435,0.7111111111111111,0.010112333921333462,1.0667992067251906,0.0982830682791822,13.0,True,0.5325829198568957,0.3063994828700711,0.9134543993006345,0.64433928787539
NPDR_vs_diabetes,primary_contrast_family,NMI,NPDR,Diabetic,9,10,0.05929933730295911,0.17777777777777778,0.5402913746074198,0.521664708313013,0.48229911424083194,13.0,True,0.8892295540413785,0.911976911976912,0.9822026970269762,0.9070101787504123
NPDR_vs_diabetes,primary_contrast_family,NMUR1,NPDR,Diabetic,9,10,0.12680806436785463,0.24444444444444444,0.3912672792826394,0.05432366959527232,0.9337468878686935,13.0,True,0.8892295540413785,0.8515183213038158,0.9822026970269762,0.9651481445504205
NPDR_vs_diabetes,primary_contrast_family,NOD2,NPDR,Diabetic,9,10,0.1755415957919938,0.4222222222222222,0.1309111278962908,0.5204440421171725,0.48860160937634955,13.0,True,0.6267866123519378,0.5873045784317557,0.9822026970269762,0.9070101787504123
NPDR_vs_diabetes,primary_contrast_family,NPFFR2,NPDR,Diabetic,9,10,0.340405203701243,0.6,0.030486156935263353,1.1045607312713186,0.06339445116776374,13.0,True,0.6267866123519378,0.3594636414754933,0.8346936070422225,0.6009793970704003
NPDR_vs_diabetes,primary_contrast_family,OLR1,NPDR,Diabetic,9,10,0.3600495878949015,0.37777777777777777,0.17790959498698244,0.5236995885515294,0.4370886897654126,13.0,True,0.6856028294620299,0.7006651884700665,0.9822026970269762,0.9007827780382851
NPDR_vs_diabetes,primary_contrast_family,OPRK1,NPDR,Diabetic,9,10,0.17920916124147523,0.08888888888888889,0.7750513736700824,0.6515973818481995,0.3074140045247503,13.0,True,0.9642371420462442,0.9808110964180328,0.9822026970269762,0.8261972870713243
NPDR_vs_diabetes,primary_contrast_family,OSM,NPDR,Diabetic,9,10,0.11037144069966615,0.5111111111111111,0.06619257972219345,0.8870170507386749,0.16885285675673023,13.0,True,0.6267866123519378,0.5229213798053282,0.9822026970269762,0.7578822969266453
NPDR_vs_diabetes,primary_contrast_family,OSMR,NPDR,Diabetic,9,10,0.24815660603033818,0.2,0.48766835345893045,0.6119438149937306,0.23918624413247663,13.0,True,0.8892295540413785,0.911976911976912,0.9822026970269762,0.8087528660632547
NPDR_vs_diabetes,primary_contrast_family,P2RX4,NPDR,Diabetic,9,10,0.2422542708036941,0.6,0.030486156935263353,1.0635564163505267,0.02599990275503097,13.0,True,0.6267866123519378,0.3594636414754933,0.8346936070422225,0.5545271173268328
NPDR_vs_diabetes,primary_contrast_family,P2RX7,NPDR,Diabetic,9,10,-0.04375759305838134,0.0,1.0,0.0590268329669841,0.9264602032840836,13.0,True,1.0,1.0,0.9822026970269762,0.9632590102495505
NPDR_vs_diabetes,primary_contrast_family,P2RY2,NPDR,Diabetic,9,10,0.16166732327525057,0.2,0.48766835345893045,0.39184150371818893,0.48341992645764864,13.0,True,0.8892295540413785,0.911976911976912,0.9822026970269762,0.9070101787504123
NPDR_vs_diabetes,primary_contrast_family,PCDH7,NPDR,Diabetic,9,10,0.07432066227823686,0.1111111111111111,0.7133031738784577,0.42356466810159366,0.453967539237227,13.0,True,0.9632641151521053,0.9808110964180328,0.9822026970269762,0.9070101787504123
NPDR_vs_diabetes,primary_contrast_family,PDE4B,NPDR,Diabetic,9,10,-0.04352301001441905,-0.1111111111111111,0.7133031738784577,-0.24590716116494823,0.6757125410872767,13.0,True,0.9632641151521053,0.9808110964180328,0.9822026970269762,0.929381772996572
NPDR_vs_diabetes,primary_contrast_family,PDPN,NPDR,Diabetic,9,10,0.052405979769466704,0.044444444444444446,0.9025232501776794,0.15052820588920426,0.8168694791648794,13.0,True,0.9902685661671761,0.9947116595316041,0.9822026970269762,0.94336419697225
NPDR_vs_diabetes,primary_contrast_family,PIK3R5,NPDR,Diabetic,9,10,0.07668708701305993,0.24444444444444444,0.3912672792826394,0.43432686228430945,0.5493300553590035,13.0,True,0.8892295540413785,0.8515183213038158,0.9822026970269762,0.9070101787504123
NPDR_vs_diabetes,primary_contrast_family,PLAUR,NPDR,Diabetic,9,10,0.12577701853238588,0.5111111111111111,0.06619257972219345,0.6378498850686369,0.3949201104051342,13.0,True,0.6267866123519378,0.5229213798053282,0.9822026970269762,0.8706610806141097
NPDR_vs_diabetes,primary_contrast_family,PSEN1,NPDR,Diabetic,9,10,-0.022558142275427073,-0.2,0.48766835345893045,-0.2836547452320433,0.6235137438862572,13.0,True,0.8892295540413785,0.911976911976912,0.9822026970269762,0.9264749674046581
NPDR_vs_diabetes,primary_contrast_family,PTAFR,NPDR,Diabetic,9,10,-0.05268751457228604,-0.044444444444444446,0.9025232501776794,-0.24177099713704792,0.7276775067989948,13.0,True,0.9902685661671761,0.9947116595316041,0.9822026970269762,0.9431803136389127
NPDR_vs_diabetes,primary_contrast_family,PTGER2,NPDR,Diabetic,9,10,0.08984095733558156,0.23333333333333334,0.41401133716591176,0.09505120960494684,0.8659945458592715,13.0,True,0.8892295540413785,0.8862397880424446,0.9822026970269762,0.945809711376255
NPDR_vs_diabetes,primary_contrast_family,PTGER4,NPDR,Diabetic,9,10,-0.13657649746777423,-0.4222222222222222,0.1309111278962908,-0.518674195277344,0.376472216105216,13.0,True,0.6267866123519378,0.5873045784317557,0.9822026970269762,0.8594993171872471
NPDR_vs_diabetes,primary_contrast_family,PTPRE,NPDR,Diabetic,9,10,0.051160177596044853,0.15555555555555556,0.5956108994757296,0.6482822780281982,0.3443384198109727,13.0,True,0.8962525915920504,0.911976911976912,0.9822026970269762,0.8461899590435906
NPDR_vs_diabetes,primary_contrast_family,PVR,NPDR,Diabetic,9,10,-0.017012558678730194,-0.08888888888888889,0.7750513736700824,0.010687091888393799,0.9865230207919307,13.0,True,0.9642371420462442,0.9808110964180328,0.9869858715007145,0.9876659260514868
NPDR_vs_diabetes,primary_contrast_family,RAF1,NPDR,Diabetic,9,10,-0.04796489871568177,-0.2,0.48766835345893045,-0.27944598771071144,0.6567388965185266,13.0,True,0.8892295540413785,0.911976911976912,0.9822026970269762,0.929381772996572
NPDR_vs_diabetes,primary_contrast_family,RASGRP1,NPDR,Diabetic,9,10,0.014523147772446343,0.0,1.0,0.28086844582154025,0.6830555678773889,13.0,True,1.0,1.0,0.9822026970269762,0.929381772996572
NPDR_vs_diabetes,primary_contrast_family,RELA,NPDR,Diabetic,9,10,-0.042510825408482944,-0.044444444444444446,0.9025232501776794,-0.024823493562020297,0.9719623886413342,13.0,True,0.9902685661671761,0.9947116595316041,0.9869858715007145,0.9820440031364838
NPDR_vs_diabetes,primary_contrast_family,RGS1,NPDR,Diabetic,9,10,0.32988615653935005,0.2222222222222222,0.437942822899974,0.36007143193980584,0.5311407687240102,13.0,True,0.8892295540413785,0.8949813073524413,0.9822026970269762,0.9070101787504123
NPDR_vs_diabetes,primary_contrast_family,RGS16,NPDR,Diabetic,9,10,0.14951644729688152,0.26666666666666666,0.34774559891069756,0.11496216595225464,0.8052345783210427,13.0,True,0.8892295540413785,0.8515183213038158,0.9822026970269762,0.9431803136389127
NPDR_vs_diabetes,primary_contrast_family,RHOG,NPDR,Diabetic,9,10,0.10410232544871478,0.1111111111111111,0.7133031738784577,0.2714868596987217,0.6030634155252321,13.0,True,0.9632641151521053,0.9808110964180328,0.9822026970269762,0.9242889330177156
NPDR_vs_diabetes,primary_contrast_family,RIPK2,NPDR,Diabetic,9,10,-0.03903317349475177,-0.06666666666666667,0.8382564863858263,0.2891883184587645,0.6304694894748819,13.0,True,0.9883919764847803,0.9808110964180328,0.9822026970269762,0.929381772996572
NPDR_vs_diabetes,primary_contrast_family,RNF144B,NPDR,Diabetic,9,10,-0.23856680658150653,-0.17777777777777778,0.5402913746074198,-0.18225181097803178,0.6063571254036069,13.0,True,0.8892295540413785,0.911976911976912,0.9822026970269762,0.9242889330177156
NPDR_vs_diabetes,primary_contrast_family,SCARF1,NPDR,Diabetic,9,10,-0.06565472216787072,-0.2,0.48766835345893045,0.17870878535771498,0.7600709845269776,13.0,True,0.8892295540413785,0.911976911976912,0.9822026970269762,0.9431803136389127
NPDR_vs_diabetes,primary_contrast_family,SCN1B,NPDR,Diabetic,9,10,0.39544846660842303,0.15555555555555556,0.5956108994757296,0.36520978280977895,0.32470583808768816,13.0,True,0.8962525915920504,0.911976911976912,0.9822026970269762,0.8410413511123725
NPDR_vs_diabetes,primary_contrast_family,SELE,NPDR,Diabetic,9,10,0.48588709833739,0.4666666666666667,0.09358897960451004,0.5391216705883262,0.22340386945047097,13.0,True,0.6267866123519378,0.5743633632718074,0.9822026970269762,0.808346825339872
NPDR_vs_diabetes,primary_contrast_family,SELENOS,NPDR,Diabetic,9,10,-0.12364918845780837,-0.2,0.48766835345893045,-0.4874938163107799,0.49519031409373837,13.0,True,0.8892295540413785,0.911976911976912,0.9822026970269762,0.9070101787504123
NPDR_vs_diabetes,primary_contrast_family,SELL,NPDR,Diabetic,9,10,-0.06666282970811788,-0.1111111111111111,0.7133031738784577,0.2724899250479794,0.4230493916670287,13.0,True,0.9632641151521053,0.9808110964180328,0.9822026970269762,0.8912240517785405
NPDR_vs_diabetes,primary_contrast_family,SEMA4D,NPDR,Diabetic,9,10,-0.04927412630616956,-0.1111111111111111,0.7133031738784577,0.1394544582257504,0.843319904465656,13.0,True,0.9632641151521053,0.9808110964180328,0.9822026970269762,0.94336419697225
NPDR_vs_diabetes,primary_contrast_family,SERPINE1,NPDR,Diabetic,9,10,0.618483337280505,0.37777777777777777,0.17790959498698244,0.5556251155248245,0.3606551928208469,13.0,True,0.6856028294620299,0.7006651884700665,0.9822026970269762,0.8511687092718431
NPDR_vs_diabetes,primary_contrast_family,SGMS2,NPDR,Diabetic,9,10,0.15050873784007113,0.08888888888888889,0.7750513736700824,0.30800205646421985,0.5894498441285612,13.0,True,0.9642371420462442,0.9808110964180328,0.9822026970269762,0.9221096571516105
NPDR_vs_diabetes,primary_contrast_family,SLC11A2,NPDR,Diabetic,9,10,0.021057700090888254,0.06666666666666667,0.8382564863858263,0.17576004270617418,0.8138412410934922,13.0,True,0.9883919764847803,0.9808110964180328,0.9822026970269762,0.9431803136389127
NPDR_vs_diabetes,primary_contrast_family,SLC1A2,NPDR,Diabetic,9,10,-0.12184038746732995,-0.24444444444444444,0.3912672792826394,-0.3673182519242166,0.6148797243113611,13.0,True,0.8892295540413785,0.8515183213038158,0.9822026970269762,0.9264749674046581
NPDR_vs_diabetes,primary_contrast_family,SLC31A1,NPDR,Diabetic,9,10,0.1158938104424152,0.4888888888888889,0.07917934957557052,0.8884319803522347,0.11783022940470846,13.0,True,0.6267866123519378,0.548699001444743,0.9798513813654703,0.6971451923386685
NPDR_vs_diabetes,primary_contrast_family,SLC31A2,NPDR,Diabetic,9,10,0.03348709986574239,0.15555555555555556,0.5956108994757296,0.2057514631203255,0.7386314694304605,13.0,True,0.8962525915920504,0.911976911976912,0.9822026970269762,0.9431803136389127
NPDR_vs_diabetes,primary_contrast_family,SLC4A4,NPDR,Diabetic,9,10,0.3513839138539874,0.4222222222222222,0.1309111278962908,0.8321464598759327,0.18521952772111078,13.0,True,0.6267866123519378,0.5873045784317557,0.9822026970269762,0.7972726309365289
NPDR_vs_diabetes,primary_contrast_family,SLC7A1,NPDR,Diabetic,9,10,0.13943072942632195,0.0,1.0,0.08464328822588693,0.8449327226781447,13.0,True,1.0,1.0,0.9822026970269762,0.94336419697225
NPDR_vs_diabetes,primary_contrast_family,SLC7A2,NPDR,Diabetic,9,10,-0.15157407814168344,-0.4,0.15304188415882009,-0.6259079640850074,0.31374913702325047,13.0,True,0.6363320446603572,0.6570820026384123,0.9822026970269762,0.8308217371453672
NPDR_vs_diabetes,primary_contrast_family,SPHK1,NPDR,Diabetic,9,10,-0.27273071693111106,-0.17777777777777778,0.5402913746074198,-0.13464272999998558,0.7815618908280713,13.0,True,0.8892295540413785,0.911976911976912,0.9822026970269762,0.9431803136389127
NPDR_vs_diabetes,primary_contrast_family,SRI,NPDR,Diabetic,9,10,-0.06235138477144897,-0.2222222222222222,0.437942822899974,-0.21597728595501947,0.6910119584829107,13.0,True,0.8892295540413785,0.8949813073524413,0.9822026970269762,0.9323033025480405
NPDR_vs_diabetes,primary_contrast_family,STAB1,NPDR,Diabetic,9,10,0.468765525666059,0.4666666666666667,0.09416637543787972,0.8742445486878273,0.055391154876467376,13.0,True,0.6267866123519378,0.5743633632718074,0.8346936070422225,0.575090483691549
NPDR_vs_diabetes,primary_contrast_family,TACR1,NPDR,Diabetic,9,10,-0.006256879322104503,-0.044444444444444446,0.9025232501776794,-0.18496052031348206,0.7828485445396778,13.0,True,0.9902685661671761,0.9947116595316041,0.9822026970269762,0.9431803136389127
NPDR_vs_diabetes,primary_contrast_family,TACR3,NPDR,Diabetic,9,10,-0.03286053881753492,-0.044444444444444446,0.9025232501776794,-0.1804398522414227,0.8126941594815502,13.0,True,0.9902685661671761,0.9947116595316041,0.9822026970269762,0.9431803136389127
NPDR_vs_diabetes,primary_contrast_family,TAPBP,NPDR,Diabetic,9,10,0.10990152612022275,0.37777777777777777,0.17790959498698244,0.5291564576841054,0.3424070943858485,13.0,True,0.6856028294620299,0.7006651884700665,0.9822026970269762,0.8461899590435906
NPDR_vs_diabetes,primary_contrast_family,TIMP1,NPDR,Diabetic,9,10,0.03783204830672826,0.08888888888888889,0.7750513736700824,0.1829298893343327,0.8298575610687118,13.0,True,0.9642371420462442,0.9808110964180328,0.9822026970269762,0.94336419697225
NPDR_vs_diabetes,primary_contrast_family,TLR1,NPDR,Diabetic,9,10,0.15787234230733205,0.4888888888888889,0.07917934957557052,0.9456023782146559,0.02690743396311636,13.0,True,0.6267866123519378,0.548699001444743,0.8346936070422225,0.5545271173268328
NPDR_vs_diabetes,primary_contrast_family,TLR2,NPDR,Diabetic,9,10,0.3606821784204419,0.7555555555555555,0.0062330349697337795,1.2570440252279775,0.032018553761949176,13.0,True,0.49240976260896857,0.3063994828700711,0.8346936070422225,0.5590998815029221
NPDR_vs_diabetes,primary_contrast_family,TLR3,NPDR,Diabetic,9,10,-0.1019193356660868,-0.17777777777777778,0.5402913746074198,0.01788515076249017,0.9737567119707751,13.0,True,0.8892295540413785,0.911976911976912,0.9869858715007145,0.9820440031364838
NPDR_vs_diabetes,primary_contrast_family,TNFRSF1B,NPDR,Diabetic,9,10,0.37483901976970424,0.4,0.15304188415882009,0.6404084716848926,0.2176307569489079,13.0,True,0.6363320446603572,0.6570820026384123,0.9822026970269762,0.8059138968264247
NPDR_vs_diabetes,primary_contrast_family,TNFSF10,NPDR,Diabetic,9,10,0.21382255857366417,0.06666666666666667,0.8382564863858263,0.3536947398077941,0.45774043006267895,13.0,True,0.9883919764847803,0.9808110964180328,0.9822026970269762,0.9070101787504123
NPDR_vs_diabetes,primary_contrast_family,TNFSF9,NPDR,Diabetic,9,10,0.036864146178485546,0.2,0.48766835345893045,-0.17561859364384064,0.6458247264816925,13.0,True,0.8892295540413785,0.911976911976912,0.9822026970269762,0.929381772996572
NPDR_vs_diabetes,primary_contrast_family,TPBG,NPDR,Diabetic,9,10,0.027775040219029545,0.044444444444444446,0.9025232501776794,0.23810696342622983,0.5976666569773066,13.0,True,0.9902685661671761,0.9947116595316041,0.9822026970269762,0.9242889330177156
NPDR_vs_diabetes,primary_contrast_family,VIP,NPDR,Diabetic,9,10,-0.14255539162497666,-0.3333333333333333,0.23644471557230384,0.12026204896463472,0.8363543786828733,13.0,True,0.8121361969657392,0.7778142435182146,0.9822026970269762,0.94336419697225
advanced_DME_vs_diabetes,exploratory_contrast_family,ABCA1,NPDR + DME;PDR + DME,Diabetic,7,10,0.3210697052670106,0.2,0.5361990950226244,1.1467895701438866,0.08418903225020953,11.0,True,0.7431531316980233,0.911976911976912,0.4750666819833252,0.6309365704202091
advanced_DME_vs_diabetes,exploratory_contrast_family,ABI1,NPDR + DME;PDR + DME,Diabetic,7,10,0.03515939763103937,0.17142857142857143,0.6008844097079391,0.6886129085659483,0.4095269705369792,11.0,True,0.7718677783240193,0.911976911976912,0.7703007302957466,0.8863734430800371
advanced_DME_vs_diabetes,exploratory_contrast_family,ACVR1B,NPDR + DME;PDR + DME,Diabetic,7,10,-0.013475801981080338,0.0,1.0,0.3382976876004183,0.6779857006724073,11.0,True,1.0,1.0,0.8581010993462854,0.929381772996572
advanced_DME_vs_diabetes,exploratory_contrast_family,ACVR2A,NPDR + DME;PDR + DME,Diabetic,7,10,-0.10201914484889496,-0.5142857142857142,0.08782394076511724,0.06008812964573493,0.9219493987615165,11.0,True,0.3083596142419672,0.5743633632718074,0.9385600612687929,0.9632590102495505
advanced_DME_vs_diabetes,exploratory_contrast_family,ADM,NPDR + DME;PDR + DME,Diabetic,7,10,0.5117225887142931,0.2571428571428571,0.41731797614150556,-0.01636588338629825,0.9876659260514868,11.0,True,0.6401576721393969,0.8862397880424446,0.9876659260514868,0.9876659260514868
advanced_DME_vs_diabetes,exploratory_contrast_family,ADORA2B,NPDR + DME;PDR + DME,Diabetic,7,10,0.2938923124869175,0.34285714285714286,0.269847799259564,0.28594514513882563,0.7375525123276008,11.0,True,0.5199506375976964,0.7778142435182146,0.8873146590478012,0.9431803136389127
advanced_DME_vs_diabetes,exploratory_contrast_family,ADRM1,NPDR + DME;PDR + DME,Diabetic,7,10,0.1338428734718553,0.2571428571428571,0.41731797614150556,0.6463152580864521,0.5370323623634723,11.0,True,0.6401576721393969,0.8862397880424446,0.8036444582359715,0.9070101787504123
advanced_DME_vs_diabetes,exploratory_contrast_family,AHR,NPDR + DME;PDR + DME,Diabetic,7,10,-0.1296570239546142,-0.2,0.5361990950226244,0.08285719980537926,0.8464746135577719,11.0,True,0.7431531316980233,0.911976911976912,0.909816251306993,0.94336419697225
advanced_DME_vs_diabetes,exploratory_contrast_family,APLNR,NPDR + DME;PDR + DME,Diabetic,7,10,0.32853056290849203,0.2857142857142857,0.36384204031262857,0.7169961335464983,0.49076645546388864,11.0,True,0.5988233580145345,0.8515183213038158,0.8036444582359715,0.9070101787504123
advanced_DME_vs_diabetes,exploratory_contrast_family,AQP9,NPDR + DME;PDR + DME,Diabetic,7,10,0.09507481780693741,0.37142857142857144,0.22137652763814442,0.87577329836427,0.34332785396035803,11.0,True,0.4835540929658577,0.7637006848652144,0.7162923776114606,0.8461899590435906
advanced_DME_vs_diabetes,exploratory_contrast_family,ATP2A2,NPDR + DME;PDR + DME,Diabetic,7,10,-0.10835138353612628,-0.2857142857142857,0.36384204031262857,-0.5393231408708414,0.5077201441498739,11.0,True,0.5988233580145345,0.8515183213038158,0.8036444582359715,0.9070101787504123
advanced_DME_vs_diabetes,exploratory_contrast_family,ATP2B1,NPDR + DME;PDR + DME,Diabetic,7,10,-0.07799761537695105,-0.34285714285714286,0.269847799259564,-0.6673880874596426,0.24977389831298344,11.0,True,0.5199506375976964,0.7778142435182146,0.6633024776819173,0.8087528660632547
advanced_DME_vs_diabetes,exploratory_contrast_family,ATP2C1,NPDR + DME;PDR + DME,Diabetic,7,10,-0.04243076125544043,-0.2,0.5361990950226244,-0.33449655912325993,0.6459165406431107,11.0,True,0.7431531316980233,0.911976911976912,0.8581010993462854,0.929381772996572
advanced_DME_vs_diabetes,exploratory_contrast_family,AXL,NPDR + DME;PDR + DME,Diabetic,7,10,0.3753330646780997,0.8285714285714286,0.0030851501439736733,1.4567573270683327,0.0330269972195819,11.0,True,0.05416152474976004,0.20310571781160017,0.41911547391485104,0.5590998815029221
advanced_DME_vs_diabetes,exploratory_contrast_family,BEST1,NPDR + DME;PDR + DME,Diabetic,7,10,0.5305213335546588,0.42857142857142855,0.16125051419169067,1.3657133220142745,0.2920090800626298,11.0,True,0.42462635403811877,0.6596787307447206,0.6883213320129847,0.8141900232334502
advanced_DME_vs_diabetes,exploratory_contrast_family,BST2,NPDR + DME;PDR + DME,Diabetic,7,10,0.4580493209268033,0.7142857142857143,0.013574660633484163,1.1077845845877385,0.28139188471394844,11.0,True,0.10213316095669038,0.3063994828700711,0.6839987351508284,0.8087528660632547
advanced_DME_vs_diabetes,exploratory_contrast_family,BTG2,NPDR + DME;PDR + DME,Diabetic,7,10,1.0510769274446492,0.37142857142857144,0.2295351707116413,0.5499954594763409,0.5498621733350788,11.0,True,0.4835540929658577,0.7651172357054711,0.811946012962079,0.9070101787504123
advanced_DME_vs_diabetes,exploratory_contrast_family,C3AR1,NPDR + DME;PDR + DME,Diabetic,7,10,0.4796776444132391,0.9714285714285714,0.00020567667626491157,1.941647990978771,0.039348440583954064,11.0,True,0.03249691484985603,0.16248457424928014,0.41911547391485104,0.575090483691549
advanced_DME_vs_diabetes,exploratory_contrast_family,C5AR1,NPDR + DME;PDR + DME,Diabetic,7,10,0.24734140622064515,0.4,0.19323323735088443,0.27567819636947916,0.7556317602248511,11.0,True,0.4556843507677573,0.7034758410469986,0.8873146590478012,0.9431803136389127
advanced_DME_vs_diabetes,exploratory_contrast_family,CALCRL,NPDR + DME;PDR + DME,Diabetic,7,10,-0.12362925334368935,-0.08571428571428572,0.8125257095845331,-0.5636530550132365,0.46622365692978296,11.0,True,0.9302830587996828,0.9808110964180328,0.8036444582359715,0.9070101787504123
advanced_DME_vs_diabetes,exploratory_contrast_family,CCL2,NPDR + DME;PDR + DME,Diabetic,7,10,0.2263618618838692,0.3142857142857143,0.31478815302344715,0.1316166580052449,0.8133470495172906,11.0,True,0.540614436714181,0.837315289186947,0.8986631735925309,0.9431803136389127
advanced_DME_vs_diabetes,exploratory_contrast_family,CD14,NPDR + DME;PDR + DME,Diabetic,7,10,0.83521971797395,0.8571428571428571,0.00195392842451666,1.8219542283141006,0.011248246707364556,11.0,True,0.05416152474976004,0.20310571781160017,0.19961528534979975,0.3593075136296395
advanced_DME_vs_diabetes,exploratory_contrast_family,CD40,NPDR + DME;PDR + DME,Diabetic,7,10,-0.005232521705729409,0.08571428571428572,0.8125257095845331,0.449330828522559,0.44185809701819045,11.0,True,0.9302830587996828,0.9808110964180328,0.7946526432319525,0.9066698614139492
advanced_DME_vs_diabetes,exploratory_contrast_family,CD55,NPDR + DME;PDR + DME,Diabetic,7,10,-0.16439811166007656,-0.37142857142857144,0.2295351707116413,-0.25160139061087644,0.6689153300605011,11.0,True,0.4835540929658577,0.7651172357054711,0.8581010993462854,0.929381772996572
advanced_DME_vs_diabetes,exploratory_contrast_family,CD82,NPDR + DME;PDR + DME,Diabetic,7,10,0.14702376004690576,0.2571428571428571,0.41731797614150556,1.0365439065683901,0.11805573232016206,11.0,True,0.6401576721393969,0.8862397880424446,0.5222454759829298,0.6971451923386685
advanced_DME_vs_diabetes,exploratory_contrast_family,CDKN1A,NPDR + DME;PDR + DME,Diabetic,7,10,0.6794040987144907,0.8,0.00462772521596051,1.4405099770575371,0.07043279987118908,11.0,True,0.06647096219288733,0.26113592290062876,0.445588401903214,0.6041886707561256
advanced_DME_vs_diabetes,exploratory_contrast_family,CHST2,NPDR + DME;PDR + DME,Diabetic,7,10,0.003558884516126959,-0.05714285714285714,0.8867749897161661,0.2640455664822304,0.7065134620491257,11.0,True,0.9596606053092755,0.9947116595316041,0.8586855923366297,0.9327806844633206
advanced_DME_vs_diabetes,exploratory_contrast_family,CLEC5A,NPDR + DME;PDR + DME,Diabetic,7,10,0.5225834060658021,0.7428571428571429,0.009666803784450843,1.7056518322576517,0.008646297848153047,11.0,True,0.10213316095669038,0.3063994828700711,0.19515929428688306,0.33483029509462336
advanced_DME_vs_diabetes,exploratory_contrast_family,CMKLR1,NPDR + DME;PDR + DME,Diabetic,7,10,0.5776565965270426,0.6,0.043089263677498976,1.2343350269857047,0.10290448064899553,11.0,True,0.19451724745842397,0.43089263677498973,0.4926941800770089,0.64433928787539
advanced_DME_vs_diabetes,exploratory_contrast_family,CSF1,NPDR + DME;PDR + DME,Diabetic,7,10,0.5337560381947815,0.7142857142857143,0.013574660633484163,1.062927636876785,0.19657490742426248,11.0,True,0.10213316095669038,0.3063994828700711,0.6214221308279454,0.8035631002085502
advanced_DME_vs_diabetes,exploratory_contrast_family,CSF3R,NPDR + DME;PDR + DME,Diabetic,7,10,0.36130058028892953,0.7428571428571429,0.009666803784450843,1.0194851692971845,0.2027929311422435,11.0,True,0.10213316095669038,0.3063994828700711,0.62400120477283,0.8055302729177461
advanced_DME_vs_diabetes,exploratory_contrast_family,CX3CL1,NPDR + DME;PDR + DME,Diabetic,7,10,-0.009836289257281194,-0.02857142857142857,0.9622583299053886,0.17815404195301826,0.804264102238151,11.0,True,0.9937046805558915,1.0,0.8986631735925309,0.9431803136389127
advanced_DME_vs_diabetes,exploratory_contrast_family,CXCL8,NPDR + DME;PDR + DME,Diabetic,7,10,0.2915188880153323,0.42857142857142855,0.15603428307969094,0.6648503727681048,0.25949699989625674,11.0,True,0.42462635403811877,0.6596787307447206,0.6633024776819173,0.8087528660632547
advanced_DME_vs_diabetes,exploratory_contrast_family,CXCR6,NPDR + DME;PDR + DME,Diabetic,7,10,-0.1678671574251865,-0.34285714285714286,0.269847799259564,-0.42878889595937003,0.539153877044386,11.0,True,0.5199506375976964,0.7778142435182146,0.8036444582359715,0.9070101787504123
advanced_DME_vs_diabetes,exploratory_contrast_family,CYBB,NPDR + DME;PDR + DME,Diabetic,7,10,0.8159887962610362,0.6857142857142857,0.01851090086384204,1.4624867229457816,0.05054123362997932,11.0,True,0.10832304949952008,0.33169728821902733,0.41990733729859137,0.575090483691549
advanced_DME_vs_diabetes,exploratory_contrast_family,DCBLD2,NPDR + DME;PDR + DME,Diabetic,7,10,0.13091037240337045,0.3142857142857143,0.31478815302344715,0.5143444625645365,0.3333235833119781,11.0,True,0.540614436714181,0.837315289186947,0.7162923776114606,0.8461899590435906
advanced_DME_vs_diabetes,exploratory_contrast_family,EBI3,NPDR + DME;PDR + DME,Diabetic,7,10,0.13828039078571747,0.3142857142857143,0.31478815302344715,1.5486109062617686,0.2677755653855515,11.0,True,0.540614436714181,0.837315289186947,0.6633024776819173,0.8087528660632547
advanced_DME_vs_diabetes,exploratory_contrast_family,EDN1,NPDR + DME;PDR + DME,Diabetic,7,10,0.03732629576420177,0.08571428571428572,0.8125257095845331,0.856763120613056,0.26867948463065006,11.0,True,0.9302830587996828,0.9808110964180328,0.6633024776819173,0.8087528660632547
advanced_DME_vs_diabetes,exploratory_contrast_family,EIF2AK2,NPDR + DME;PDR + DME,Diabetic,7,10,0.022073176965695218,-0.11428571428571428,0.7396133278486219,0.2312953880568535,0.7985156750369005,11.0,True,0.8920527160311623,0.9808110964180328,0.8986631735925309,0.9431803136389127
advanced_DME_vs_diabetes,exploratory_contrast_family,EMP3,NPDR + DME;PDR + DME,Diabetic,7,10,0.27692542303258727,0.42857142857142855,0.16125051419169067,0.848974740698512,0.26061365483086246,11.0,True,0.42462635403811877,0.6596787307447206,0.6633024776819173,0.8087528660632547
advanced_DME_vs_diabetes,exploratory_contrast_family,F3,NPDR + DME;PDR + DME,Diabetic,7,10,0.3529929106800589,0.45714285714285713,0.13307280954339779,0.7495388160543986,0.16014032236225115,11.0,True,0.3822818892337609,0.5873045784317557,0.5503236624384088,0.7356510823381719
advanced_DME_vs_diabetes,exploratory_contrast_family,FPR1,NPDR + DME;PDR + DME,Diabetic,7,10,0.476998152806241,0.6857142857142857,0.01851090086384204,1.0300333896359215,0.12565155747742957,11.0,True,0.10832304949952008,0.33169728821902733,0.5222454759829298,0.6971451923386685
advanced_DME_vs_diabetes,exploratory_contrast_family,FZD5,NPDR + DME;PDR + DME,Diabetic,7,10,0.31623857539428624,0.6,0.043089263677498976,0.9603603219849698,0.1374900581773476,11.0,True,0.19451724745842397,0.43089263677498973,0.5222454759829298,0.6971451923386685
advanced_DME_vs_diabetes,exploratory_contrast_family,GABBR1,NPDR + DME;PDR + DME,Diabetic,7,10,0.06279584265658134,0.0,1.0,0.3226939471588416,0.618560792525478,11.0,True,1.0,1.0,0.853558813367648,0.9264749674046581
advanced_DME_vs_diabetes,exploratory_contrast_family,GCH1,NPDR + DME;PDR + DME,Diabetic,7,10,0.13926051630249758,0.4,0.19323323735088443,0.2821194012639975,0.7581486010851466,11.0,True,0.4556843507677573,0.7034758410469986,0.8873146590478012,0.9431803136389127
advanced_DME_vs_diabetes,exploratory_contrast_family,GNA15,NPDR + DME;PDR + DME,Diabetic,7,10,0.23906375982678052,0.6285714285714286,0.03301110654051831,0.496527744170926,0.4526502398156692,11.0,True,0.17385849444672974,0.37795324879723863,0.7946526432319525,0.9070101787504123
advanced_DME_vs_diabetes,exploratory_contrast_family,GNAI3,NPDR + DME;PDR + DME,Diabetic,7,10,-0.10104203182037352,-0.2857142857142857,0.36384204031262857,-0.3492177607777834,0.6988085224656658,11.0,True,0.5988233580145345,0.8515183213038158,0.8581010993462854,0.9323033025480405
advanced_DME_vs_diabetes,exploratory_contrast_family,GPC3,NPDR + DME;PDR + DME,Diabetic,7,10,0.3956578319587214,0.3142857142857143,0.31478815302344715,1.1108546950995992,0.19665257304681819,11.0,True,0.540614436714181,0.837315289186947,0.6214221308279454,0.8035631002085502
advanced_DME_vs_diabetes,exploratory_contrast_family,GPR132,NPDR + DME;PDR + DME,Diabetic,7,10,0.1291573296890267,0.37142857142857144,0.2295351707116413,1.5434907751580684,0.310259740714548,11.0,True,0.4835540929658577,0.7651172357054711,0.6904371694774448,0.8261972870713243
advanced_DME_vs_diabetes,exploratory_contrast_family,GPR183,NPDR + DME;PDR + DME,Diabetic,7,10,0.5028781652532158,0.6285714285714286,0.03301110654051831,1.1215301374662543,0.17108313453829335,11.0,True,0.17385849444672974,0.37795324879723863,0.563148651188549,0.7578822969266453
advanced_DME_vs_diabetes,exploratory_contrast_family,HBEGF,NPDR + DME;PDR + DME,Diabetic,7,10,0.585713440380033,0.7142857142857143,0.013574660633484163,0.9562600167768704,0.10166030892833543,11.0,True,0.10213316095669038,0.3063994828700711,0.4926941800770089,0.64433928787539
advanced_DME_vs_diabetes,exploratory_contrast_family,HIF1A,NPDR + DME;PDR + DME,Diabetic,7,10,0.010547726066984175,0.05714285714285714,0.8867749897161661,0.5830599723952261,0.3918225488348277,11.0,True,0.9596606053092755,0.9947116595316041,0.7458790688662985,0.8700822290360481
advanced_DME_vs_diabetes,exploratory_contrast_family,HPN,NPDR + DME;PDR + DME,Diabetic,7,10,0.16829283003136242,0.34285714285714286,0.269847799259564,1.1784194088562705,0.26750709038941256,11.0,True,0.5199506375976964,0.7778142435182146,0.6633024776819173,0.8087528660632547
advanced_DME_vs_diabetes,exploratory_contrast_family,HRH1,NPDR + DME;PDR + DME,Diabetic,7,10,0.07223490696885704,0.2,0.5361990950226244,0.5245678413698524,0.5345962549344176,11.0,True,0.7431531316980233,0.911976911976912,0.8036444582359715,0.9070101787504123
advanced_DME_vs_diabetes,exploratory_contrast_family,ICAM1,NPDR + DME;PDR + DME,Diabetic,7,10,0.9524925813398837,0.45714285714285713,0.13307280954339779,0.5129108478718608,0.48371702594422283,11.0,True,0.3822818892337609,0.5873045784317557,0.8036444582359715,0.9070101787504123
advanced_DME_vs_diabetes,exploratory_contrast_family,ICOSLG,NPDR + DME;PDR + DME,Diabetic,7,10,0.2250996383130371,0.5714285714285714,0.05552133242422034,0.763022710597004,0.4736385304472017,11.0,True,0.23463721859385936,0.49843014335379626,0.8036444582359715,0.9070101787504123
advanced_DME_vs_diabetes,exploratory_contrast_family,IFITM1,NPDR + DME;PDR + DME,Diabetic,7,10,0.31684411519663636,0.45714285714285713,0.13307280954339779,-0.09075681575289754,0.9117891787027159,11.0,True,0.3822818892337609,0.5873045784317557,0.9354720145131761,0.9582884051110584
advanced_DME_vs_diabetes,exploratory_contrast_family,IFNAR1,NPDR + DME;PDR + DME,Diabetic,7,10,-0.020596013592999896,-0.14285714285714285,0.6690662278897572,-0.5095703214925971,0.7006015304789293,11.0,True,0.8323816063510366,0.9808110964180328,0.8581010993462854,0.9323033025480405
advanced_DME_vs_diabetes,exploratory_contrast_family,IFNGR2,NPDR + DME;PDR + DME,Diabetic,7,10,0.19522480481178572,0.5428571428571428,0.0702385849444673,1.3506266530121567,0.4198388347984421,11.0,True,0.2642308671720437,0.5335430971743189,0.7766627520320044,0.8912240517785405
advanced_DME_vs_diabetes,exploratory_contrast_family,IL10RA,NPDR + DME;PDR + DME,Diabetic,7,10,0.6277995731802566,0.7142857142857143,0.013574660633484163,1.5213789278619927,0.04145713084194084,11.0,True,0.10213316095669038,0.3063994828700711,0.41911547391485104,0.575090483691549
advanced_DME_vs_diabetes,exploratory_contrast_family,IL15,NPDR + DME;PDR + DME,Diabetic,7,10,0.2596693446430307,0.4857142857142857,0.10880296174413821,0.7883241363416333,0.45231968716598003,11.0,True,0.35083403990967016,0.5873045784317557,0.7946526432319525,0.9070101787504123
advanced_DME_vs_diabetes,exploratory_contrast_family,IL15RA,NPDR + DME;PDR + DME,Diabetic,7,10,-0.05570703687958109,-0.3142857142857143,0.31478815302344715,-0.3367340525281599,0.6930985320773329,11.0,True,0.540614436714181,0.837315289186947,0.8581010993462854,0.9323033025480405
advanced_DME_vs_diabetes,exploratory_contrast_family,IL18,NPDR + DME;PDR + DME,Diabetic,7,10,-0.18555863821521434,-0.17142857142857143,0.6008844097079391,-0.8452945384379846,0.14213009789408848,11.0,True,0.7718677783240193,0.911976911976912,0.5222454759829298,0.6971451923386685
advanced_DME_vs_diabetes,exploratory_contrast_family,IL18R1,NPDR + DME;PDR + DME,Diabetic,7,10,0.01230172995406853,-0.08571428571428572,0.8125257095845331,0.6930078243188333,0.49849045145925897,11.0,True,0.9302830587996828,0.9808110964180328,0.8036444582359715,0.9070101787504123
advanced_DME_vs_diabetes,exploratory_contrast_family,IL1B,NPDR + DME;PDR + DME,Diabetic,7,10,0.4668789317855701,0.8571428571428571,0.00195392842451666,1.150332352320484,0.16022081311497977,11.0,True,0.05416152474976004,0.20310571781160017,0.5503236624384088,0.7356510823381719
advanced_DME_vs_diabetes,exploratory_contrast_family,IL1R1,NPDR + DME;PDR + DME,Diabetic,7,10,0.3773390201492144,0.5142857142857142,0.08782394076511724,0.5843468698924845,0.3647373029551838,11.0,True,0.3083596142419672,0.5743633632718074,0.7188506227502273,0.8511687092718431
advanced_DME_vs_diabetes,exploratory_contrast_family,IL4R,NPDR + DME;PDR + DME,Diabetic,7,10,0.28993710053472266,0.3142857142857143,0.31478815302344715,0.5396650458292349,0.46878284727585806,11.0,True,0.540614436714181,0.837315289186947,0.8036444582359715,0.9070101787504123
advanced_DME_vs_diabetes,exploratory_contrast_family,IL6,NPDR + DME;PDR + DME,Diabetic,7,10,0.4704642088843992,0.5714285714285714,0.05643173611751048,1.0087777215981635,0.35528669507311617,11.0,True,0.23463721859385936,0.49873737373737376,0.7188506227502273,0.8507057883324464
advanced_DME_vs_diabetes,exploratory_contrast_family,INHBA,NPDR + DME;PDR + DME,Diabetic,7,10,0.22728558086765172,0.22857142857142856,0.4747017688194159,0.10221606461330998,0.8543779892542158,11.0,True,0.7075743346553557,0.911976911976912,0.9100166841202678,0.9441100392765982
advanced_DME_vs_diabetes,exploratory_contrast_family,IRAK2,NPDR + DME;PDR + DME,Diabetic,7,10,0.16813620976801325,0.2571428571428571,0.41731797614150556,0.3528332122822344,0.7566517865961754,11.0,True,0.6401576721393969,0.8862397880424446,0.8873146590478012,0.9431803136389127
advanced_DME_vs_diabetes,exploratory_contrast_family,IRF1,NPDR + DME;PDR + DME,Diabetic,7,10,0.16514566792650376,0.2,0.5361990950226244,0.1422263222884569,0.863939889987596,11.0,True,0.7431531316980233,0.911976911976912,0.9100166841202678,0.9457448218339966
advanced_DME_vs_diabetes,exploratory_contrast_family,IRF7,NPDR + DME;PDR + DME,Diabetic,7,10,0.038945033081204006,0.14285714285714285,0.6690662278897572,-0.14507467153470313,0.861910303820435,11.0,True,0.8323816063510366,0.9808110964180328,0.9100166841202678,0.9457071389140884
advanced_DME_vs_diabetes,exploratory_contrast_family,ITGA5,NPDR + DME;PDR + DME,Diabetic,7,10,0.21723263717836128,0.37142857142857144,0.2295351707116413,0.727449984917894,0.3018814896359401,11.0,True,0.4835540929658577,0.7651172357054711,0.6904371694774448,0.8261972870713243
advanced_DME_vs_diabetes,exploratory_contrast_family,ITGB3,NPDR + DME;PDR + DME,Diabetic,7,10,-0.06593380454463238,-0.05714285714285714,0.8867749897161661,-0.2415023082140783,0.7884595666649921,11.0,True,0.9596606053092755,0.9947116595316041,0.8986631735925309,0.9431803136389127
advanced_DME_vs_diabetes,exploratory_contrast_family,ITGB8,NPDR + DME;PDR + DME,Diabetic,7,10,0.3144855489825398,0.37142857142857144,0.2295351707116413,1.6990347853950216,0.07050449397202754,11.0,True,0.4835540929658577,0.7651172357054711,0.445588401903214,0.6041886707561256
advanced_DME_vs_diabetes,exploratory_contrast_family,KCNA3,NPDR + DME;PDR + DME,Diabetic,7,10,-0.01939892747625871,0.0,1.0,0.8224233820159011,0.2053674851151086,11.0,True,1.0,1.0,0.62400120477283,0.8055302729177461
advanced_DME_vs_diabetes,exploratory_contrast_family,KCNJ2,NPDR + DME;PDR + DME,Diabetic,7,10,-0.1876635314393731,-0.3142857142857143,0.31478815302344715,-0.11886457638092361,0.788508258167025,11.0,True,0.540614436714181,0.837315289186947,0.8986631735925309,0.9431803136389127
advanced_DME_vs_diabetes,exploratory_contrast_family,KCNMB2,NPDR + DME;PDR + DME,Diabetic,7,10,-0.03398447598724397,-0.02857142857142857,0.9622583299053886,-0.16895843102784217,0.8201750326901205,11.0,True,0.9937046805558915,1.0,0.8999142719794377,0.94336419697225
advanced_DME_vs_diabetes,exploratory_contrast_family,KIF1B,NPDR + DME;PDR + DME,Diabetic,7,10,-0.0832682897910626,-0.4,0.19323323735088443,-1.5633730849256167,0.0820432156310654,11.0,True,0.4556843507677573,0.7034758410469986,0.4750666819833252,0.6309365704202091
advanced_DME_vs_diabetes,exploratory_contrast_family,KLF6,NPDR + DME;PDR + DME,Diabetic,7,10,0.16159474347768654,0.34285714285714286,0.269847799259564,0.6818075967936899,0.35029587622026004,11.0,True,0.5199506375976964,0.7778142435182146,0.7187889408155985,0.849160954808379
advanced_DME_vs_diabetes,exploratory_contrast_family,LAMP3,NPDR + DME;PDR + DME,Diabetic,7,10,0.04461291074713425,0.11428571428571428,0.7396133278486219,0.06961016408438768,0.9077283764771492,11.0,True,0.8920527160311623,0.9808110964180328,0.9354720145131761,0.9582700455460328
advanced_DME_vs_diabetes,exploratory_contrast_family,LCP2,NPDR + DME;PDR + DME,Diabetic,7,10,0.14268817071825501,0.17142857142857143,0.6008844097079391,0.5155300793115615,0.3771642573311127,11.0,True,0.7718677783240193,0.911976911976912,0.7267311299794611,0.8594993171872471
advanced_DME_vs_diabetes,exploratory_contrast_family,LDLR,NPDR + DME;PDR + DME,Diabetic,7,10,-0.3359716799659891,-0.17142857142857143,0.6008844097079391,-0.2502007344467386,0.6624128293422573,11.0,True,0.7718677783240193,0.911976911976912,0.8581010993462854,0.929381772996572
advanced_DME_vs_diabetes,exploratory_contrast_family,LIF,NPDR + DME;PDR + DME,Diabetic,7,10,1.0417372140524939,0.6857142857142857,0.01851090086384204,0.8251733115977609,0.24127001409693105,11.0,True,0.10832304949952008,0.33169728821902733,0.6633024776819173,0.8087528660632547
advanced_DME_vs_diabetes,exploratory_contrast_family,LPAR1,NPDR + DME;PDR + DME,Diabetic,7,10,0.12758432410742904,0.17142857142857143,0.6008844097079391,0.32500105802323015,0.6614701888037632,11.0,True,0.7718677783240193,0.911976911976912,0.8581010993462854,0.929381772996572
advanced_DME_vs_diabetes,exploratory_contrast_family,LY6E,NPDR + DME;PDR + DME,Diabetic,7,10,0.1284896656659682,0.05714285714285714,0.8867749897161661,0.6993217521085042,0.3685246863466355,11.0,True,0.9596606053092755,0.9947116595316041,0.7188506227502273,0.8521009820892937
advanced_DME_vs_diabetes,exploratory_contrast_family,LYN,NPDR + DME;PDR + DME,Diabetic,7,10,0.36911396486817205,0.7142857142857143,0.013574660633484163,1.2333831265887092,0.06218120367711757,11.0,True,0.10213316095669038,0.3063994828700711,0.445588401903214,0.6009793970704003
advanced_DME_vs_diabetes,exploratory_contrast_family,MEFV,NPDR + DME;PDR + DME,Diabetic,7,10,0.05918138278032087,0.2,0.5361990950226244,-0.28816491329935695,0.6966038233280316,11.0,True,0.7431531316980233,0.911976911976912,0.8581010993462854,0.9323033025480405
advanced_DME_vs_diabetes,exploratory_contrast_family,MET,NPDR + DME;PDR + DME,Diabetic,7,10,0.2119205995346798,0.4857142857142857,0.10880296174413821,1.595195748025075,0.0029277782730666173,11.0,True,0.35083403990967016,0.5873045784317557,0.11564724178613138,0.26440489296355363
advanced_DME_vs_diabetes,exploratory_contrast_family,MMP14,NPDR + DME;PDR + DME,Diabetic,7,10,0.3288417428600896,0.42857142857142855,0.16125051419169067,0.5565382713237559,0.32087327678488414,11.0,True,0.42462635403811877,0.6596787307447206,0.7041385796112736,0.8356809516265664
advanced_DME_vs_diabetes,exploratory_contrast_family,MSR1,NPDR + DME;PDR + DME,Diabetic,7,10,0.2692161960689905,0.3142857142857143,0.31478815302344715,1.1366739101858085,0.032329719485260935,11.0,True,0.540614436714181,0.837315289186947,0.41911547391485104,0.5590998815029221
advanced_DME_vs_diabetes,exploratory_contrast_family,MXD1,NPDR + DME;PDR + DME,Diabetic,7,10,0.026562633369057842,0.08571428571428572,0.8125257095845331,-0.06494002702591883,0.9266795541641246,11.0,True,0.9302830587996828,0.9808110964180328,0.9385600612687929,0.9632590102495505
advanced_DME_vs_diabetes,exploratory_contrast_family,MYC,NPDR + DME;PDR + DME,Diabetic,7,10,-0.011346673336192659,-0.08571428571428572,0.8125257095845331,0.4555190546689543,0.51479701614056,11.0,True,0.9302830587996828,0.9808110964180328,0.8036444582359715,0.9070101787504123
advanced_DME_vs_diabetes,exploratory_contrast_family,NAMPT,NPDR + DME;PDR + DME,Diabetic,7,10,-0.08124850013332718,-0.2,0.5361990950226244,-0.5080682217812335,0.5827447845409943,11.0,True,0.7431531316980233,0.911976911976912,0.8342789477571654,0.920736759574771
advanced_DME_vs_diabetes,exploratory_contrast_family,NDP,NPDR + DME;PDR + DME,Diabetic,7,10,0.30782819085596547,0.4,0.19323323735088443,1.1459122482103872,0.005950176196386474,11.0,True,0.4556843507677573,0.7034758410469986,0.17745589459795486,0.2820383517087189
advanced_DME_vs_diabetes,exploratory_contrast_family,NFKB1,NPDR + DME;PDR + DME,Diabetic,7,10,0.05297006112501901,0.3142857142857143,0.31478815302344715,0.61793038802938,0.23407850533486718,11.0,True,0.540614436714181,0.837315289186947,0.6633024776819173,0.8087528660632547
advanced_DME_vs_diabetes,exploratory_contrast_family,NFKBIA,NPDR + DME;PDR + DME,Diabetic,7,10,0.15394094822332072,0.37142857142857144,0.2295351707116413,1.5033418780362544,0.04329972724629518,11.0,True,0.4835540929658577,0.7651172357054711,0.41911547391485104,0.575090483691549
advanced_DME_vs_diabetes,exploratory_contrast_family,NLRP3,NPDR + DME;PDR + DME,Diabetic,7,10,0.22968576945741814,0.4,0.19323323735088443,1.2259158172380655,0.17100177711420372,11.0,True,0.4556843507677573,0.7034758410469986,0.563148651188549,0.7578822969266453
advanced_DME_vs_diabetes,exploratory_contrast_family,NMI,NPDR + DME;PDR + DME,Diabetic,7,10,0.2852011594553723,0.5428571428571428,0.0702385849444673,0.9676381625372609,0.13385740904783447,11.0,True,0.2642308671720437,0.5335430971743189,0.5222454759829298,0.6971451923386685
advanced_DME_vs_diabetes,exploratory_contrast_family,NMUR1,NPDR + DME;PDR + DME,Diabetic,7,10,-0.40214512999485397,-0.45714285714285713,0.13307280954339779,-1.3037378137169577,0.09735294084579744,11.0,True,0.3822818892337609,0.5873045784317557,0.4926941800770089,0.64433928787539
advanced_DME_vs_diabetes,exploratory_contrast_family,NOD2,NPDR + DME;PDR + DME,Diabetic,7,10,0.3395056967984166,0.6,0.043089263677498976,0.8986100513861385,0.14001498047674718,11.0,True,0.19451724745842397,0.43089263677498973,0.5222454759829298,0.6971451923386685
advanced_DME_vs_diabetes,exploratory_contrast_family,NPFFR2,NPDR + DME;PDR + DME,Diabetic,7,10,0.0782164236453769,-0.14285714285714285,0.6690662278897572,-0.2231347497485613,0.8451673347274475,11.0,True,0.8323816063510366,0.9808110964180328,0.909816251306993,0.94336419697225
advanced_DME_vs_diabetes,exploratory_contrast_family,OLR1,NPDR + DME;PDR + DME,Diabetic,7,10,1.2359342779105478,0.8285714285714286,0.0030851501439736733,1.756267644921432,0.04037525457465223,11.0,True,0.05416152474976004,0.20310571781160017,0.41911547391485104,0.575090483691549
advanced_DME_vs_diabetes,exploratory_contrast_family,OPRK1,NPDR + DME;PDR + DME,Diabetic,7,10,0.8292430431205451,0.9428571428571428,0.00041135335252982314,1.4985223637072995,0.002059185253571976,11.0,True,0.03249691484985603,0.16248457424928014,0.10845042335479074,0.2440134525482792
advanced_DME_vs_diabetes,exploratory_contrast_family,OSM,NPDR + DME;PDR + DME,Diabetic,7,10,0.32641749762152944,0.7142857142857143,0.013574660633484163,1.15218114571357,0.09769231393615349,11.0,True,0.10213316095669038,0.3063994828700711,0.4926941800770089,0.64433928787539
advanced_DME_vs_diabetes,exploratory_contrast_family,OSMR,NPDR + DME;PDR + DME,Diabetic,7,10,0.7936976522050343,0.6,0.043089263677498976,0.5725603912710402,0.30723768434343246,11.0,True,0.19451724745842397,0.43089263677498973,0.6904371694774448,0.8261972870713243
advanced_DME_vs_diabetes,exploratory_contrast_family,P2RX4,NPDR + DME;PDR + DME,Diabetic,7,10,0.2114733138608611,0.6,0.043089263677498976,1.9199002853402602,0.006738831440428666,11.0,True,0.19451724745842397,0.43089263677498973,0.17745589459795486,0.2903823729784716
advanced_DME_vs_diabetes,exploratory_contrast_family,P2RX7,NPDR + DME;PDR + DME,Diabetic,7,10,0.089384244072507,0.2,0.5361990950226244,0.6347008708135775,0.3445457006232342,11.0,True,0.7431531316980233,0.911976911976912,0.7162923776114606,0.8461899590435906
advanced_DME_vs_diabetes,exploratory_contrast_family,P2RY2,NPDR + DME;PDR + DME,Diabetic,7,10,0.48699936900445984,0.8285714285714286,0.0030851501439736733,1.5241357698985678,0.05581046888145834,11.0,True,0.05416152474976004,0.20310571781160017,0.41990733729859137,0.575090483691549
advanced_DME_vs_diabetes,exploratory_contrast_family,PCDH7,NPDR + DME;PDR + DME,Diabetic,7,10,-0.0335456694009153,-0.02857142857142857,0.9622583299053886,-0.14222113532682865,0.8377483870639144,11.0,True,0.9937046805558915,1.0,0.909816251306993,0.94336419697225
advanced_DME_vs_diabetes,exploratory_contrast_family,PDE4B,NPDR + DME;PDR + DME,Diabetic,7,10,-0.0052654736884916176,0.11428571428571428,0.7396133278486219,0.30043003241130994,0.5819287216483656,11.0,True,0.8920527160311623,0.9808110964180328,0.8342789477571654,0.920736759574771
advanced_DME_vs_diabetes,exploratory_contrast_family,PDPN,NPDR + DME;PDR + DME,Diabetic,7,10,0.47325643962064223,0.7142857142857143,0.013574660633484163,1.4826625874024901,0.07669801675204825,11.0,True,0.10213316095669038,0.3063994828700711,0.4660879479547548,0.6257034379052312
advanced_DME_vs_diabetes,exploratory_contrast_family,PIK3R5,NPDR + DME;PDR + DME,Diabetic,7,10,0.5435850336596251,0.8285714285714286,0.0030851501439736733,2.111210003482918,0.0007219454913118776,11.0,True,0.05416152474976004,0.20310571781160017,0.05703369381363833,0.11406738762727665
advanced_DME_vs_diabetes,exploratory_contrast_family,PLAUR,NPDR + DME;PDR + DME,Diabetic,7,10,0.2649112640533555,0.45714285714285713,0.13307280954339779,1.0711076835047357,0.26761402517076277,11.0,True,0.3822818892337609,0.5873045784317557,0.6633024776819173,0.8087528660632547
advanced_DME_vs_diabetes,exploratory_contrast_family,PSEN1,NPDR + DME;PDR + DME,Diabetic,7,10,-0.016251391847212915,-0.02857142857142857,0.9622583299053886,0.08268232525458784,0.90405291522938,11.0,True,0.9937046805558915,1.0,0.9354720145131761,0.9582700455460328
advanced_DME_vs_diabetes,exploratory_contrast_family,PTAFR,NPDR + DME;PDR + DME,Diabetic,7,10,0.2170895320258408,0.5428571428571428,0.0702385849444673,1.2044742861000368,0.03001108268234207,11.0,True,0.2642308671720437,0.5335430971743189,0.41911547391485104,0.5590998815029221
advanced_DME_vs_diabetes,exploratory_contrast_family,PTGER2,NPDR + DME;PDR + DME,Diabetic,7,10,0.08717312418867906,0.2857142857142857,0.36384204031262857,1.2038269848613403,0.053989950721112345,11.0,True,0.5988233580145345,0.8515183213038158,0.41990733729859137,0.575090483691549
advanced_DME_vs_diabetes,exploratory_contrast_family,PTGER4,NPDR + DME;PDR + DME,Diabetic,7,10,0.1306670857703618,0.42857142857142855,0.16125051419169067,0.9538941571261261,0.2405333048249507,11.0,True,0.42462635403811877,0.6596787307447206,0.6633024776819173,0.8087528660632547
advanced_DME_vs_diabetes,exploratory_contrast_family,PTPRE,NPDR + DME;PDR + DME,Diabetic,7,10,-0.047673268712761896,0.17142857142857143,0.6008844097079391,-0.1241045022112076,0.7469375288114193,11.0,True,0.7718677783240193,0.911976911976912,0.8873146590478012,0.9431803136389127
advanced_DME_vs_diabetes,exploratory_contrast_family,PVR,NPDR + DME;PDR + DME,Diabetic,7,10,0.015212941339012076,0.11428571428571428,0.7396133278486219,0.4817888648835129,0.521117337252401,11.0,True,0.8920527160311623,0.9808110964180328,0.8036444582359715,0.9070101787504123
advanced_DME_vs_diabetes,exploratory_contrast_family,RAF1,NPDR + DME;PDR + DME,Diabetic,7,10,-0.010537603299697551,-0.02857142857142857,0.9622583299053886,0.3070070335858481,0.6193054561219853,11.0,True,0.9937046805558915,1.0,0.853558813367648,0.9264749674046581
advanced_DME_vs_diabetes,exploratory_contrast_family,RASGRP1,NPDR + DME;PDR + DME,Diabetic,7,10,0.29636353272078164,0.2571428571428571,0.41731797614150556,0.3068319349820204,0.6698916926648482,11.0,True,0.6401576721393969,0.8862397880424446,0.8581010993462854,0.929381772996572
advanced_DME_vs_diabetes,exploratory_contrast_family,RELA,NPDR + DME;PDR + DME,Diabetic,7,10,0.01592752205808523,0.0,1.0,-0.03445305219834213,0.9677621381266583,11.0,True,1.0,1.0,0.9739262281784206,0.9820440031364838
advanced_DME_vs_diabetes,exploratory_contrast_family,RGS1,NPDR + DME;PDR + DME,Diabetic,7,10,1.2162529928077803,0.6857142857142857,0.01851090086384204,1.2624616395640997,0.21629617270136242,11.0,True,0.10832304949952008,0.33169728821902733,0.6353970287167642,0.8059138968264247
advanced_DME_vs_diabetes,exploratory_contrast_family,RGS16,NPDR + DME;PDR + DME,Diabetic,7,10,0.1562771746965952,0.2571428571428571,0.41731797614150556,0.3658996647750263,0.568316504406904,11.0,True,0.6401576721393969,0.8862397880424446,0.831425997187878,0.9070101787504123
advanced_DME_vs_diabetes,exploratory_contrast_family,RHOG,NPDR + DME;PDR + DME,Diabetic,7,10,0.12325714454799774,0.34285714285714286,0.269847799259564,0.5844335577237605,0.5330957378491299,11.0,True,0.5199506375976964,0.7778142435182146,0.8036444582359715,0.9070101787504123
advanced_DME_vs_diabetes,exploratory_contrast_family,RIPK2,NPDR + DME;PDR + DME,Diabetic,7,10,0.225978895341596,0.8285714285714286,0.0030851501439736733,1.2027988378276946,0.01137049093764682,11.0,True,0.05416152474976004,0.20310571781160017,0.19961528534979975,0.3593075136296395
advanced_DME_vs_diabetes,exploratory_contrast_family,RNF144B,NPDR + DME;PDR + DME,Diabetic,7,10,0.13636716986347786,0.34285714285714286,0.269847799259564,0.23407838398914335,0.6708453434529118,11.0,True,0.5199506375976964,0.7778142435182146,0.8581010993462854,0.929381772996572
advanced_DME_vs_diabetes,exploratory_contrast_family,SCARF1,NPDR + DME;PDR + DME,Diabetic,7,10,-0.10723655470783777,-0.17142857142857143,0.6008844097079391,-0.2527995473498638,0.6824763746129275,11.0,True,0.7718677783240193,0.911976911976912,0.8581010993462854,0.929381772996572
advanced_DME_vs_diabetes,exploratory_contrast_family,SCN1B,NPDR + DME;PDR + DME,Diabetic,7,10,-0.019720615075526915,-0.05714285714285714,0.8867749897161661,0.1738693906157348,0.7983279641284754,11.0,True,0.9596606053092755,0.9947116595316041,0.8986631735925309,0.9431803136389127
advanced_DME_vs_diabetes,exploratory_contrast_family,SELE,NPDR + DME;PDR + DME,Diabetic,7,10,0.06595776620443317,0.0,1.0,0.14788825773779402,0.7865601606004164,11.0,True,1.0,1.0,0.8986631735925309,0.9431803136389127
advanced_DME_vs_diabetes,exploratory_contrast_family,SELENOS,NPDR + DME;PDR + DME,Diabetic,7,10,0.09635177329274391,0.4,0.19323323735088443,0.8332302327955566,0.34057959517550496,11.0,True,0.4556843507677573,0.7034758410469986,0.7162923776114606,0.8461899590435906
advanced_DME_vs_diabetes,exploratory_contrast_family,SELL,NPDR + DME;PDR + DME,Diabetic,7,10,0.238880051561719,0.4857142857142857,0.10880296174413821,1.0361339060579458,0.09902839349418599,11.0,True,0.35083403990967016,0.5873045784317557,0.4926941800770089,0.64433928787539
advanced_DME_vs_diabetes,exploratory_contrast_family,SEMA4D,NPDR + DME;PDR + DME,Diabetic,7,10,-0.044626344008377394,0.05714285714285714,0.8867749897161661,-0.21262417840723408,0.6212611616283514,11.0,True,0.9596606053092755,0.9947116595316041,0.853558813367648,0.9264749674046581
advanced_DME_vs_diabetes,exploratory_contrast_family,SERPINE1,NPDR + DME;PDR + DME,Diabetic,7,10,0.8806422614360316,0.37142857142857144,0.2295351707116413,0.6331284013978884,0.5861073620319326,11.0,True,0.4835540929658577,0.7651172357054711,0.8342789477571654,0.9221096571516105
advanced_DME_vs_diabetes,exploratory_contrast_family,SGMS2,NPDR + DME;PDR + DME,Diabetic,7,10,-0.16135789480434815,-0.17142857142857143,0.6008844097079391,-0.28140166307900416,0.6588262281947193,11.0,True,0.7718677783240193,0.911976911976912,0.8581010993462854,0.929381772996572
advanced_DME_vs_diabetes,exploratory_contrast_family,SLC11A2,NPDR + DME;PDR + DME,Diabetic,7,10,0.005311738176301262,-0.17142857142857143,0.6008844097079391,0.10459363224589471,0.8869406332069243,11.0,True,0.7718677783240193,0.911976911976912,0.9280570864019473,0.953310340453701
advanced_DME_vs_diabetes,exploratory_contrast_family,SLC1A2,NPDR + DME;PDR + DME,Diabetic,7,10,-0.19275148409131226,-0.45714285714285713,0.13307280954339779,-1.2058485811293531,0.04509470288957258,11.0,True,0.3822818892337609,0.5873045784317557,0.41911547391485104,0.575090483691549
advanced_DME_vs_diabetes,exploratory_contrast_family,SLC31A1,NPDR + DME;PDR + DME,Diabetic,7,10,0.027576662691244813,0.22857142857142856,0.4747017688194159,0.7054126862857711,0.5076934314037713,11.0,True,0.7075743346553557,0.911976911976912,0.8036444582359715,0.9070101787504123
advanced_DME_vs_diabetes,exploratory_contrast_family,SLC31A2,NPDR + DME;PDR + DME,Diabetic,7,10,0.09527613824949954,0.08571428571428572,0.8125257095845331,1.3743029844139318,0.05469126838700138,11.0,True,0.9302830587996828,0.9808110964180328,0.41990733729859137,0.575090483691549
advanced_DME_vs_diabetes,exploratory_contrast_family,SLC4A4,NPDR + DME;PDR + DME,Diabetic,7,10,0.4614076954921691,0.5428571428571428,0.0702385849444673,0.7769794040259959,0.14884716655063765,11.0,True,0.2642308671720437,0.5335430971743189,0.5344966435227443,0.712662191363659
advanced_DME_vs_diabetes,exploratory_contrast_family,SLC7A1,NPDR + DME;PDR + DME,Diabetic,7,10,-0.16246261608072032,-0.14285714285714285,0.6690662278897572,-0.5379266688347056,0.44510757930957734,11.0,True,0.8323816063510366,0.9808110964180328,0.7946526432319525,0.9070101787504123
advanced_DME_vs_diabetes,exploratory_contrast_family,SLC7A2,NPDR + DME;PDR + DME,Diabetic,7,10,-0.21168292164594948,-0.4,0.19323323735088443,-0.8291948241747189,0.286834172710787,11.0,True,0.4556843507677573,0.7034758410469986,0.6866636255803689,0.8087528660632547
advanced_DME_vs_diabetes,exploratory_contrast_family,SPHK1,NPDR + DME;PDR + DME,Diabetic,7,10,0.44015781116588615,0.5142857142857142,0.08782394076511724,0.4075877927418287,0.42274048528324293,11.0,True,0.3083596142419672,0.5743633632718074,0.7766627520320044,0.8912240517785405
advanced_DME_vs_diabetes,exploratory_contrast_family,SRI,NPDR + DME;PDR + DME,Diabetic,7,10,0.02675315541610601,-0.02857142857142857,0.9622583299053886,0.42733174099558796,0.6618736268205114,11.0,True,0.9937046805558915,1.0,0.8581010993462854,0.929381772996572
advanced_DME_vs_diabetes,exploratory_contrast_family,STAB1,NPDR + DME;PDR + DME,Diabetic,7,10,0.9569118941010277,0.5714285714285714,0.055327025915261216,0.9279249916794468,0.07048792616656172,11.0,True,0.23463721859385936,0.49843014335379626,0.445588401903214,0.6041886707561256
advanced_DME_vs_diabetes,exploratory_contrast_family,TACR1,NPDR + DME;PDR + DME,Diabetic,7,10,-0.06656470843011153,-0.05714285714285714,0.8867749897161661,0.40205055764316067,0.6007878781327793,11.0,True,0.9596606053092755,0.9947116595316041,0.8475400423658851,0.9242889330177156
advanced_DME_vs_diabetes,exploratory_contrast_family,TACR3,NPDR + DME;PDR + DME,Diabetic,7,10,-0.17895109603211612,-0.22857142857142856,0.4747017688194159,0.527844702448016,0.21716100981459027,11.0,True,0.7075743346553557,0.911976911976912,0.6353970287167642,0.8059138968264247
advanced_DME_vs_diabetes,exploratory_contrast_family,TAPBP,NPDR + DME;PDR + DME,Diabetic,7,10,0.11630815427010344,0.2571428571428571,0.41731797614150556,0.3561827696505093,0.8104793469246304,11.0,True,0.6401576721393969,0.8862397880424446,0.8986631735925309,0.9431803136389127
advanced_DME_vs_diabetes,exploratory_contrast_family,TIMP1,NPDR + DME;PDR + DME,Diabetic,7,10,0.617223387819994,0.8,0.00462772521596051,1.6291548799698023,6.262082956289037e-05,11.0,True,0.06647096219288733,0.26113592290062876,0.009894091070936677,0.029682273212810036
advanced_DME_vs_diabetes,exploratory_contrast_family,TLR1,NPDR + DME;PDR + DME,Diabetic,7,10,0.2310679233550501,0.6571428571428571,0.024989716166186754,0.6580547556087492,0.36632577361066665,11.0,True,0.14101339836633953,0.3594636414754933,0.7188506227502273,0.8511687092718431
advanced_DME_vs_diabetes,exploratory_contrast_family,TLR2,NPDR + DME;PDR + DME,Diabetic,7,10,0.5200948792418316,0.7142857142857143,0.013574660633484163,1.8539901620721018,0.1367190482895988,11.0,True,0.10213316095669038,0.3063994828700711,0.5222454759829298,0.6971451923386685
advanced_DME_vs_diabetes,exploratory_contrast_family,TLR3,NPDR + DME;PDR + DME,Diabetic,7,10,0.3266400460031571,0.4857142857142857,0.10880296174413821,0.935183365647879,0.1120711765085938,11.0,True,0.35083403990967016,0.5873045784317557,0.520801349657583,0.689892696949006
advanced_DME_vs_diabetes,exploratory_contrast_family,TNFRSF1B,NPDR + DME;PDR + DME,Diabetic,7,10,0.8353739575857273,0.6857142857142857,0.01851090086384204,0.9739503487677477,0.142115478898786,11.0,True,0.10832304949952008,0.33169728821902733,0.5222454759829298,0.6971451923386685
advanced_DME_vs_diabetes,exploratory_contrast_family,TNFSF10,NPDR + DME;PDR + DME,Diabetic,7,10,0.3328853652262518,0.3142857142857143,0.31478815302344715,0.8655695165806478,0.13733819779143,11.0,True,0.540614436714181,0.837315289186947,0.5222454759829298,0.6971451923386685
advanced_DME_vs_diabetes,exploratory_contrast_family,TNFSF9,NPDR + DME;PDR + DME,Diabetic,7,10,0.018144103004554823,0.05714285714285714,0.8867749897161661,-0.3879535553346052,0.49064677338718876,11.0,True,0.9596606053092755,0.9947116595316041,0.8036444582359715,0.9070101787504123
advanced_DME_vs_diabetes,exploratory_contrast_family,TPBG,NPDR + DME;PDR + DME,Diabetic,7,10,0.19734027409741461,0.02857142857142857,0.9622583299053886,0.4619156077861236,0.2962395606131833,11.0,True,0.9937046805558915,1.0,0.6883213320129847,0.8211552732786485
advanced_DME_vs_diabetes,exploratory_contrast_family,VIP,NPDR + DME;PDR + DME,Diabetic,7,10,-0.5330804021214963,-0.6857142857142857,0.01851090086384204,-0.9347351926804748,0.5137954019639048,11.0,True,0.10832304949952008,0.33169728821902733,0.8036444582359715,0.9070101787504123
NPDR_DME_vs_diabetes,exploratory_contrast_family,ABCA1,NPDR + DME,Diabetic,5,10,0.1832400475872955,0.08,0.8591408591408591,0.9666002363656911,0.06508244001119004,9.0,True,0.9297551763305187,0.9808110964180328,0.5961380902331228,0.6041886707561256
NPDR_DME_vs_diabetes,exploratory_contrast_family,ABI1,NPDR + DME,Diabetic,5,10,0.010694147124109321,0.12,0.7678987678987679,0.542172500512748,0.5599018785937643,9.0,True,0.9191515555151918,0.9808110964180328,0.835509596962226,0.9070101787504123
NPDR_DME_vs_diabetes,exploratory_contrast_family,ACVR1B,NPDR + DME,Diabetic,5,10,-0.01910152574058266,0.0,1.0,0.40675537196438044,0.6156011728297079,9.0,True,1.0,1.0,0.868437368813338,0.9264749674046581
NPDR_DME_vs_diabetes,exploratory_contrast_family,ACVR2A,NPDR + DME,Diabetic,5,10,-0.07776272914806892,-0.4,0.2544122544122544,0.17387930635236235,0.8050473259800079,9.0,True,0.6090475181384272,0.7778142435182146,0.883156499023054,0.9431803136389127
NPDR_DME_vs_diabetes,exploratory_contrast_family,ADM,NPDR + DME,Diabetic,5,10,0.26122741025910967,0.16,0.6786546786546787,-0.1518271072980632,0.9011842346299905,9.0,True,0.8717677985970669,0.9808110964180328,0.9367572965232797,0.9582700455460328
NPDR_DME_vs_diabetes,exploratory_contrast_family,ADORA2B,NPDR + DME,Diabetic,5,10,0.2748007486527413,0.32,0.37096237096237095,0.32785736479942407,0.6653081785546315,9.0,True,0.7061693326753568,0.8515183213038158,0.8790087771701994,0.929381772996572
NPDR_DME_vs_diabetes,exploratory_contrast_family,ADRM1,NPDR + DME,Diabetic,5,10,0.15532604840534425,0.28,0.43956043956043955,0.7174470431761683,0.49849957315852844,9.0,True,0.7467801016188113,0.8949813073524413,0.835509596962226,0.9070101787504123
NPDR_DME_vs_diabetes,exploratory_contrast_family,AHR,NPDR + DME,Diabetic,5,10,-0.17451447496382144,-0.28,0.43956043956043955,0.14751442619190652,0.7309487358925001,9.0,True,0.7467801016188113,0.8949813073524413,0.8811269848000278,0.9431803136389127
NPDR_DME_vs_diabetes,exploratory_contrast_family,APLNR,NPDR + DME,Diabetic,5,10,0.24778880097958778,0.16,0.6786546786546787,0.7485733053545536,0.5417946168962962,9.0,True,0.8717677985970669,0.9808110964180328,0.835509596962226,0.9070101787504123
NPDR_DME_vs_diabetes,exploratory_contrast_family,AQP9,NPDR + DME,Diabetic,5,10,0.12204064497059433,0.4,0.24293368547522887,0.9595290917218559,0.2883528151153798,9.0,True,0.6090475181384272,0.7778142435182146,0.7118710123160938,0.8087528660632547
NPDR_DME_vs_diabetes,exploratory_contrast_family,ATP2A2,NPDR + DME,Diabetic,5,10,-0.11282561151065806,-0.32,0.37096237096237095,-0.4359780558796781,0.623160387574605,9.0,True,0.7061693326753568,0.8515183213038158,0.8706535253789474,0.9264749674046581
NPDR_DME_vs_diabetes,exploratory_contrast_family,ATP2B1,NPDR + DME,Diabetic,5,10,-0.13410911344201804,-0.6,0.07525807525807525,-0.8169453516109018,0.3330173953767729,9.0,True,0.3847621331143506,0.5372804561506698,0.7737757127872076,0.8461899590435906
NPDR_DME_vs_diabetes,exploratory_contrast_family,ATP2C1,NPDR + DME,Diabetic,5,10,-0.07087381333829779,-0.36,0.3096903096903097,-0.4185445762616854,0.5349970724313071,9.0,True,0.6795981795981796,0.837315289186947,0.835509596962226,0.9070101787504123
NPDR_DME_vs_diabetes,exploratory_contrast_family,AXL,NPDR + DME,Diabetic,5,10,0.29568332310329204,0.76,0.019314019314019312,1.5145420236760607,0.032251159071513304,9.0,True,0.2034410034410034,0.33169728821902733,0.4246402611082585,0.5590998815029221
NPDR_DME_vs_diabetes,exploratory_contrast_family,BEST1,NPDR + DME,Diabetic,5,10,0.5781455762659435,0.44,0.20646020646020646,1.2946471718218326,0.40933798435257773,9.0,True,0.562426079667459,0.7153665048401892,0.809282919881964,0.8863734430800371
NPDR_DME_vs_diabetes,exploratory_contrast_family,BST2,NPDR + DME,Diabetic,5,10,0.45213927666298837,0.72,0.02797202797202797,1.0736406536849967,0.36551351857227377,9.0,True,0.2762237762237762,0.3594636414754933,0.7923618142803164,0.8511687092718431
NPDR_DME_vs_diabetes,exploratory_contrast_family,BTG2,NPDR + DME,Diabetic,5,10,1.1421166857195812,0.4,0.2544122544122544,0.32285356507999546,0.7431237838587138,9.0,True,0.6090475181384272,0.7778142435182146,0.8811269848000278,0.9431803136389127
NPDR_DME_vs_diabetes,exploratory_contrast_family,C3AR1,NPDR + DME,Diabetic,5,10,0.5016293129567984,0.96,0.001332001332001332,1.9382051283804431,0.08785192752686456,9.0,True,0.10522810522810523,0.20310571781160017,0.5961380902331228,0.6309365704202091
NPDR_DME_vs_diabetes,exploratory_contrast_family,C5AR1,NPDR + DME,Diabetic,5,10,0.199682923128087,0.32,0.37096237096237095,0.33949010491253245,0.6842916429869275,9.0,True,0.7061693326753568,0.8515183213038158,0.8790087771701994,0.929381772996572
NPDR_DME_vs_diabetes,exploratory_contrast_family,CALCRL,NPDR + DME,Diabetic,5,10,-0.13422554439071455,-0.12,0.7678987678987679,-0.5298502340192286,0.4306186695903078,9.0,True,0.9191515555151918,0.9808110964180328,0.8099732118484362,0.898388727168168
NPDR_DME_vs_diabetes,exploratory_contrast_family,CCL2,NPDR + DME,Diabetic,5,10,0.14844661803927073,0.2,0.594072594072594,0.1627044421336314,0.7822650332747166,9.0,True,0.8380666952095523,0.911976911976912,0.8811269848000278,0.9431803136389127
NPDR_DME_vs_diabetes,exploratory_contrast_family,CD14,NPDR + DME,Diabetic,5,10,0.8398661105647802,0.8,0.012654012654012654,1.8275425057659453,0.049163961535067184,9.0,True,0.18175763630309086,0.3063994828700711,0.5141956562125503,0.575090483691549
NPDR_DME_vs_diabetes,exploratory_contrast_family,CD40,NPDR + DME,Diabetic,5,10,-0.07316693559977794,0.0,1.0,0.3039824717618975,0.6457616191207556,9.0,True,1.0,1.0,0.8790087771701994,0.929381772996572
NPDR_DME_vs_diabetes,exploratory_contrast_family,CD55,NPDR + DME,Diabetic,5,10,-0.15459177906860022,-0.36,0.3096903096903097,-0.1525169920234319,0.7780849329653802,9.0,True,0.6795981795981796,0.837315289186947,0.8811269848000278,0.9431803136389127
NPDR_DME_vs_diabetes,exploratory_contrast_family,CD82,NPDR + DME,Diabetic,5,10,0.16384635548350523,0.24,0.5134865134865134,1.143833952135148,0.1441355039012437,9.0,True,0.7801045108737416,0.911976911976912,0.6698061651881324,0.6971451923386685
NPDR_DME_vs_diabetes,exploratory_contrast_family,CDKN1A,NPDR + DME,Diabetic,5,10,0.698015380840384,0.8,0.012654012654012654,1.3532767122946792,0.16130019307724094,9.0,True,0.18175763630309086,0.3063994828700711,0.6892586717402691,0.7356510823381719
NPDR_DME_vs_diabetes,exploratory_contrast_family,CHST2,NPDR + DME,Diabetic,5,10,-0.043557723975361284,-0.12,0.7678987678987679,0.29605082231375196,0.6813475239971473,9.0,True,0.9191515555151918,0.9808110964180328,0.8790087771701994,0.929381772996572
NPDR_DME_vs_diabetes,exploratory_contrast_family,CLEC5A,NPDR + DME,Diabetic,5,10,0.7105441193049522,0.96,0.001332001332001332,1.7711114087160147,0.00918310935913524,9.0,True,0.10522810522810523,0.20310571781160017,0.24182187979056133,0.33483029509462336
NPDR_DME_vs_diabetes,exploratory_contrast_family,CMKLR1,NPDR + DME,Diabetic,5,10,0.4502663523292363,0.48,0.1645021645021645,1.1971004982390965,0.21360166920393284,9.0,True,0.5304355508437142,0.6596787307447206,0.7118710123160938,0.8059138968264247
NPDR_DME_vs_diabetes,exploratory_contrast_family,CSF1,NPDR + DME,Diabetic,5,10,0.5204763471460785,0.64,0.05527805527805527,1.1668980586446547,0.05207044619873927,9.0,True,0.3639138639138639,0.49843014335379626,0.5141956562125503,0.575090483691549
NPDR_DME_vs_diabetes,exploratory_contrast_family,CSF3R,NPDR + DME,Diabetic,5,10,0.27901971389181446,0.68,0.03996003996003995,1.1550116877468708,0.2858616049334176,9.0,True,0.3156843156843156,0.4266004266004265,0.7118710123160938,0.8087528660632547
NPDR_DME_vs_diabetes,exploratory_contrast_family,CX3CL1,NPDR + DME,Diabetic,5,10,-0.040299913141238264,-0.12,0.7678987678987679,0.3027693454007354,0.6773282150527641,9.0,True,0.9191515555151918,0.9808110964180328,0.8790087771701994,0.929381772996572
NPDR_DME_vs_diabetes,exploratory_contrast_family,CXCL8,NPDR + DME,Diabetic,5,10,0.39225032594745923,0.6,0.07549130459838524,0.5736040172115013,0.42512963512786717,9.0,True,0.3847621331143506,0.5372804561506698,0.809282919881964,0.8916435710203939
NPDR_DME_vs_diabetes,exploratory_contrast_family,CXCR6,NPDR + DME,Diabetic,5,10,-0.14561660768460505,-0.28,0.43956043956043955,-0.6387139448693907,0.3660912179902728,9.0,True,0.7467801016188113,0.8949813073524413,0.7923618142803164,0.8511687092718431
NPDR_DME_vs_diabetes,exploratory_contrast_family,CYBB,NPDR + DME,Diabetic,5,10,0.7339950888489661,0.56,0.09923409923409923,1.4910889350240477,0.07296643608488543,9.0,True,0.43552743552743556,0.5807032473699141,0.5961380902331228,0.6067735211269419
NPDR_DME_vs_diabetes,exploratory_contrast_family,DCBLD2,NPDR + DME,Diabetic,5,10,0.04268666192323689,0.04,0.9530469530469531,0.5080448497839539,0.4795638529588129,9.0,True,0.9841922783099254,1.0,0.835509596962226,0.9070101787504123
NPDR_DME_vs_diabetes,exploratory_contrast_family,EBI3,NPDR + DME,Diabetic,5,10,0.13122591488402668,0.24,0.5134865134865134,1.4099184012417916,0.39010814097597135,9.0,True,0.7801045108737416,0.911976911976912,0.8060502035225727,0.8700822290360481
NPDR_DME_vs_diabetes,exploratory_contrast_family,EDN1,NPDR + DME,Diabetic,5,10,0.15028759644298195,0.24,0.5134865134865134,1.0115455554275425,0.19112869684518424,9.0,True,0.7801045108737416,0.911976911976912,0.7118710123160938,0.8035631002085502
NPDR_DME_vs_diabetes,exploratory_contrast_family,EIF2AK2,NPDR + DME,Diabetic,5,10,0.028621949824509052,-0.08,0.8591408591408591,0.2460073244942212,0.8193890413872122,9.0,True,0.9297551763305187,0.9808110964180328,0.8867360858847912,0.94336419697225
NPDR_DME_vs_diabetes,exploratory_contrast_family,EMP3,NPDR + DME,Diabetic,5,10,0.3255691085971737,0.44,0.20646020646020646,0.9597618578886625,0.0044508054975554955,9.0,True,0.562426079667459,0.7153665048401892,0.15864293577813215,0.26440489296355363
NPDR_DME_vs_diabetes,exploratory_contrast_family,F3,NPDR + DME,Diabetic,5,10,0.2515671585278749,0.4,0.2544122544122544,0.6302178039157419,0.31840214861281846,9.0,True,0.6090475181384272,0.7778142435182146,0.7659165406768288,0.8356809516265664
NPDR_DME_vs_diabetes,exploratory_contrast_family,FPR1,NPDR + DME,Diabetic,5,10,0.3757173887453189,0.56,0.09923409923409923,0.995761589407248,0.25290744231086426,9.0,True,0.43552743552743556,0.5807032473699141,0.7118710123160938,0.8087528660632547
NPDR_DME_vs_diabetes,exploratory_contrast_family,FZD5,NPDR + DME,Diabetic,5,10,0.2833128373664806,0.52,0.12920412920412921,0.9918224943626455,0.13241182599781778,9.0,True,0.4979085954695711,0.5873045784317557,0.660631023294089,0.6971451923386685
NPDR_DME_vs_diabetes,exploratory_contrast_family,GABBR1,NPDR + DME,Diabetic,5,10,0.0689616941892357,0.0,1.0,0.32113627780531395,0.6978273812451529,9.0,True,1.0,1.0,0.8811269848000278,0.9323033025480405
NPDR_DME_vs_diabetes,exploratory_contrast_family,GCH1,NPDR + DME,Diabetic,5,10,0.11114267945170808,0.32,0.37096237096237095,0.17541330264100524,0.8576232547216938,9.0,True,0.7061693326753568,0.8515183213038158,0.909426001651192,0.9453800528792624
NPDR_DME_vs_diabetes,exploratory_contrast_family,GNA15,NPDR + DME,Diabetic,5,10,0.1852997073044449,0.56,0.09923409923409923,0.38118129752572427,0.6337035153074617,9.0,True,0.43552743552743556,0.5807032473699141,0.8706535253789474,0.929381772996572
NPDR_DME_vs_diabetes,exploratory_contrast_family,GNAI3,NPDR + DME,Diabetic,5,10,-0.09658906952150037,-0.24,0.5134865134865134,-0.2850477376244276,0.6666815818683577,9.0,True,0.7801045108737416,0.911976911976912,0.8790087771701994,0.929381772996572
NPDR_DME_vs_diabetes,exploratory_contrast_family,GPC3,NPDR + DME,Diabetic,5,10,0.4762376871349754,0.48,0.1645021645021645,1.0449363018734954,0.15046321832031687,9.0,True,0.5304355508437142,0.6596787307447206,0.679233956988859,0.7131956548383019
NPDR_DME_vs_diabetes,exploratory_contrast_family,GPR132,NPDR + DME,Diabetic,5,10,0.09993083077034182,0.28,0.43956043956043955,1.3805305467082691,0.41966392725048074,9.0,True,0.7467801016188113,0.8949813073524413,0.809282919881964,0.8912240517785405
NPDR_DME_vs_diabetes,exploratory_contrast_family,GPR183,NPDR + DME,Diabetic,5,10,0.48402239795840074,0.6,0.07525807525807525,1.0343543697296216,0.24479798923218993,9.0,True,0.3847621331143506,0.5372804561506698,0.7118710123160938,0.8087528660632547
NPDR_DME_vs_diabetes,exploratory_contrast_family,HBEGF,NPDR + DME,Diabetic,5,10,0.7114939373879201,0.8,0.012654012654012654,0.9635687612661383,0.20963359112853597,9.0,True,0.18175763630309086,0.3063994828700711,0.7118710123160938,0.8059138968264247
NPDR_DME_vs_diabetes,exploratory_contrast_family,HIF1A,NPDR + DME,Diabetic,5,10,0.01520246826506888,0.12,0.7678987678987679,0.5277083580180788,0.4030066130497938,9.0,True,0.9191515555151918,0.9808110964180328,0.809282919881964,0.8829619554676881
NPDR_DME_vs_diabetes,exploratory_contrast_family,HPN,NPDR + DME,Diabetic,5,10,0.07294538709492304,0.24,0.5134865134865134,1.0259370522555307,0.3484363080991615,9.0,True,0.7801045108737416,0.911976911976912,0.7813875452696821,0.849160954808379
NPDR_DME_vs_diabetes,exploratory_contrast_family,HRH1,NPDR + DME,Diabetic,5,10,0.11134298928661668,0.32,0.37096237096237095,0.7621649825127571,0.2737476929310254,9.0,True,0.7061693326753568,0.8515183213038158,0.7118710123160938,0.8087528660632547
NPDR_DME_vs_diabetes,exploratory_contrast_family,ICAM1,NPDR + DME,Diabetic,5,10,0.8498628955862793,0.4,0.2544122544122544,0.5405243102390154,0.39282193462808923,9.0,True,0.6090475181384272,0.7778142435182146,0.8060502035225727,0.8700822290360481
NPDR_DME_vs_diabetes,exploratory_contrast_family,ICOSLG,NPDR + DME,Diabetic,5,10,0.1854985375480886,0.56,0.09524253239064147,1.036695872905232,0.2833215549713476,9.0,True,0.43552743552743556,0.5743633632718074,0.7118710123160938,0.8087528660632547
NPDR_DME_vs_diabetes,exploratory_contrast_family,IFITM1,NPDR + DME,Diabetic,5,10,0.2879278196251225,0.44,0.20646020646020646,-0.17292302575415305,0.7857002776934665,9.0,True,0.562426079667459,0.7153665048401892,0.8811269848000278,0.9431803136389127
NPDR_DME_vs_diabetes,exploratory_contrast_family,IFNAR1,NPDR + DME,Diabetic,5,10,-0.02773708071394143,-0.16,0.6786546786546787,-0.38779374105787623,0.81049172378698,9.0,True,0.8717677985970669,0.9808110964180328,0.883156499023054,0.9431803136389127
NPDR_DME_vs_diabetes,exploratory_contrast_family,IFNGR2,NPDR + DME,Diabetic,5,10,0.21754340896667568,0.6,0.07525807525807525,1.408118310386455,0.45279885327194547,9.0,True,0.3847621331143506,0.5372804561506698,0.835509596962226,0.9070101787504123
NPDR_DME_vs_diabetes,exploratory_contrast_family,IL10RA,NPDR + DME,Diabetic,5,10,0.6218736113157064,0.68,0.03996003996003995,1.5288862170538748,0.036374825394135786,9.0,True,0.3156843156843156,0.4266004266004265,0.44209403171334266,0.5747222412273454
NPDR_DME_vs_diabetes,exploratory_contrast_family,IL15,NPDR + DME,Diabetic,5,10,0.14685488955874781,0.28,0.43956043956043955,0.809200722837761,0.5349717827610667,9.0,True,0.7467801016188113,0.8949813073524413,0.835509596962226,0.9070101787504123
NPDR_DME_vs_diabetes,exploratory_contrast_family,IL15RA,NPDR + DME,Diabetic,5,10,-0.06482887777192053,-0.32,0.37096237096237095,-0.4196941535484779,0.6064427387521298,9.0,True,0.7061693326753568,0.8515183213038158,0.8632247993048335,0.9242889330177156
NPDR_DME_vs_diabetes,exploratory_contrast_family,IL18,NPDR + DME,Diabetic,5,10,-0.2293666293113823,-0.28,0.43956043956043955,-0.8403038690637907,0.2582003627273346,9.0,True,0.7467801016188113,0.8949813073524413,0.7118710123160938,0.8087528660632547
NPDR_DME_vs_diabetes,exploratory_contrast_family,IL18R1,NPDR + DME,Diabetic,5,10,0.05406861456917933,0.04,0.9530469530469531,0.796403738856525,0.5556834746519845,9.0,True,0.9841922783099254,1.0,0.835509596962226,0.9070101787504123
NPDR_DME_vs_diabetes,exploratory_contrast_family,IL1B,NPDR + DME,Diabetic,5,10,0.5173249724717364,0.84,0.007992007992007992,1.081099304217172,0.2758055224061535,9.0,True,0.18175763630309086,0.3063994828700711,0.7118710123160938,0.8087528660632547
NPDR_DME_vs_diabetes,exploratory_contrast_family,IL1R1,NPDR + DME,Diabetic,5,10,0.3830806658448238,0.52,0.12920412920412921,0.6845522167895393,0.24700464459558813,9.0,True,0.4979085954695711,0.5873045784317557,0.7118710123160938,0.8087528660632547
NPDR_DME_vs_diabetes,exploratory_contrast_family,IL4R,NPDR + DME,Diabetic,5,10,0.20829824380633233,0.2,0.594072594072594,0.46862767844819675,0.562970775307795,9.0,True,0.8380666952095523,0.911976911976912,0.835509596962226,0.9070101787504123
NPDR_DME_vs_diabetes,exploratory_contrast_family,IL6,NPDR + DME,Diabetic,5,10,0.4310270705888849,0.48,0.15750467342623375,0.8741315789506472,0.5003184034144929,9.0,True,0.5304355508437142,0.6596787307447206,0.835509596962226,0.9070101787504123
NPDR_DME_vs_diabetes,exploratory_contrast_family,INHBA,NPDR + DME,Diabetic,5,10,0.18650815323216485,0.16,0.6786546786546787,0.12828681751090448,0.7974756887747088,9.0,True,0.8717677985970669,0.9808110964180328,0.8811269848000278,0.9431803136389127
NPDR_DME_vs_diabetes,exploratory_contrast_family,IRAK2,NPDR + DME,Diabetic,5,10,0.16402487980503366,0.28,0.43956043956043955,0.40063695658142284,0.7373091147138635,9.0,True,0.7467801016188113,0.8949813073524413,0.8811269848000278,0.9431803136389127
NPDR_DME_vs_diabetes,exploratory_contrast_family,IRF1,NPDR + DME,Diabetic,5,10,0.22466840537698785,0.24,0.5134865134865134,0.24584919185202517,0.7134763846897904,9.0,True,0.7801045108737416,0.911976911976912,0.8811269848000278,0.934220459510941
NPDR_DME_vs_diabetes,exploratory_contrast_family,IRF7,NPDR + DME,Diabetic,5,10,0.21616473137266867,0.28,0.43956043956043955,0.026440242750018772,0.9676048835269457,9.0,True,0.7467801016188113,0.8949813073524413,0.9710763445228274,0.9820440031364838
NPDR_DME_vs_diabetes,exploratory_contrast_family,ITGA5,NPDR + DME,Diabetic,5,10,0.29728588720527993,0.48,0.1645021645021645,0.8028720690296596,0.22140475961341066,9.0,True,0.5304355508437142,0.6596787307447206,0.7118710123160938,0.808346825339872
NPDR_DME_vs_diabetes,exploratory_contrast_family,ITGB3,NPDR + DME,Diabetic,5,10,-0.053307725376979365,-0.08,0.8591408591408591,-0.0911382538423737,0.9105327863544674,9.0,True,0.9297551763305187,0.9808110964180328,0.9402887597647441,0.9582884051110584
NPDR_DME_vs_diabetes,exploratory_contrast_family,ITGB8,NPDR + DME,Diabetic,5,10,0.3093254970032131,0.32,0.37096237096237095,1.5871446046706597,0.1341243015051385,9.0,True,0.7061693326753568,0.8515183213038158,0.660631023294089,0.6971451923386685
NPDR_DME_vs_diabetes,exploratory_contrast_family,KCNA3,NPDR + DME,Diabetic,5,10,0.0034639628622024077,0.08,0.8591408591408591,0.8230182586289583,0.16140867629360733,9.0,True,0.9297551763305187,0.9808110964180328,0.6892586717402691,0.7356510823381719
NPDR_DME_vs_diabetes,exploratory_contrast_family,KCNJ2,NPDR + DME,Diabetic,5,10,-0.23920296275157327,-0.32,0.37096237096237095,-0.1967159221329952,0.7915619581960176,9.0,True,0.7061693326753568,0.8515183213038158,0.8811269848000278,0.9431803136389127
NPDR_DME_vs_diabetes,exploratory_contrast_family,KCNMB2,NPDR + DME,Diabetic,5,10,-0.06847802702533873,-0.28,0.43956043956043955,-0.281044607795081,0.6734053829532655,9.0,True,0.7467801016188113,0.8949813073524413,0.8790087771701994,0.929381772996572
NPDR_DME_vs_diabetes,exploratory_contrast_family,KIF1B,NPDR + DME,Diabetic,5,10,-0.0994192730426704,-0.44,0.20646020646020646,-1.4893784147924571,0.1379798972702844,9.0,True,0.562426079667459,0.7153665048401892,0.660631023294089,0.6971451923386685
NPDR_DME_vs_diabetes,exploratory_contrast_family,KLF6,NPDR + DME,Diabetic,5,10,0.14934251655898922,0.24,0.5134865134865134,0.7906780222117192,0.22265448400126317,9.0,True,0.7801045108737416,0.911976911976912,0.7118710123160938,0.808346825339872
NPDR_DME_vs_diabetes,exploratory_contrast_family,LAMP3,NPDR + DME,Diabetic,5,10,0.022994534727964533,0.04,0.9530469530469531,0.15552182573222695,0.7798220961029253,9.0,True,0.9841922783099254,1.0,0.8811269848000278,0.9431803136389127
NPDR_DME_vs_diabetes,exploratory_contrast_family,LCP2,NPDR + DME,Diabetic,5,10,0.1649048567765259,0.2,0.594072594072594,0.6778525984509264,0.3898384787522975,9.0,True,0.8380666952095523,0.911976911976912,0.8060502035225727,0.8700822290360481
NPDR_DME_vs_diabetes,exploratory_contrast_family,LDLR,NPDR + DME,Diabetic,5,10,-0.3300877144184531,-0.16,0.6786546786546787,-0.22538744512779008,0.7205019778857737,9.0,True,0.8717677985970669,0.9808110964180328,0.8811269848000278,0.9408207645120021
NPDR_DME_vs_diabetes,exploratory_contrast_family,LIF,NPDR + DME,Diabetic,5,10,1.0028065959774244,0.64,0.05527805527805527,0.7467700613853542,0.24565660796270972,9.0,True,0.3639138639138639,0.49843014335379626,0.7118710123160938,0.8087528660632547
NPDR_DME_vs_diabetes,exploratory_contrast_family,LPAR1,NPDR + DME,Diabetic,5,10,0.16241566542409824,0.24,0.5134865134865134,0.3213747228714868,0.5987376173140109,9.0,True,0.7801045108737416,0.911976911976912,0.8600049412328519,0.9242889330177156
NPDR_DME_vs_diabetes,exploratory_contrast_family,LY6E,NPDR + DME,Diabetic,5,10,0.1432572031837851,0.16,0.6786546786546787,0.657904068380309,0.4607961900217695,9.0,True,0.8717677985970669,0.9808110964180328,0.835509596962226,0.9070101787504123
NPDR_DME_vs_diabetes,exploratory_contrast_family,LYN,NPDR + DME,Diabetic,5,10,0.2562589352867275,0.68,0.03996003996003995,1.2528397491414756,0.12804318643866708,9.0,True,0.3156843156843156,0.4266004266004265,0.660631023294089,0.6971451923386685
NPDR_DME_vs_diabetes,exploratory_contrast_family,MEFV,NPDR + DME,Diabetic,5,10,0.04589872644803572,0.2,0.594072594072594,-0.22384651418528057,0.7103384933643635,9.0,True,0.8380666952095523,0.911976911976912,0.8811269848000278,0.9327806844633206
NPDR_DME_vs_diabetes,exploratory_contrast_family,MET,NPDR + DME,Diabetic,5,10,0.21718657838705635,0.44,0.20646020646020646,1.573704535639044,0.005020346068928233,9.0,True,0.562426079667459,0.7153665048401892,0.15864293577813215,0.26440489296355363
NPDR_DME_vs_diabetes,exploratory_contrast_family,MMP14,NPDR + DME,Diabetic,5,10,0.2154874013473913,0.32,0.37096237096237095,0.5335843370664721,0.5072650790656411,9.0,True,0.7061693326753568,0.8515183213038158,0.835509596962226,0.9070101787504123
NPDR_DME_vs_diabetes,exploratory_contrast_family,MSR1,NPDR + DME,Diabetic,5,10,0.3080947508618279,0.36,0.3096903096903097,1.2511681196559858,0.10045492873204913,9.0,True,0.6795981795981796,0.837315289186947,0.627817767673457,0.64433928787539
NPDR_DME_vs_diabetes,exploratory_contrast_family,MXD1,NPDR + DME,Diabetic,5,10,0.05099719306287476,0.16,0.6786546786546787,-0.1514044768153457,0.8281017436535396,9.0,True,0.8717677985970669,0.9808110964180328,0.890068540797682,0.94336419697225
NPDR_DME_vs_diabetes,exploratory_contrast_family,MYC,NPDR + DME,Diabetic,5,10,0.05309608107313313,0.08,0.8591408591408591,0.5034749235438456,0.5416486313693117,9.0,True,0.9297551763305187,0.9808110964180328,0.835509596962226,0.9070101787504123
NPDR_DME_vs_diabetes,exploratory_contrast_family,NAMPT,NPDR + DME,Diabetic,5,10,-0.0548034376636366,-0.12,0.7678987678987679,-0.5471518874135837,0.5658197903478366,9.0,True,0.9191515555151918,0.9808110964180328,0.835509596962226,0.9070101787504123
NPDR_DME_vs_diabetes,exploratory_contrast_family,NDP,NPDR + DME,Diabetic,5,10,0.1923319079977981,0.16,0.6786546786546787,1.132787472489698,0.09055262130123384,9.0,True,0.8717677985970669,0.9808110964180328,0.5961380902331228,0.6406260074146991
NPDR_DME_vs_diabetes,exploratory_contrast_family,NFKB1,NPDR + DME,Diabetic,5,10,-0.02746787933371042,0.04,0.9530469530469531,0.4620234302842019,0.46556147450985785,9.0,True,0.9841922783099254,1.0,0.835509596962226,0.9070101787504123
NPDR_DME_vs_diabetes,exploratory_contrast_family,NFKBIA,NPDR + DME,Diabetic,5,10,0.17482343831570457,0.44,0.20646020646020646,1.4208798696301956,0.07788291737638954,9.0,True,0.562426079667459,0.7153665048401892,0.5961380902331228,0.6257034379052312
NPDR_DME_vs_diabetes,exploratory_contrast_family,NLRP3,NPDR + DME,Diabetic,5,10,0.1579853569885259,0.2,0.594072594072594,1.2193213767832276,0.2772479660610858,9.0,True,0.8380666952095523,0.911976911976912,0.7118710123160938,0.8087528660632547
NPDR_DME_vs_diabetes,exploratory_contrast_family,NMI,NPDR + DME,Diabetic,5,10,0.2740099472734543,0.48,0.1645021645021645,1.0869568422863534,0.1757882052270523,9.0,True,0.5304355508437142,0.6596787307447206,0.7118710123160938,0.7715149007187295
NPDR_DME_vs_diabetes,exploratory_contrast_family,NMUR1,NPDR + DME,Diabetic,5,10,-0.5141326045060266,-0.52,0.12920412920412921,-1.4799213351089713,0.00467958329628876,9.0,True,0.4979085954695711,0.5873045784317557,0.15864293577813215,0.26440489296355363
NPDR_DME_vs_diabetes,exploratory_contrast_family,NOD2,NPDR + DME,Diabetic,5,10,0.19038364185487178,0.44,0.20646020646020646,0.7713525899827747,0.20302513375167805,9.0,True,0.562426079667459,0.7153665048401892,0.7118710123160938,0.8055302729177461
NPDR_DME_vs_diabetes,exploratory_contrast_family,NPFFR2,NPDR + DME,Diabetic,5,10,0.12476355072627604,-0.12,0.7678987678987679,-0.06263579129183813,0.9630200194881552,9.0,True,0.9191515555151918,0.9808110964180328,0.9710763445228274,0.9820440031364838
NPDR_DME_vs_diabetes,exploratory_contrast_family,OLR1,NPDR + DME,Diabetic,5,10,1.2385867061354818,0.84,0.007992007992007992,1.656695912064192,0.08469466103557556,9.0,True,0.18175763630309086,0.3063994828700711,0.5961380902331228,0.6309365704202091
NPDR_DME_vs_diabetes,exploratory_contrast_family,OPRK1,NPDR + DME,Diabetic,5,10,0.7818586713791598,0.92,0.002664002664002664,1.5642245528489278,0.016032009110995057,9.0,True,0.1403041403041403,0.20310571781160017,0.31663217994215237,0.447010136388921
NPDR_DME_vs_diabetes,exploratory_contrast_family,OSM,NPDR + DME,Diabetic,5,10,0.36708096740570956,0.8,0.012654012654012654,1.0858693277418463,0.2571639848900194,9.0,True,0.18175763630309086,0.3063994828700711,0.7118710123160938,0.8087528660632547
NPDR_DME_vs_diabetes,exploratory_contrast_family,OSMR,NPDR + DME,Diabetic,5,10,0.6769848323022285,0.52,0.12920412920412921,0.6207200536887723,0.179832950102055,9.0,True,0.4979085954695711,0.5873045784317557,0.7118710123160938,0.7820258564071015
NPDR_DME_vs_diabetes,exploratory_contrast_family,P2RX4,NPDR + DME,Diabetic,5,10,0.21279511441106935,0.6,0.07525807525807525,1.7816112504378026,0.015949947489743804,9.0,True,0.3847621331143506,0.5372804561506698,0.31663217994215237,0.447010136388921
NPDR_DME_vs_diabetes,exploratory_contrast_family,P2RX7,NPDR + DME,Diabetic,5,10,0.06650903437051392,0.2,0.594072594072594,0.6788544114364454,0.33821036368397034,9.0,True,0.8380666952095523,0.911976911976912,0.7744527168415553,0.8461899590435906
NPDR_DME_vs_diabetes,exploratory_contrast_family,P2RY2,NPDR + DME,Diabetic,5,10,0.4689366717312935,0.8,0.012654012654012654,1.4231347372429024,0.13186195709709606,9.0,True,0.18175763630309086,0.3063994828700711,0.660631023294089,0.6971451923386685
NPDR_DME_vs_diabetes,exploratory_contrast_family,PCDH7,NPDR + DME,Diabetic,5,10,-0.07807395870816158,-0.08,0.8591408591408591,-0.03052415938271802,0.9710763445228274,9.0,True,0.9297551763305187,0.9808110964180328,0.9710763445228274,0.9820440031364838
NPDR_DME_vs_diabetes,exploratory_contrast_family,PDE4B,NPDR + DME,Diabetic,5,10,-0.07873532516503978,-0.08,0.8591408591408591,0.20853006716963052,0.735404047716513,9.0,True,0.9297551763305187,0.9808110964180328,0.8811269848000278,0.9431803136389127
NPDR_DME_vs_diabetes,exploratory_contrast_family,PDPN,NPDR + DME,Diabetic,5,10,0.5272477546536711,0.76,0.019314019314019312,1.437321194477241,0.04205117456618913,9.0,True,0.2034410034410034,0.33169728821902733,0.47457754153270587,0.575090483691549
NPDR_DME_vs_diabetes,exploratory_contrast_family,PIK3R5,NPDR + DME,Diabetic,5,10,0.5125283098505935,0.76,0.019314019314019312,2.1873308663152757,0.0035152473838134966,9.0,True,0.2034410034410034,0.33169728821902733,0.15864293577813215,0.26440489296355363
NPDR_DME_vs_diabetes,exploratory_contrast_family,PLAUR,NPDR + DME,Diabetic,5,10,0.18814579446884427,0.32,0.37096237096237095,0.9196929696762703,0.4215013138663216,9.0,True,0.7061693326753568,0.8515183213038158,0.809282919881964,0.8912240517785405
NPDR_DME_vs_diabetes,exploratory_contrast_family,PSEN1,NPDR + DME,Diabetic,5,10,-0.023251982513972536,-0.04,0.9530469530469531,-0.03587332824114303,0.9660241858039633,9.0,True,0.9841922783099254,1.0,0.9710763445228274,0.9820440031364838
NPDR_DME_vs_diabetes,exploratory_contrast_family,PTAFR,NPDR + DME,Diabetic,5,10,0.15712960271358178,0.36,0.3096903096903097,1.1806095577741793,0.08529657778354664,9.0,True,0.6795981795981796,0.837315289186947,0.5961380902331228,0.6309365704202091
NPDR_DME_vs_diabetes,exploratory_contrast_family,PTGER2,NPDR + DME,Diabetic,5,10,0.07886133027306913,0.28,0.43956043956043955,1.0401232406437988,0.13116068991732158,9.0,True,0.7467801016188113,0.8949813073524413,0.660631023294089,0.6971451923386685
NPDR_DME_vs_diabetes,exploratory_contrast_family,PTGER4,NPDR + DME,Diabetic,5,10,0.1928331909468044,0.6,0.07525807525807525,1.1352057110878115,0.26808454732780423,9.0,True,0.3847621331143506,0.5372804561506698,0.7118710123160938,0.8087528660632547
NPDR_DME_vs_diabetes,exploratory_contrast_family,PTPRE,NPDR + DME,Diabetic,5,10,-0.16354151096742164,0.04,0.9530469530469531,-0.10581793030227032,0.875248379466742,9.0,True,0.9841922783099254,1.0,0.9219282930383017,0.9500331264925448
NPDR_DME_vs_diabetes,exploratory_contrast_family,PVR,NPDR + DME,Diabetic,5,10,0.03404477574009235,0.24,0.5134865134865134,0.5490406213301197,0.5428500596475514,9.0,True,0.7801045108737416,0.911976911976912,0.835509596962226,0.9070101787504123
NPDR_DME_vs_diabetes,exploratory_contrast_family,RAF1,NPDR + DME,Diabetic,5,10,-0.021033117500754095,-0.12,0.7678987678987679,0.2716614945019054,0.6317228183284818,9.0,True,0.9191515555151918,0.9808110964180328,0.8706535253789474,0.929381772996572
NPDR_DME_vs_diabetes,exploratory_contrast_family,RASGRP1,NPDR + DME,Diabetic,5,10,0.23417627165574828,0.16,0.6786546786546787,0.2395550620825001,0.7481911755002785,9.0,True,0.8717677985970669,0.9808110964180328,0.8811269848000278,0.9431803136389127
NPDR_DME_vs_diabetes,exploratory_contrast_family,RELA,NPDR + DME,Diabetic,5,10,0.05087746418781869,0.04,0.9530469530469531,0.03092014848386307,0.9638727351574476,9.0,True,0.9841922783099254,1.0,0.9710763445228274,0.9820440031364838
NPDR_DME_vs_diabetes,exploratory_contrast_family,RGS1,NPDR + DME,Diabetic,5,10,1.1084661823912385,0.64,0.05527805527805527,1.1430775816348229,0.32994609443919287,9.0,True,0.3639138639138639,0.49843014335379626,0.7737757127872076,0.8461899590435906
NPDR_DME_vs_diabetes,exploratory_contrast_family,RGS16,NPDR + DME,Diabetic,5,10,0.08641336235737374,0.16,0.6786546786546787,0.18417217487263837,0.8478336453801235,9.0,True,0.8717677985970669,0.9808110964180328,0.9051197025004021,0.94336419697225
NPDR_DME_vs_diabetes,exploratory_contrast_family,RHOG,NPDR + DME,Diabetic,5,10,0.1640900095553297,0.4,0.2544122544122544,0.5937514289884079,0.5193490343845857,9.0,True,0.6090475181384272,0.7778142435182146,0.835509596962226,0.9070101787504123
NPDR_DME_vs_diabetes,exploratory_contrast_family,RIPK2,NPDR + DME,Diabetic,5,10,0.2335189409974192,0.84,0.007992007992007992,1.172380565165106,0.026713265295527304,9.0,True,0.18175763630309086,0.3063994828700711,0.3836996287903013,0.5545271173268328
NPDR_DME_vs_diabetes,exploratory_contrast_family,RNF144B,NPDR + DME,Diabetic,5,10,-0.01910623884577456,0.24,0.5134865134865134,0.15246971446322202,0.7821502150980747,9.0,True,0.7801045108737416,0.911976911976912,0.8811269848000278,0.9431803136389127
NPDR_DME_vs_diabetes,exploratory_contrast_family,SCARF1,NPDR + DME,Diabetic,5,10,-0.2636011444995874,-0.56,0.09923409923409923,-0.516984168435065,0.35112984629207233,9.0,True,0.43552743552743556,0.5807032473699141,0.7813875452696821,0.849160954808379
NPDR_DME_vs_diabetes,exploratory_contrast_family,SCN1B,NPDR + DME,Diabetic,5,10,0.011936957871845344,0.0,1.0,0.22423787446132454,0.7654119474947402,9.0,True,1.0,1.0,0.8811269848000278,0.9431803136389127
NPDR_DME_vs_diabetes,exploratory_contrast_family,SELE,NPDR + DME,Diabetic,5,10,0.09487855896027156,0.0,1.0,0.20173152052823845,0.7737081628717346,9.0,True,1.0,1.0,0.8811269848000278,0.9431803136389127
NPDR_DME_vs_diabetes,exploratory_contrast_family,SELENOS,NPDR + DME,Diabetic,5,10,0.1358635540966584,0.48,0.1645021645021645,0.8737025067823525,0.38910831486009745,9.0,True,0.5304355508437142,0.6596787307447206,0.8060502035225727,0.8700822290360481
NPDR_DME_vs_diabetes,exploratory_contrast_family,SELL,NPDR + DME,Diabetic,5,10,0.17573019706501924,0.36,0.3096903096903097,1.0627081525685524,0.1229442658772629,9.0,True,0.6795981795981796,0.837315289186947,0.660631023294089,0.6971451923386685
NPDR_DME_vs_diabetes,exploratory_contrast_family,SEMA4D,NPDR + DME,Diabetic,5,10,-0.12634529180499587,-0.08,0.8591408591408591,-0.2885891289745932,0.5518608729212051,9.0,True,0.9297551763305187,0.9808110964180328,0.835509596962226,0.9070101787504123
NPDR_DME_vs_diabetes,exploratory_contrast_family,SERPINE1,NPDR + DME,Diabetic,5,10,0.9956092152484659,0.4,0.2544122544122544,0.6200544379576303,0.4766109708291457,9.0,True,0.6090475181384272,0.7778142435182146,0.835509596962226,0.9070101787504123
NPDR_DME_vs_diabetes,exploratory_contrast_family,SGMS2,NPDR + DME,Diabetic,5,10,-0.1307359543270863,-0.08,0.8591408591408591,-0.1719353606709476,0.7931628671440618,9.0,True,0.9297551763305187,0.9808110964180328,0.8811269848000278,0.9431803136389127
NPDR_DME_vs_diabetes,exploratory_contrast_family,SLC11A2,NPDR + DME,Diabetic,5,10,0.015508587373157745,-0.08,0.8591408591408591,0.1279151241174825,0.8842417037742439,9.0,True,0.9297551763305187,0.9808110964180328,0.9252330410353016,0.9525694717931628
NPDR_DME_vs_diabetes,exploratory_contrast_family,SLC1A2,NPDR + DME,Diabetic,5,10,-0.21185474333351095,-0.48,0.1645021645021645,-1.1363005506900155,0.02004274579927381,9.0,True,0.5304355508437142,0.6596787307447206,0.32343204986485796,0.48514807479728694
NPDR_DME_vs_diabetes,exploratory_contrast_family,SLC31A1,NPDR + DME,Diabetic,5,10,0.06341742714973009,0.32,0.37096237096237095,0.8036701852391834,0.5974792672940327,9.0,True,0.7061693326753568,0.8515183213038158,0.8600049412328519,0.9242889330177156
NPDR_DME_vs_diabetes,exploratory_contrast_family,SLC31A2,NPDR + DME,Diabetic,5,10,0.14957840692556212,0.2,0.594072594072594,1.3691722279837364,0.07072605471025697,9.0,True,0.8380666952095523,0.911976911976912,0.5961380902331228,0.6041886707561256
NPDR_DME_vs_diabetes,exploratory_contrast_family,SLC4A4,NPDR + DME,Diabetic,5,10,0.33929835560026955,0.36,0.3096903096903097,0.7785605317596778,0.28379666266122605,9.0,True,0.6795981795981796,0.837315289186947,0.7118710123160938,0.8087528660632547
NPDR_DME_vs_diabetes,exploratory_contrast_family,SLC7A1,NPDR + DME,Diabetic,5,10,-0.07857914758850537,-0.08,0.8591408591408591,-0.4224813243112459,0.5892484045596076,9.0,True,0.9297551763305187,0.9808110964180328,0.8600049412328519,0.9221096571516105
NPDR_DME_vs_diabetes,exploratory_contrast_family,SLC7A2,NPDR + DME,Diabetic,5,10,-0.23025500063994642,-0.44,0.20646020646020646,-0.8011916548664035,0.27955830049438307,9.0,True,0.562426079667459,0.7153665048401892,0.7118710123160938,0.8087528660632547
NPDR_DME_vs_diabetes,exploratory_contrast_family,SPHK1,NPDR + DME,Diabetic,5,10,0.4587127224568195,0.48,0.1645021645021645,0.38067681672158626,0.49740179013750385,9.0,True,0.5304355508437142,0.6596787307447206,0.835509596962226,0.9070101787504123
NPDR_DME_vs_diabetes,exploratory_contrast_family,SRI,NPDR + DME,Diabetic,5,10,0.07516910107836328,0.08,0.8591408591408591,0.45188294327703904,0.6841198654721142,9.0,True,0.9297551763305187,0.9808110964180328,0.8790087771701994,0.929381772996572
NPDR_DME_vs_diabetes,exploratory_contrast_family,STAB1,NPDR + DME,Diabetic,5,10,0.7514669745014939,0.4,0.2544122544122544,0.9531648010714073,0.02047038290283911,9.0,True,0.6090475181384272,0.7778142435182146,0.32343204986485796,0.48514807479728694
NPDR_DME_vs_diabetes,exploratory_contrast_family,TACR1,NPDR + DME,Diabetic,5,10,-0.038302199252840285,0.08,0.8591408591408591,0.5186369607531565,0.5416218001290776,9.0,True,0.9297551763305187,0.9808110964180328,0.835509596962226,0.9070101787504123
NPDR_DME_vs_diabetes,exploratory_contrast_family,TACR3,NPDR + DME,Diabetic,5,10,-0.1473272498630882,-0.16,0.6786546786546787,0.43058193627418456,0.25833976303604766,9.0,True,0.8717677985970669,0.9808110964180328,0.7118710123160938,0.8087528660632547
NPDR_DME_vs_diabetes,exploratory_contrast_family,TAPBP,NPDR + DME,Diabetic,5,10,0.15298568556525893,0.24,0.5134865134865134,0.5627840218660256,0.7041088185949806,9.0,True,0.7801045108737416,0.911976911976912,0.8811269848000278,0.9323033025480405
NPDR_DME_vs_diabetes,exploratory_contrast_family,TIMP1,NPDR + DME,Diabetic,5,10,0.5767201019233776,0.76,0.019314019314019312,1.6979442666890239,0.0001267560817838324,9.0,True,0.2034410034410034,0.33169728821902733,0.02002746092184552,0.03004119138276828
NPDR_DME_vs_diabetes,exploratory_contrast_family,TLR1,NPDR + DME,Diabetic,5,10,0.15544858559042662,0.52,0.12920412920412921,0.5398574831547209,0.5584074132998744,9.0,True,0.4979085954695711,0.5873045784317557,0.835509596962226,0.9070101787504123
NPDR_DME_vs_diabetes,exploratory_contrast_family,TLR2,NPDR + DME,Diabetic,5,10,0.45163885462838893,0.6,0.07525807525807525,1.8531466574424322,0.23053256277138617,9.0,True,0.3847621331143506,0.5372804561506698,0.7118710123160938,0.8087528660632547
NPDR_DME_vs_diabetes,exploratory_contrast_family,TLR3,NPDR + DME,Diabetic,5,10,0.3035083269600065,0.44,0.20646020646020646,1.0301799483955456,0.10331178455386,9.0,True,0.562426079667459,0.7153665048401892,0.627817767673457,0.64433928787539
NPDR_DME_vs_diabetes,exploratory_contrast_family,TNFRSF1B,NPDR + DME,Diabetic,5,10,0.7295201038994161,0.64,0.05527805527805527,0.9651529844090484,0.20323151567636455,9.0,True,0.3639138639138639,0.49843014335379626,0.7118710123160938,0.8055302729177461
NPDR_DME_vs_diabetes,exploratory_contrast_family,TNFSF10,NPDR + DME,Diabetic,5,10,0.2873206378650326,0.2,0.594072594072594,0.7250696073699043,0.24034237901848296,9.0,True,0.8380666952095523,0.911976911976912,0.7118710123160938,0.8087528660632547
NPDR_DME_vs_diabetes,exploratory_contrast_family,TNFSF9,NPDR + DME,Diabetic,5,10,-0.022595688972906758,-0.08,0.8591408591408591,-0.40649139497332193,0.4227282885466347,9.0,True,0.9297551763305187,0.9808110964180328,0.809282919881964,0.8912240517785405
NPDR_DME_vs_diabetes,exploratory_contrast_family,TPBG,NPDR + DME,Diabetic,5,10,0.03577818471520944,-0.12,0.7678987678987679,0.47541025598575304,0.3199398207890551,9.0,True,0.9191515555151918,0.9808110964180328,0.7659165406768288,0.8356809516265664
NPDR_DME_vs_diabetes,exploratory_contrast_family,VIP,NPDR + DME,Diabetic,5,10,-0.5140821501918458,-0.68,0.03996003996003995,-0.9108879139081689,0.5501373507448397,9.0,True,0.3156843156843156,0.4266004266004265,0.835509596962226,0.9070101787504123
PDR_DME_vs_diabetes,exploratory_contrast_family,ABCA1,PDR + DME,Diabetic,2,10,0.6656438494662931,0.5,0.36363636363636365,,,,False,0.7365967365967366,0.8515183213038158,,
PDR_DME_vs_diabetes,exploratory_contrast_family,ABI1,PDR + DME,Diabetic,2,10,0.09632252389836626,0.3,0.6060606060606061,,,,False,0.8474121748458031,0.911976911976912,,
PDR_DME_vs_diabetes,exploratory_contrast_family,ACVR1B,PDR + DME,Diabetic,2,10,0.000588507417677242,0.0,1.0,,,,False,1.0,1.0,,
PDR_DME_vs_diabetes,exploratory_contrast_family,ACVR2A,PDR + DME,Diabetic,2,10,-0.16266018410096184,-0.8,0.12121212121212122,,,,False,0.47878787878787876,0.5873045784317557,,
PDR_DME_vs_diabetes,exploratory_contrast_family,ADM,PDR + DME,Diabetic,2,10,1.1379605348522501,0.5,0.36363636363636365,,,,False,0.7365967365967366,0.8515183213038158,,
PDR_DME_vs_diabetes,exploratory_contrast_family,ADORA2B,PDR + DME,Diabetic,2,10,0.3416212220723571,0.4,0.48484848484848486,,,,False,0.8063795853269538,0.911976911976912,,
PDR_DME_vs_diabetes,exploratory_contrast_family,ADRM1,PDR + DME,Diabetic,2,10,0.0801349361381325,0.2,0.7575757575757576,,,,False,0.8866442199775533,0.9808110964180328,,
PDR_DME_vs_diabetes,exploratory_contrast_family,AHR,PDR + DME,Diabetic,2,10,-0.01751339643159877,0.0,1.0,,,,False,1.0,1.0,,
PDR_DME_vs_diabetes,exploratory_contrast_family,APLNR,PDR + DME,Diabetic,2,10,0.5303849677307529,0.6,0.2727272727272727,,,,False,0.6629370629370629,0.7778142435182146,,
PDR_DME_vs_diabetes,exploratory_contrast_family,AQP9,PDR + DME,Diabetic,2,10,0.02766024989779506,0.3,0.5885890116926449,,,,False,0.8474121748458031,0.911976911976912,,
PDR_DME_vs_diabetes,exploratory_contrast_family,ATP2A2,PDR + DME,Diabetic,2,10,-0.09716581359979415,-0.2,0.7575757575757576,,,,False,0.8866442199775533,0.9808110964180328,,
PDR_DME_vs_diabetes,exploratory_contrast_family,ATP2B1,PDR + DME,Diabetic,2,10,0.06228112978571598,0.3,0.6060606060606061,,,,False,0.8474121748458031,0.911976911976912,,
PDR_DME_vs_diabetes,exploratory_contrast_family,ATP2C1,PDR + DME,Diabetic,2,10,0.028676868951704293,0.2,0.7575757575757576,,,,False,0.8866442199775533,0.9808110964180328,,
PDR_DME_vs_diabetes,exploratory_contrast_family,AXL,PDR + DME,Diabetic,2,10,0.5744574186151157,1.0,0.030303030303030304,,,,False,0.2816399286987522,0.3594636414754933,,
PDR_DME_vs_diabetes,exploratory_contrast_family,BEST1,PDR + DME,Diabetic,2,10,0.4114607267764505,0.4,0.48484848484848486,,,,False,0.8063795853269538,0.911976911976912,,
PDR_DME_vs_diabetes,exploratory_contrast_family,BST2,PDR + DME,Diabetic,2,10,0.4728244315863408,0.7,0.18181818181818182,,,,False,0.6383838383838384,0.7006651884700665,,
PDR_DME_vs_diabetes,exploratory_contrast_family,BTG2,PDR + DME,Diabetic,2,10,0.8234775317573204,0.3,0.6060606060606061,,,,False,0.8474121748458031,0.911976911976912,,
PDR_DME_vs_diabetes,exploratory_contrast_family,C3AR1,PDR + DME,Diabetic,2,10,0.4247984730543404,1.0,0.030303030303030304,,,,False,0.2816399286987522,0.3594636414754933,,
PDR_DME_vs_diabetes,exploratory_contrast_family,C5AR1,PDR + DME,Diabetic,2,10,0.3664876139520419,0.6,0.2727272727272727,,,,False,0.6629370629370629,0.7778142435182146,,
PDR_DME_vs_diabetes,exploratory_contrast_family,CALCRL,PDR + DME,Diabetic,2,10,-0.09713852572612702,0.0,1.0,,,,False,1.0,1.0,,
PDR_DME_vs_diabetes,exploratory_contrast_family,CCL2,PDR + DME,Diabetic,2,10,0.4211499714953657,0.6,0.2727272727272727,,,,False,0.6629370629370629,0.7778142435182146,,
PDR_DME_vs_diabetes,exploratory_contrast_family,CD14,PDR + DME,Diabetic,2,10,0.8236037364968758,1.0,0.030303030303030304,,,,False,0.2816399286987522,0.3594636414754933,,
PDR_DME_vs_diabetes,exploratory_contrast_family,CD40,PDR + DME,Diabetic,2,10,0.16460351302939236,0.3,0.6060606060606061,,,,False,0.8474121748458031,0.911976911976912,,
PDR_DME_vs_diabetes,exploratory_contrast_family,CD55,PDR + DME,Diabetic,2,10,-0.18891394313876964,-0.4,0.48484848484848486,,,,False,0.8063795853269538,0.911976911976912,,
PDR_DME_vs_diabetes,exploratory_contrast_family,CD82,PDR + DME,Diabetic,2,10,0.10496727145540596,0.3,0.6060606060606061,,,,False,0.8474121748458031,0.911976911976912,,
PDR_DME_vs_diabetes,exploratory_contrast_family,CDKN1A,PDR + DME,Diabetic,2,10,0.6328758933997589,0.8,0.12121212121212122,,,,False,0.47878787878787876,0.5873045784317557,,
PDR_DME_vs_diabetes,exploratory_contrast_family,CHST2,PDR + DME,Diabetic,2,10,0.12135040574484712,0.1,0.9090909090909091,,,,False,0.9771181199752629,0.9947116595316041,,
PDR_DME_vs_diabetes,exploratory_contrast_family,CLEC5A,PDR + DME,Diabetic,2,10,0.052681622967926334,0.2,0.7575757575757576,,,,False,0.8866442199775533,0.9808110964180328,,
PDR_DME_vs_diabetes,exploratory_contrast_family,CMKLR1,PDR + DME,Diabetic,2,10,0.8961322070215587,0.9,0.06060606060606061,,,,False,0.398989898989899,0.49873737373737376,,
PDR_DME_vs_diabetes,exploratory_contrast_family,CSF1,PDR + DME,Diabetic,2,10,0.5669552658165387,0.9,0.06060606060606061,,,,False,0.398989898989899,0.49873737373737376,,
PDR_DME_vs_diabetes,exploratory_contrast_family,CSF3R,PDR + DME,Diabetic,2,10,0.5670027462817175,0.9,0.06060606060606061,,,,False,0.398989898989899,0.49873737373737376,,
PDR_DME_vs_diabetes,exploratory_contrast_family,CX3CL1,PDR + DME,Diabetic,2,10,0.0663227704526097,0.2,0.7575757575757576,,,,False,0.8866442199775533,0.9808110964180328,,
PDR_DME_vs_diabetes,exploratory_contrast_family,CXCL8,PDR + DME,Diabetic,2,10,0.039690293185014686,0.0,1.0,,,,False,1.0,1.0,,
PDR_DME_vs_diabetes,exploratory_contrast_family,CXCR6,PDR + DME,Diabetic,2,10,-0.22349353177664028,-0.5,0.36363636363636365,,,,False,0.7365967365967366,0.8515183213038158,,
PDR_DME_vs_diabetes,exploratory_contrast_family,CYBB,PDR + DME,Diabetic,2,10,1.020973064791213,1.0,0.030303030303030304,,,,False,0.2816399286987522,0.3594636414754933,,
PDR_DME_vs_diabetes,exploratory_contrast_family,DCBLD2,PDR + DME,Diabetic,2,10,0.3514696486037012,1.0,0.030303030303030304,,,,False,0.2816399286987522,0.3594636414754933,,
PDR_DME_vs_diabetes,exploratory_contrast_family,EBI3,PDR + DME,Diabetic,2,10,0.15591658053994428,0.5,0.36363636363636365,,,,False,0.7365967365967366,0.8515183213038158,,
PDR_DME_vs_diabetes,exploratory_contrast_family,EDN1,PDR + DME,Diabetic,2,10,-0.24507695593274803,-0.3,0.6060606060606061,,,,False,0.8474121748458031,0.911976911976912,,
PDR_DME_vs_diabetes,exploratory_contrast_family,EIF2AK2,PDR + DME,Diabetic,2,10,0.005701244818656193,-0.2,0.7575757575757576,,,,False,0.8866442199775533,0.9808110964180328,,
PDR_DME_vs_diabetes,exploratory_contrast_family,EMP3,PDR + DME,Diabetic,2,10,0.15531620912112176,0.4,0.48484848484848486,,,,False,0.8063795853269538,0.911976911976912,,
PDR_DME_vs_diabetes,exploratory_contrast_family,F3,PDR + DME,Diabetic,2,10,0.6065572910605148,0.6,0.2727272727272727,,,,False,0.6629370629370629,0.7778142435182146,,
PDR_DME_vs_diabetes,exploratory_contrast_family,FPR1,PDR + DME,Diabetic,2,10,0.7302000629585463,1.0,0.030303030303030304,,,,False,0.2816399286987522,0.3594636414754933,,
PDR_DME_vs_diabetes,exploratory_contrast_family,FZD5,PDR + DME,Diabetic,2,10,0.398552920463799,0.8,0.12121212121212122,,,,False,0.47878787878787876,0.5873045784317557,,
PDR_DME_vs_diabetes,exploratory_contrast_family,GABBR1,PDR + DME,Diabetic,2,10,0.04738121382494498,0.0,1.0,,,,False,1.0,1.0,,
PDR_DME_vs_diabetes,exploratory_contrast_family,GCH1,PDR + DME,Diabetic,2,10,0.20955510842947156,0.6,0.2727272727272727,,,,False,0.6629370629370629,0.7778142435182146,,
PDR_DME_vs_diabetes,exploratory_contrast_family,GNA15,PDR + DME,Diabetic,2,10,0.3734738911326201,0.8,0.12121212121212122,,,,False,0.47878787878787876,0.5873045784317557,,
PDR_DME_vs_diabetes,exploratory_contrast_family,GNAI3,PDR + DME,Diabetic,2,10,-0.11217443756755596,-0.4,0.48484848484848486,,,,False,0.8063795853269538,0.911976911976912,,
PDR_DME_vs_diabetes,exploratory_contrast_family,GPC3,PDR + DME,Diabetic,2,10,0.19420819401808975,-0.1,0.9090909090909091,,,,False,0.9771181199752629,0.9947116595316041,,
PDR_DME_vs_diabetes,exploratory_contrast_family,GPR132,PDR + DME,Diabetic,2,10,0.20222357698573867,0.6,0.2727272727272727,,,,False,0.6629370629370629,0.7778142435182146,,
PDR_DME_vs_diabetes,exploratory_contrast_family,GPR183,PDR + DME,Diabetic,2,10,0.5500175834902524,0.7,0.18181818181818182,,,,False,0.6383838383838384,0.7006651884700665,,
PDR_DME_vs_diabetes,exploratory_contrast_family,HBEGF,PDR + DME,Diabetic,2,10,0.2712621978603158,0.5,0.36363636363636365,,,,False,0.7365967365967366,0.8515183213038158,,
PDR_DME_vs_diabetes,exploratory_contrast_family,HIF1A,PDR + DME,Diabetic,2,10,-0.0010891294282275865,-0.1,0.9090909090909091,,,,False,0.9771181199752629,0.9947116595316041,,
PDR_DME_vs_diabetes,exploratory_contrast_family,HPN,PDR + DME,Diabetic,2,10,0.40666143737246196,0.6,0.2727272727272727,,,,False,0.6629370629370629,0.7778142435182146,,
PDR_DME_vs_diabetes,exploratory_contrast_family,HRH1,PDR + DME,Diabetic,2,10,-0.02553529882554184,-0.1,0.9090909090909091,,,,False,0.9771181199752629,0.9947116595316041,,
PDR_DME_vs_diabetes,exploratory_contrast_family,ICAM1,PDR + DME,Diabetic,2,10,1.2090667957238925,0.6,0.2727272727272727,,,,False,0.6629370629370629,0.7778142435182146,,
PDR_DME_vs_diabetes,exploratory_contrast_family,ICOSLG,PDR + DME,Diabetic,2,10,0.32410239022540815,0.6,0.22905190815659238,,,,False,0.6629370629370629,0.7651172357054711,,
PDR_DME_vs_diabetes,exploratory_contrast_family,IFITM1,PDR + DME,Diabetic,2,10,0.3891348541254216,0.5,0.36363636363636365,,,,False,0.7365967365967366,0.8515183213038158,,
PDR_DME_vs_diabetes,exploratory_contrast_family,IFNAR1,PDR + DME,Diabetic,2,10,-0.0027433457906438363,-0.1,0.9090909090909091,,,,False,0.9771181199752629,0.9947116595316041,,
PDR_DME_vs_diabetes,exploratory_contrast_family,IFNGR2,PDR + DME,Diabetic,2,10,0.13942829442456173,0.4,0.48484848484848486,,,,False,0.8063795853269538,0.911976911976912,,
PDR_DME_vs_diabetes,exploratory_contrast_family,IL10RA,PDR + DME,Diabetic,2,10,0.6426144778416321,0.8,0.12121212121212122,,,,False,0.47878787878787876,0.5873045784317557,,
PDR_DME_vs_diabetes,exploratory_contrast_family,IL15,PDR + DME,Diabetic,2,10,0.5417054823537382,1.0,0.030303030303030304,,,,False,0.2816399286987522,0.3594636414754933,,
PDR_DME_vs_diabetes,exploratory_contrast_family,IL15RA,PDR + DME,Diabetic,2,10,-0.03290243464873249,-0.3,0.6060606060606061,,,,False,0.8474121748458031,0.911976911976912,,
PDR_DME_vs_diabetes,exploratory_contrast_family,IL18,PDR + DME,Diabetic,2,10,-0.07603866047479446,0.1,0.9090909090909091,,,,False,0.9771181199752629,0.9947116595316041,,
PDR_DME_vs_diabetes,exploratory_contrast_family,IL18R1,PDR + DME,Diabetic,2,10,-0.09211548158370864,-0.4,0.48484848484848486,,,,False,0.8063795853269538,0.911976911976912,,
PDR_DME_vs_diabetes,exploratory_contrast_family,IL1B,PDR + DME,Diabetic,2,10,0.3407638300701546,0.9,0.06060606060606061,,,,False,0.398989898989899,0.49873737373737376,,
PDR_DME_vs_diabetes,exploratory_contrast_family,IL1R1,PDR + DME,Diabetic,2,10,0.36298490591019306,0.5,0.36363636363636365,,,,False,0.7365967365967366,0.8515183213038158,,
PDR_DME_vs_diabetes,exploratory_contrast_family,IL4R,PDR + DME,Diabetic,2,10,0.49403424235569715,0.6,0.2727272727272727,,,,False,0.6629370629370629,0.7778142435182146,,
PDR_DME_vs_diabetes,exploratory_contrast_family,IL6,PDR + DME,Diabetic,2,10,0.5690570546231852,0.8,0.10466518795695431,,,,False,0.47878787878787876,0.5873045784317557,,
PDR_DME_vs_diabetes,exploratory_contrast_family,INHBA,PDR + DME,Diabetic,2,10,0.3292291499563671,0.4,0.48484848484848486,,,,False,0.8063795853269538,0.911976911976912,,
PDR_DME_vs_diabetes,exploratory_contrast_family,IRAK2,PDR + DME,Diabetic,2,10,0.1784145346754622,0.2,0.7575757575757576,,,,False,0.8866442199775533,0.9808110964180328,,
PDR_DME_vs_diabetes,exploratory_contrast_family,IRF1,PDR + DME,Diabetic,2,10,0.016338824300293098,0.1,0.9090909090909091,,,,False,0.9771181199752629,0.9947116595316041,,
PDR_DME_vs_diabetes,exploratory_contrast_family,IRF7,PDR + DME,Diabetic,2,10,-0.40410421264745633,-0.2,0.7575757575757576,,,,False,0.8866442199775533,0.9808110964180328,,
PDR_DME_vs_diabetes,exploratory_contrast_family,ITGA5,PDR + DME,Diabetic,2,10,0.017099512111063975,0.1,0.9090909090909091,,,,False,0.9771181199752629,0.9947116595316041,,
PDR_DME_vs_diabetes,exploratory_contrast_family,ITGB3,PDR + DME,Diabetic,2,10,-0.0974990024637652,0.0,1.0,,,,False,1.0,1.0,,
PDR_DME_vs_diabetes,exploratory_contrast_family,ITGB8,PDR + DME,Diabetic,2,10,0.32738567893085957,0.5,0.36363636363636365,,,,False,0.7365967365967366,0.8515183213038158,,
PDR_DME_vs_diabetes,exploratory_contrast_family,KCNA3,PDR + DME,Diabetic,2,10,-0.07655615332241217,-0.2,0.7575757575757576,,,,False,0.8866442199775533,0.9808110964180328,,
PDR_DME_vs_diabetes,exploratory_contrast_family,KCNJ2,PDR + DME,Diabetic,2,10,-0.05881495315887442,-0.3,0.6060606060606061,,,,False,0.8474121748458031,0.911976911976912,,
PDR_DME_vs_diabetes,exploratory_contrast_family,KCNMB2,PDR + DME,Diabetic,2,10,0.05224940160799291,0.6,0.2727272727272727,,,,False,0.6629370629370629,0.7778142435182146,,
PDR_DME_vs_diabetes,exploratory_contrast_family,KIF1B,PDR + DME,Diabetic,2,10,-0.04289083166203689,-0.3,0.6060606060606061,,,,False,0.8474121748458031,0.911976911976912,,
PDR_DME_vs_diabetes,exploratory_contrast_family,KLF6,PDR + DME,Diabetic,2,10,0.19222531077443072,0.6,0.2727272727272727,,,,False,0.6629370629370629,0.7778142435182146,,
PDR_DME_vs_diabetes,exploratory_contrast_family,LAMP3,PDR + DME,Diabetic,2,10,0.09865885079505832,0.3,0.6060606060606061,,,,False,0.8474121748458031,0.911976911976912,,
PDR_DME_vs_diabetes,exploratory_contrast_family,LCP2,PDR + DME,Diabetic,2,10,0.08714645557257761,0.1,0.9090909090909091,,,,False,0.9771181199752629,0.9947116595316041,,
PDR_DME_vs_diabetes,exploratory_contrast_family,LDLR,PDR + DME,Diabetic,2,10,-0.3506815938348291,-0.2,0.7575757575757576,,,,False,0.8866442199775533,0.9808110964180328,,
PDR_DME_vs_diabetes,exploratory_contrast_family,LIF,PDR + DME,Diabetic,2,10,1.1390637592401691,0.8,0.12121212121212122,,,,False,0.47878787878787876,0.5873045784317557,,
PDR_DME_vs_diabetes,exploratory_contrast_family,LPAR1,PDR + DME,Diabetic,2,10,0.0405059708157558,0.0,1.0,,,,False,1.0,1.0,,
PDR_DME_vs_diabetes,exploratory_contrast_family,LY6E,PDR + DME,Diabetic,2,10,0.09157082187142729,-0.2,0.7575757575757576,,,,False,0.8866442199775533,0.9808110964180328,,
PDR_DME_vs_diabetes,exploratory_contrast_family,LYN,PDR + DME,Diabetic,2,10,0.6512515388217825,0.8,0.12121212121212122,,,,False,0.47878787878787876,0.5873045784317557,,
PDR_DME_vs_diabetes,exploratory_contrast_family,MEFV,PDR + DME,Diabetic,2,10,0.09238802361103371,0.2,0.7575757575757576,,,,False,0.8866442199775533,0.9808110964180328,,
PDR_DME_vs_diabetes,exploratory_contrast_family,MET,PDR + DME,Diabetic,2,10,0.19875565240374016,0.6,0.2727272727272727,,,,False,0.6629370629370629,0.7778142435182146,,
PDR_DME_vs_diabetes,exploratory_contrast_family,MMP14,PDR + DME,Diabetic,2,10,0.6122275966418353,0.7,0.18181818181818182,,,,False,0.6383838383838384,0.7006651884700665,,
PDR_DME_vs_diabetes,exploratory_contrast_family,MSR1,PDR + DME,Diabetic,2,10,0.17201980908689585,0.2,0.7575757575757576,,,,False,0.8866442199775533,0.9808110964180328,,
PDR_DME_vs_diabetes,exploratory_contrast_family,MXD1,PDR + DME,Diabetic,2,10,-0.034523765865483114,-0.1,0.9090909090909091,,,,False,0.9771181199752629,0.9947116595316041,,
PDR_DME_vs_diabetes,exploratory_contrast_family,MYC,PDR + DME,Diabetic,2,10,-0.17245355935950712,-0.5,0.36363636363636365,,,,False,0.7365967365967366,0.8515183213038158,,
PDR_DME_vs_diabetes,exploratory_contrast_family,NAMPT,PDR + DME,Diabetic,2,10,-0.14736115630755187,-0.4,0.48484848484848486,,,,False,0.8063795853269538,0.911976911976912,,
PDR_DME_vs_diabetes,exploratory_contrast_family,NDP,PDR + DME,Diabetic,2,10,0.5965688980013812,1.0,0.030303030303030304,,,,False,0.2816399286987522,0.3594636414754933,,
PDR_DME_vs_diabetes,exploratory_contrast_family,NFKB1,PDR + DME,Diabetic,2,10,0.2540649122718417,1.0,0.030303030303030304,,,,False,0.2816399286987522,0.3594636414754933,,
PDR_DME_vs_diabetes,exploratory_contrast_family,NFKBIA,PDR + DME,Diabetic,2,10,0.10173472299236064,0.2,0.7575757575757576,,,,False,0.8866442199775533,0.9808110964180328,,
PDR_DME_vs_diabetes,exploratory_contrast_family,NLRP3,PDR + DME,Diabetic,2,10,0.408936800629649,0.9,0.06060606060606061,,,,False,0.398989898989899,0.49873737373737376,,
PDR_DME_vs_diabetes,exploratory_contrast_family,NMI,PDR + DME,Diabetic,2,10,0.31317918991016713,0.7,0.18181818181818182,,,,False,0.6383838383838384,0.7006651884700665,,
PDR_DME_vs_diabetes,exploratory_contrast_family,NMUR1,PDR + DME,Diabetic,2,10,-0.12217644371692238,-0.3,0.6060606060606061,,,,False,0.8474121748458031,0.911976911976912,,
PDR_DME_vs_diabetes,exploratory_contrast_family,NOD2,PDR + DME,Diabetic,2,10,0.7123108341572788,1.0,0.030303030303030304,,,,False,0.2816399286987522,0.3594636414754933,,
PDR_DME_vs_diabetes,exploratory_contrast_family,NPFFR2,PDR + DME,Diabetic,2,10,-0.038151394056870735,-0.2,0.7575757575757576,,,,False,0.8866442199775533,0.9808110964180328,,
PDR_DME_vs_diabetes,exploratory_contrast_family,OLR1,PDR + DME,Diabetic,2,10,1.2293032073482117,0.8,0.12121212121212122,,,,False,0.47878787878787876,0.5873045784317557,,
PDR_DME_vs_diabetes,exploratory_contrast_family,OPRK1,PDR + DME,Diabetic,2,10,0.9477039724740086,1.0,0.030303030303030304,,,,False,0.2816399286987522,0.3594636414754933,,
PDR_DME_vs_diabetes,exploratory_contrast_family,OSM,PDR + DME,Diabetic,2,10,0.22475882316107904,0.5,0.36363636363636365,,,,False,0.7365967365967366,0.8515183213038158,,
PDR_DME_vs_diabetes,exploratory_contrast_family,OSMR,PDR + DME,Diabetic,2,10,1.0854797019620501,0.8,0.12121212121212122,,,,False,0.47878787878787876,0.5873045784317557,,
PDR_DME_vs_diabetes,exploratory_contrast_family,P2RX4,PDR + DME,Diabetic,2,10,0.2081688124853418,0.6,0.2727272727272727,,,,False,0.6629370629370629,0.7778142435182146,,
PDR_DME_vs_diabetes,exploratory_contrast_family,P2RX7,PDR + DME,Diabetic,2,10,0.1465722683274886,0.2,0.7575757575757576,,,,False,0.8866442199775533,0.9808110964180328,,
PDR_DME_vs_diabetes,exploratory_contrast_family,P2RY2,PDR + DME,Diabetic,2,10,0.5321561121873755,0.9,0.06060606060606061,,,,False,0.398989898989899,0.49873737373737376,,
PDR_DME_vs_diabetes,exploratory_contrast_family,PCDH7,PDR + DME,Diabetic,2,10,0.07777505386720396,0.1,0.9090909090909091,,,,False,0.9771181199752629,0.9947116595316041,,
PDR_DME_vs_diabetes,exploratory_contrast_family,PDE4B,PDR + DME,Diabetic,2,10,0.17840915500287835,0.6,0.2727272727272727,,,,False,0.6629370629370629,0.7778142435182146,,
PDR_DME_vs_diabetes,exploratory_contrast_family,PDPN,PDR + DME,Diabetic,2,10,0.33827815203807,0.6,0.2727272727272727,,,,False,0.6629370629370629,0.7778142435182146,,
PDR_DME_vs_diabetes,exploratory_contrast_family,PIK3R5,PDR + DME,Diabetic,2,10,0.6212268431822039,1.0,0.030303030303030304,,,,False,0.2816399286987522,0.3594636414754933,,
PDR_DME_vs_diabetes,exploratory_contrast_family,PLAUR,PDR + DME,Diabetic,2,10,0.4568249380146341,0.8,0.12121212121212122,,,,False,0.47878787878787876,0.5873045784317557,,
PDR_DME_vs_diabetes,exploratory_contrast_family,PSEN1,PDR + DME,Diabetic,2,10,0.0012500848196843606,0.0,1.0,,,,False,1.0,1.0,,
PDR_DME_vs_diabetes,exploratory_contrast_family,PTAFR,PDR + DME,Diabetic,2,10,0.3669893553064887,1.0,0.030303030303030304,,,,False,0.2816399286987522,0.3594636414754933,,
PDR_DME_vs_diabetes,exploratory_contrast_family,PTGER2,PDR + DME,Diabetic,2,10,0.10795260897770403,0.3,0.6060606060606061,,,,False,0.8474121748458031,0.911976911976912,,
PDR_DME_vs_diabetes,exploratory_contrast_family,PTGER4,PDR + DME,Diabetic,2,10,-0.02474817717074551,0.0,1.0,,,,False,1.0,1.0,,
PDR_DME_vs_diabetes,exploratory_contrast_family,PTPRE,PDR + DME,Diabetic,2,10,0.24199733692388836,0.5,0.36363636363636365,,,,False,0.7365967365967366,0.8515183213038158,,
PDR_DME_vs_diabetes,exploratory_contrast_family,PVR,PDR + DME,Diabetic,2,10,-0.031866644663688604,-0.2,0.7575757575757576,,,,False,0.8866442199775533,0.9808110964180328,,
PDR_DME_vs_diabetes,exploratory_contrast_family,RAF1,PDR + DME,Diabetic,2,10,0.015701182202944253,0.2,0.7575757575757576,,,,False,0.8866442199775533,0.9808110964180328,,
PDR_DME_vs_diabetes,exploratory_contrast_family,RASGRP1,PDR + DME,Diabetic,2,10,0.45183168538335927,0.5,0.36363636363636365,,,,False,0.7365967365967366,0.8515183213038158,,
PDR_DME_vs_diabetes,exploratory_contrast_family,RELA,PDR + DME,Diabetic,2,10,-0.07144733326624841,-0.1,0.9090909090909091,,,,False,0.9771181199752629,0.9947116595316041,,
PDR_DME_vs_diabetes,exploratory_contrast_family,RGS1,PDR + DME,Diabetic,2,10,1.4857200188491348,0.8,0.12121212121212122,,,,False,0.47878787878787876,0.5873045784317557,,
PDR_DME_vs_diabetes,exploratory_contrast_family,RGS16,PDR + DME,Diabetic,2,10,0.3309367055446497,0.5,0.36363636363636365,,,,False,0.7365967365967366,0.8515183213038158,,
PDR_DME_vs_diabetes,exploratory_contrast_family,RHOG,PDR + DME,Diabetic,2,10,0.02117498202966761,0.2,0.7575757575757576,,,,False,0.8866442199775533,0.9808110964180328,,
PDR_DME_vs_diabetes,exploratory_contrast_family,RIPK2,PDR + DME,Diabetic,2,10,0.20712878120203948,0.8,0.12121212121212122,,,,False,0.47878787878787876,0.5873045784317557,,
PDR_DME_vs_diabetes,exploratory_contrast_family,RNF144B,PDR + DME,Diabetic,2,10,0.5250506916366091,0.6,0.2727272727272727,,,,False,0.6629370629370629,0.7778142435182146,,
PDR_DME_vs_diabetes,exploratory_contrast_family,SCARF1,PDR + DME,Diabetic,2,10,0.28367491977153625,0.8,0.12121212121212122,,,,False,0.47878787878787876,0.5873045784317557,,
PDR_DME_vs_diabetes,exploratory_contrast_family,SCN1B,PDR + DME,Diabetic,2,10,-0.09886454744396023,-0.2,0.7575757575757576,,,,False,0.8866442199775533,0.9808110964180328,,
PDR_DME_vs_diabetes,exploratory_contrast_family,SELE,PDR + DME,Diabetic,2,10,-0.006344215685162857,0.0,1.0,,,,False,1.0,1.0,,
PDR_DME_vs_diabetes,exploratory_contrast_family,SELENOS,PDR + DME,Diabetic,2,10,-0.002427678717041637,0.2,0.7575757575757576,,,,False,0.8866442199775533,0.9808110964180328,,
PDR_DME_vs_diabetes,exploratory_contrast_family,SELL,PDR + DME,Diabetic,2,10,0.39675468780346834,0.8,0.12121212121212122,,,,False,0.47878787878787876,0.5873045784317557,,
PDR_DME_vs_diabetes,exploratory_contrast_family,SEMA4D,PDR + DME,Diabetic,2,10,0.1596710254831688,0.4,0.48484848484848486,,,,False,0.8063795853269538,0.911976911976912,,
PDR_DME_vs_diabetes,exploratory_contrast_family,SERPINE1,PDR + DME,Diabetic,2,10,0.5932248769049464,0.3,0.6060606060606061,,,,False,0.8474121748458031,0.911976911976912,,
PDR_DME_vs_diabetes,exploratory_contrast_family,SGMS2,PDR + DME,Diabetic,2,10,-0.23791274599750345,-0.4,0.48484848484848486,,,,False,0.8063795853269538,0.911976911976912,,
PDR_DME_vs_diabetes,exploratory_contrast_family,SLC11A2,PDR + DME,Diabetic,2,10,-0.020180384815839503,-0.4,0.48484848484848486,,,,False,0.8063795853269538,0.911976911976912,,
PDR_DME_vs_diabetes,exploratory_contrast_family,SLC1A2,PDR + DME,Diabetic,2,10,-0.14499333598581643,-0.4,0.48484848484848486,,,,False,0.8063795853269538,0.911976911976912,,
PDR_DME_vs_diabetes,exploratory_contrast_family,SLC31A1,PDR + DME,Diabetic,2,10,-0.06202524845497148,0.0,1.0,,,,False,1.0,1.0,,
PDR_DME_vs_diabetes,exploratory_contrast_family,SLC31A2,PDR + DME,Diabetic,2,10,-0.040479533440657356,-0.2,0.7575757575757576,,,,False,0.8866442199775533,0.9808110964180328,,
PDR_DME_vs_diabetes,exploratory_contrast_family,SLC4A4,PDR + DME,Diabetic,2,10,0.7666810452219188,1.0,0.030303030303030304,,,,False,0.2816399286987522,0.3594636414754933,,
PDR_DME_vs_diabetes,exploratory_contrast_family,SLC7A1,PDR + DME,Diabetic,2,10,-0.3721712873112626,-0.3,0.6060606060606061,,,,False,0.8474121748458031,0.911976911976912,,
PDR_DME_vs_diabetes,exploratory_contrast_family,SLC7A2,PDR + DME,Diabetic,2,10,-0.1652527241609576,-0.3,0.6060606060606061,,,,False,0.8474121748458031,0.911976911976912,,
PDR_DME_vs_diabetes,exploratory_contrast_family,SPHK1,PDR + DME,Diabetic,2,10,0.39377053293855324,0.6,0.2727272727272727,,,,False,0.6629370629370629,0.7778142435182146,,
PDR_DME_vs_diabetes,exploratory_contrast_family,SRI,PDR + DME,Diabetic,2,10,-0.09428670873954026,-0.3,0.6060606060606061,,,,False,0.8474121748458031,0.911976911976912,,
PDR_DME_vs_diabetes,exploratory_contrast_family,STAB1,PDR + DME,Diabetic,2,10,1.4705241930998616,1.0,0.030303030303030304,,,,False,0.2816399286987522,0.3594636414754933,,
PDR_DME_vs_diabetes,exploratory_contrast_family,TACR1,PDR + DME,Diabetic,2,10,-0.13722098137329164,-0.4,0.48484848484848486,,,,False,0.8063795853269538,0.911976911976912,,
PDR_DME_vs_diabetes,exploratory_contrast_family,TACR3,PDR + DME,Diabetic,2,10,-0.2580107114546859,-0.4,0.48484848484848486,,,,False,0.8063795853269538,0.911976911976912,,
PDR_DME_vs_diabetes,exploratory_contrast_family,TAPBP,PDR + DME,Diabetic,2,10,0.024614326032216027,0.3,0.6060606060606061,,,,False,0.8474121748458031,0.911976911976912,,
PDR_DME_vs_diabetes,exploratory_contrast_family,TIMP1,PDR + DME,Diabetic,2,10,0.7184816025615359,0.9,0.06060606060606061,,,,False,0.398989898989899,0.49873737373737376,,
PDR_DME_vs_diabetes,exploratory_contrast_family,TLR1,PDR + DME,Diabetic,2,10,0.4201162677666077,1.0,0.030303030303030304,,,,False,0.2816399286987522,0.3594636414754933,,
PDR_DME_vs_diabetes,exploratory_contrast_family,TLR2,PDR + DME,Diabetic,2,10,0.6912349407754395,1.0,0.030303030303030304,,,,False,0.2816399286987522,0.3594636414754933,,
PDR_DME_vs_diabetes,exploratory_contrast_family,TLR3,PDR + DME,Diabetic,2,10,0.384469343611034,0.6,0.2727272727272727,,,,False,0.6629370629370629,0.7778142435182146,,
PDR_DME_vs_diabetes,exploratory_contrast_family,TNFRSF1B,PDR + DME,Diabetic,2,10,1.100008591801506,0.8,0.12121212121212122,,,,False,0.47878787878787876,0.5873045784317557,,
PDR_DME_vs_diabetes,exploratory_contrast_family,TNFSF10,PDR + DME,Diabetic,2,10,0.44679718362930076,0.6,0.2727272727272727,,,,False,0.6629370629370629,0.7778142435182146,,
PDR_DME_vs_diabetes,exploratory_contrast_family,TNFSF9,PDR + DME,Diabetic,2,10,0.11999358294820861,0.4,0.48484848484848486,,,,False,0.8063795853269538,0.911976911976912,,
PDR_DME_vs_diabetes,exploratory_contrast_family,TPBG,PDR + DME,Diabetic,2,10,0.6012454975529282,0.4,0.48484848484848486,,,,False,0.8063795853269538,0.911976911976912,,
PDR_DME_vs_diabetes,exploratory_contrast_family,VIP,PDR + DME,Diabetic,2,10,-0.5805760319456226,-0.7,0.18181818181818182,,,,False,0.6383838383838384,0.7006651884700665,,
PDR_DME_vs_NPDR_DME,exploratory_contrast_family,ABCA1,PDR + DME,NPDR + DME,2,5,0.48240380187899756,0.4,0.5714285714285714,,,,False,0.974306269270298,0.911976911976912,,
PDR_DME_vs_NPDR_DME,exploratory_contrast_family,ABI1,PDR + DME,NPDR + DME,2,5,0.08562837677425694,0.6,0.38095238095238093,,,,False,0.974306269270298,0.8515183213038158,,
PDR_DME_vs_NPDR_DME,exploratory_contrast_family,ACVR1B,PDR + DME,NPDR + DME,2,5,0.0196900331582599,-0.2,0.8571428571428571,,,,False,0.974306269270298,0.9808110964180328,,
PDR_DME_vs_NPDR_DME,exploratory_contrast_family,ACVR2A,PDR + DME,NPDR + DME,2,5,-0.08489745495289291,-0.4,0.5714285714285714,,,,False,0.974306269270298,0.911976911976912,,
PDR_DME_vs_NPDR_DME,exploratory_contrast_family,ADM,PDR + DME,NPDR + DME,2,5,0.8767331245931405,0.2,0.8571428571428571,,,,False,0.974306269270298,0.9808110964180328,,
PDR_DME_vs_NPDR_DME,exploratory_contrast_family,ADORA2B,PDR + DME,NPDR + DME,2,5,0.06682047341961583,0.4,0.5714285714285714,,,,False,0.974306269270298,0.911976911976912,,
PDR_DME_vs_NPDR_DME,exploratory_contrast_family,ADRM1,PDR + DME,NPDR + DME,2,5,-0.07519111226721176,-0.4,0.5714285714285714,,,,False,0.974306269270298,0.911976911976912,,
PDR_DME_vs_NPDR_DME,exploratory_contrast_family,AHR,PDR + DME,NPDR + DME,2,5,0.15700107853222267,0.2,0.8571428571428571,,,,False,0.974306269270298,0.9808110964180328,,
PDR_DME_vs_NPDR_DME,exploratory_contrast_family,APLNR,PDR + DME,NPDR + DME,2,5,0.28259616675116517,0.2,0.8571428571428571,,,,False,0.974306269270298,0.9808110964180328,,
PDR_DME_vs_NPDR_DME,exploratory_contrast_family,AQP9,PDR + DME,NPDR + DME,2,5,-0.09438039507279927,-0.2,0.8571428571428571,,,,False,0.974306269270298,0.9808110964180328,,
PDR_DME_vs_NPDR_DME,exploratory_contrast_family,ATP2A2,PDR + DME,NPDR + DME,2,5,0.015659797910863915,0.2,0.8571428571428571,,,,False,0.974306269270298,0.9808110964180328,,
PDR_DME_vs_NPDR_DME,exploratory_contrast_family,ATP2B1,PDR + DME,NPDR + DME,2,5,0.19639024322773402,0.8,0.19047619047619047,,,,False,0.974306269270298,0.7034758410469986,,
PDR_DME_vs_NPDR_DME,exploratory_contrast_family,ATP2C1,PDR + DME,NPDR + DME,2,5,0.09955068229000208,0.8,0.19047619047619047,,,,False,0.974306269270298,0.7034758410469986,,
PDR_DME_vs_NPDR_DME,exploratory_contrast_family,AXL,PDR + DME,NPDR + DME,2,5,0.27877409551182364,0.6,0.38095238095238093,,,,False,0.974306269270298,0.8515183213038158,,
PDR_DME_vs_NPDR_DME,exploratory_contrast_family,BEST1,PDR + DME,NPDR + DME,2,5,-0.16668484948949303,0.0,1.0,,,,False,1.0,1.0,,
PDR_DME_vs_NPDR_DME,exploratory_contrast_family,BST2,PDR + DME,NPDR + DME,2,5,0.020685154923352433,0.0,1.0,,,,False,1.0,1.0,,
PDR_DME_vs_NPDR_DME,exploratory_contrast_family,BTG2,PDR + DME,NPDR + DME,2,5,-0.31863915396226083,0.2,0.8571428571428571,,,,False,0.974306269270298,0.9808110964180328,,
PDR_DME_vs_NPDR_DME,exploratory_contrast_family,C3AR1,PDR + DME,NPDR + DME,2,5,-0.07683083990245798,-0.2,0.8571428571428571,,,,False,0.974306269270298,0.9808110964180328,,
PDR_DME_vs_NPDR_DME,exploratory_contrast_family,C5AR1,PDR + DME,NPDR + DME,2,5,0.16680469082395488,0.4,0.5714285714285714,,,,False,0.974306269270298,0.911976911976912,,
PDR_DME_vs_NPDR_DME,exploratory_contrast_family,CALCRL,PDR + DME,NPDR + DME,2,5,0.03708701866458752,0.2,0.8571428571428571,,,,False,0.974306269270298,0.9808110964180328,,
PDR_DME_vs_NPDR_DME,exploratory_contrast_family,CCL2,PDR + DME,NPDR + DME,2,5,0.272703353456095,0.4,0.5714285714285714,,,,False,0.974306269270298,0.911976911976912,,
PDR_DME_vs_NPDR_DME,exploratory_contrast_family,CD14,PDR + DME,NPDR + DME,2,5,-0.016262374067904428,-0.2,0.8571428571428571,,,,False,0.974306269270298,0.9808110964180328,,
PDR_DME_vs_NPDR_DME,exploratory_contrast_family,CD40,PDR + DME,NPDR + DME,2,5,0.2377704486291703,0.2,0.8571428571428571,,,,False,0.974306269270298,0.9808110964180328,,
PDR_DME_vs_NPDR_DME,exploratory_contrast_family,CD55,PDR + DME,NPDR + DME,2,5,-0.034322164070169414,0.0,1.0,,,,False,1.0,1.0,,
PDR_DME_vs_NPDR_DME,exploratory_contrast_family,CD82,PDR + DME,NPDR + DME,2,5,-0.05887908402809927,-0.2,0.8571428571428571,,,,False,0.974306269270298,0.9808110964180328,,
PDR_DME_vs_NPDR_DME,exploratory_contrast_family,CDKN1A,PDR + DME,NPDR + DME,2,5,-0.06513948744062503,-0.2,0.8571428571428571,,,,False,0.974306269270298,0.9808110964180328,,
PDR_DME_vs_NPDR_DME,exploratory_contrast_family,CHST2,PDR + DME,NPDR + DME,2,5,0.1649081297202084,0.4,0.5714285714285714,,,,False,0.974306269270298,0.911976911976912,,
PDR_DME_vs_NPDR_DME,exploratory_contrast_family,CLEC5A,PDR + DME,NPDR + DME,2,5,-0.6578624963370259,-1.0,0.09523809523809523,,,,False,0.974306269270298,0.5743633632718074,,
PDR_DME_vs_NPDR_DME,exploratory_contrast_family,CMKLR1,PDR + DME,NPDR + DME,2,5,0.4458658546923224,0.4,0.5714285714285714,,,,False,0.974306269270298,0.911976911976912,,
PDR_DME_vs_NPDR_DME,exploratory_contrast_family,CSF1,PDR + DME,NPDR + DME,2,5,0.04647891867046017,0.0,1.0,,,,False,1.0,1.0,,
PDR_DME_vs_NPDR_DME,exploratory_contrast_family,CSF3R,PDR + DME,NPDR + DME,2,5,0.2879830323899031,0.6,0.38095238095238093,,,,False,0.974306269270298,0.8515183213038158,,
PDR_DME_vs_NPDR_DME,exploratory_contrast_family,CX3CL1,PDR + DME,NPDR + DME,2,5,0.10662268359384797,0.0,1.0,,,,False,1.0,1.0,,
PDR_DME_vs_NPDR_DME,exploratory_contrast_family,CXCL8,PDR + DME,NPDR + DME,2,5,-0.3525600327624445,-0.4,0.5714285714285714,,,,False,0.974306269270298,0.911976911976912,,
PDR_DME_vs_NPDR_DME,exploratory_contrast_family,CXCR6,PDR + DME,NPDR + DME,2,5,-0.07787692409203523,-0.2,0.8571428571428571,,,,False,0.974306269270298,0.9808110964180328,,
PDR_DME_vs_NPDR_DME,exploratory_contrast_family,CYBB,PDR + DME,NPDR + DME,2,5,0.28697797594224683,0.2,0.8571428571428571,,,,False,0.974306269270298,0.9808110964180328,,
PDR_DME_vs_NPDR_DME,exploratory_contrast_family,DCBLD2,PDR + DME,NPDR + DME,2,5,0.30878298668046433,0.6,0.38095238095238093,,,,False,0.974306269270298,0.8515183213038158,,
PDR_DME_vs_NPDR_DME,exploratory_contrast_family,EBI3,PDR + DME,NPDR + DME,2,5,0.0246906656559176,0.0,1.0,,,,False,1.0,1.0,,
PDR_DME_vs_NPDR_DME,exploratory_contrast_family,EDN1,PDR + DME,NPDR + DME,2,5,-0.39536455237573,-0.6,0.38095238095238093,,,,False,0.974306269270298,0.8515183213038158,,
PDR_DME_vs_NPDR_DME,exploratory_contrast_family,EIF2AK2,PDR + DME,NPDR + DME,2,5,-0.02292070500585286,0.2,0.8571428571428571,,,,False,0.974306269270298,0.9808110964180328,,
PDR_DME_vs_NPDR_DME,exploratory_contrast_family,EMP3,PDR + DME,NPDR + DME,2,5,-0.17025289947605193,-0.2,0.8571428571428571,,,,False,0.974306269270298,0.9808110964180328,,
PDR_DME_vs_NPDR_DME,exploratory_contrast_family,F3,PDR + DME,NPDR + DME,2,5,0.3549901325326399,0.8,0.19047619047619047,,,,False,0.974306269270298,0.7034758410469986,,
PDR_DME_vs_NPDR_DME,exploratory_contrast_family,FPR1,PDR + DME,NPDR + DME,2,5,0.35448267421322743,0.6,0.38095238095238093,,,,False,0.974306269270298,0.8515183213038158,,
PDR_DME_vs_NPDR_DME,exploratory_contrast_family,FZD5,PDR + DME,NPDR + DME,2,5,0.11524008309731837,0.2,0.8571428571428571,,,,False,0.974306269270298,0.9808110964180328,,
PDR_DME_vs_NPDR_DME,exploratory_contrast_family,GABBR1,PDR + DME,NPDR + DME,2,5,-0.02158048036429072,-0.2,0.8571428571428571,,,,False,0.974306269270298,0.9808110964180328,,
PDR_DME_vs_NPDR_DME,exploratory_contrast_family,GCH1,PDR + DME,NPDR + DME,2,5,0.09841242897776348,0.2,0.8571428571428571,,,,False,0.974306269270298,0.9808110964180328,,
PDR_DME_vs_NPDR_DME,exploratory_contrast_family,GNA15,PDR + DME,NPDR + DME,2,5,0.1881741838281752,0.6,0.38095238095238093,,,,False,0.974306269270298,0.8515183213038158,,
PDR_DME_vs_NPDR_DME,exploratory_contrast_family,GNAI3,PDR + DME,NPDR + DME,2,5,-0.015585368046055592,0.0,1.0,,,,False,1.0,1.0,,
PDR_DME_vs_NPDR_DME,exploratory_contrast_family,GPC3,PDR + DME,NPDR + DME,2,5,-0.28202949311688563,-0.4,0.5714285714285714,,,,False,0.974306269270298,0.911976911976912,,
PDR_DME_vs_NPDR_DME,exploratory_contrast_family,GPR132,PDR + DME,NPDR + DME,2,5,0.10229274621539686,0.6,0.38095238095238093,,,,False,0.974306269270298,0.8515183213038158,,
PDR_DME_vs_NPDR_DME,exploratory_contrast_family,GPR183,PDR + DME,NPDR + DME,2,5,0.06599518553185169,0.0,1.0,,,,False,1.0,1.0,,
PDR_DME_vs_NPDR_DME,exploratory_contrast_family,HBEGF,PDR + DME,NPDR + DME,2,5,-0.4402317395276043,-0.6,0.38095238095238093,,,,False,0.974306269270298,0.8515183213038158,,
PDR_DME_vs_NPDR_DME,exploratory_contrast_family,HIF1A,PDR + DME,NPDR + DME,2,5,-0.016291597693296467,-0.2,0.8571428571428571,,,,False,0.974306269270298,0.9808110964180328,,
PDR_DME_vs_NPDR_DME,exploratory_contrast_family,HPN,PDR + DME,NPDR + DME,2,5,0.3337160502775389,0.6,0.38095238095238093,,,,False,0.974306269270298,0.8515183213038158,,
PDR_DME_vs_NPDR_DME,exploratory_contrast_family,HRH1,PDR + DME,NPDR + DME,2,5,-0.13687828811215852,-0.4,0.5714285714285714,,,,False,0.974306269270298,0.911976911976912,,
PDR_DME_vs_NPDR_DME,exploratory_contrast_family,ICAM1,PDR + DME,NPDR + DME,2,5,0.3592039001376133,0.2,0.8571428571428571,,,,False,0.974306269270298,0.9808110964180328,,
PDR_DME_vs_NPDR_DME,exploratory_contrast_family,ICOSLG,PDR + DME,NPDR + DME,2,5,0.13860385267731956,0.2,0.8571428571428571,,,,False,0.974306269270298,0.9808110964180328,,
PDR_DME_vs_NPDR_DME,exploratory_contrast_family,IFITM1,PDR + DME,NPDR + DME,2,5,0.10120703450029911,0.0,1.0,,,,False,1.0,1.0,,
PDR_DME_vs_NPDR_DME,exploratory_contrast_family,IFNAR1,PDR + DME,NPDR + DME,2,5,0.024993734923297595,0.0,1.0,,,,False,1.0,1.0,,
PDR_DME_vs_NPDR_DME,exploratory_contrast_family,IFNGR2,PDR + DME,NPDR + DME,2,5,-0.07811511454211395,-0.2,0.8571428571428571,,,,False,0.974306269270298,0.9808110964180328,,
PDR_DME_vs_NPDR_DME,exploratory_contrast_family,IL10RA,PDR + DME,NPDR + DME,2,5,0.02074086652592566,-0.2,0.8571428571428571,,,,False,0.974306269270298,0.9808110964180328,,
PDR_DME_vs_NPDR_DME,exploratory_contrast_family,IL15,PDR + DME,NPDR + DME,2,5,0.39485059279499035,1.0,0.09523809523809523,,,,False,0.974306269270298,0.5743633632718074,,
PDR_DME_vs_NPDR_DME,exploratory_contrast_family,IL15RA,PDR + DME,NPDR + DME,2,5,0.03192644312318804,0.2,0.8571428571428571,,,,False,0.974306269270298,0.9808110964180328,,
PDR_DME_vs_NPDR_DME,exploratory_contrast_family,IL18,PDR + DME,NPDR + DME,2,5,0.15332796883658784,0.2,0.8571428571428571,,,,False,0.974306269270298,0.9808110964180328,,
PDR_DME_vs_NPDR_DME,exploratory_contrast_family,IL18R1,PDR + DME,NPDR + DME,2,5,-0.14618409615288797,-0.2,0.8571428571428571,,,,False,0.974306269270298,0.9808110964180328,,
PDR_DME_vs_NPDR_DME,exploratory_contrast_family,IL1B,PDR + DME,NPDR + DME,2,5,-0.17656114240158172,-0.2,0.8571428571428571,,,,False,0.974306269270298,0.9808110964180328,,
PDR_DME_vs_NPDR_DME,exploratory_contrast_family,IL1R1,PDR + DME,NPDR + DME,2,5,-0.020095759934630752,-0.2,0.8571428571428571,,,,False,0.974306269270298,0.9808110964180328,,
PDR_DME_vs_NPDR_DME,exploratory_contrast_family,IL4R,PDR + DME,NPDR + DME,2,5,0.2857359985493648,0.4,0.5714285714285714,,,,False,0.974306269270298,0.911976911976912,,
PDR_DME_vs_NPDR_DME,exploratory_contrast_family,IL6,PDR + DME,NPDR + DME,2,5,0.13802998403430033,0.4,0.5714285714285714,,,,False,0.974306269270298,0.911976911976912,,
PDR_DME_vs_NPDR_DME,exploratory_contrast_family,INHBA,PDR + DME,NPDR + DME,2,5,0.14272099672420224,0.4,0.5714285714285714,,,,False,0.974306269270298,0.911976911976912,,
PDR_DME_vs_NPDR_DME,exploratory_contrast_family,IRAK2,PDR + DME,NPDR + DME,2,5,0.014389654870428537,0.2,0.8571428571428571,,,,False,0.974306269270298,0.9808110964180328,,
PDR_DME_vs_NPDR_DME,exploratory_contrast_family,IRF1,PDR + DME,NPDR + DME,2,5,-0.20832958107669475,-0.2,0.8571428571428571,,,,False,0.974306269270298,0.9808110964180328,,
PDR_DME_vs_NPDR_DME,exploratory_contrast_family,IRF7,PDR + DME,NPDR + DME,2,5,-0.620268944020125,-0.8,0.19047619047619047,,,,False,0.974306269270298,0.7034758410469986,,
PDR_DME_vs_NPDR_DME,exploratory_contrast_family,ITGA5,PDR + DME,NPDR + DME,2,5,-0.28018637509421596,-0.6,0.38095238095238093,,,,False,0.974306269270298,0.8515183213038158,,
PDR_DME_vs_NPDR_DME,exploratory_contrast_family,ITGB3,PDR + DME,NPDR + DME,2,5,-0.04419127708678583,-0.2,0.8571428571428571,,,,False,0.974306269270298,0.9808110964180328,,
PDR_DME_vs_NPDR_DME,exploratory_contrast_family,ITGB8,PDR + DME,NPDR + DME,2,5,0.018060181927646468,0.0,1.0,,,,False,1.0,1.0,,
PDR_DME_vs_NPDR_DME,exploratory_contrast_family,KCNA3,PDR + DME,NPDR + DME,2,5,-0.08002011618461458,-0.2,0.8571428571428571,,,,False,0.974306269270298,0.9808110964180328,,
PDR_DME_vs_NPDR_DME,exploratory_contrast_family,KCNJ2,PDR + DME,NPDR + DME,2,5,0.18038800959269885,0.2,0.8571428571428571,,,,False,0.974306269270298,0.9808110964180328,,
PDR_DME_vs_NPDR_DME,exploratory_contrast_family,KCNMB2,PDR + DME,NPDR + DME,2,5,0.12072742863333163,0.6,0.38095238095238093,,,,False,0.974306269270298,0.8515183213038158,,
PDR_DME_vs_NPDR_DME,exploratory_contrast_family,KIF1B,PDR + DME,NPDR + DME,2,5,0.05652844138063351,0.4,0.5714285714285714,,,,False,0.974306269270298,0.911976911976912,,
PDR_DME_vs_NPDR_DME,exploratory_contrast_family,KLF6,PDR + DME,NPDR + DME,2,5,0.0428827942154415,0.2,0.8571428571428571,,,,False,0.974306269270298,0.9808110964180328,,
PDR_DME_vs_NPDR_DME,exploratory_contrast_family,LAMP3,PDR + DME,NPDR + DME,2,5,0.07566431606709378,0.0,1.0,,,,False,1.0,1.0,,
PDR_DME_vs_NPDR_DME,exploratory_contrast_family,LCP2,PDR + DME,NPDR + DME,2,5,-0.07775840120394828,0.2,0.8571428571428571,,,,False,0.974306269270298,0.9808110964180328,,
PDR_DME_vs_NPDR_DME,exploratory_contrast_family,LDLR,PDR + DME,NPDR + DME,2,5,-0.020593879416376026,-0.4,0.5714285714285714,,,,False,0.974306269270298,0.911976911976912,,
PDR_DME_vs_NPDR_DME,exploratory_contrast_family,LIF,PDR + DME,NPDR + DME,2,5,0.13625716326274473,0.0,1.0,,,,False,1.0,1.0,,
PDR_DME_vs_NPDR_DME,exploratory_contrast_family,LPAR1,PDR + DME,NPDR + DME,2,5,-0.12190969460834244,-0.2,0.8571428571428571,,,,False,0.974306269270298,0.9808110964180328,,
PDR_DME_vs_NPDR_DME,exploratory_contrast_family,LY6E,PDR + DME,NPDR + DME,2,5,-0.05168638131235781,-0.4,0.5714285714285714,,,,False,0.974306269270298,0.911976911976912,,
PDR_DME_vs_NPDR_DME,exploratory_contrast_family,LYN,PDR + DME,NPDR + DME,2,5,0.39499260353505505,1.0,0.09523809523809523,,,,False,0.974306269270298,0.5743633632718074,,
PDR_DME_vs_NPDR_DME,exploratory_contrast_family,MEFV,PDR + DME,NPDR + DME,2,5,0.04648929716299799,0.2,0.8571428571428571,,,,False,0.974306269270298,0.9808110964180328,,
PDR_DME_vs_NPDR_DME,exploratory_contrast_family,MET,PDR + DME,NPDR + DME,2,5,-0.018430925983316193,0.2,0.8571428571428571,,,,False,0.974306269270298,0.9808110964180328,,
PDR_DME_vs_NPDR_DME,exploratory_contrast_family,MMP14,PDR + DME,NPDR + DME,2,5,0.39674019529444404,0.6,0.38095238095238093,,,,False,0.974306269270298,0.8515183213038158,,
PDR_DME_vs_NPDR_DME,exploratory_contrast_family,MSR1,PDR + DME,NPDR + DME,2,5,-0.13607494177493207,-0.6,0.38095238095238093,,,,False,0.974306269270298,0.8515183213038158,,
PDR_DME_vs_NPDR_DME,exploratory_contrast_family,MXD1,PDR + DME,NPDR + DME,2,5,-0.08552095892835787,-0.2,0.8571428571428571,,,,False,0.974306269270298,0.9808110964180328,,
PDR_DME_vs_NPDR_DME,exploratory_contrast_family,MYC,PDR + DME,NPDR + DME,2,5,-0.22554964043264025,-0.6,0.38095238095238093,,,,False,0.974306269270298,0.8515183213038158,,
PDR_DME_vs_NPDR_DME,exploratory_contrast_family,NAMPT,PDR + DME,NPDR + DME,2,5,-0.09255771864391527,0.0,1.0,,,,False,1.0,1.0,,
PDR_DME_vs_NPDR_DME,exploratory_contrast_family,NDP,PDR + DME,NPDR + DME,2,5,0.40423699000358315,0.2,0.8571428571428571,,,,False,0.974306269270298,0.9808110964180328,,
PDR_DME_vs_NPDR_DME,exploratory_contrast_family,NFKB1,PDR + DME,NPDR + DME,2,5,0.2815327916055521,1.0,0.09523809523809523,,,,False,0.974306269270298,0.5743633632718074,,
PDR_DME_vs_NPDR_DME,exploratory_contrast_family,NFKBIA,PDR + DME,NPDR + DME,2,5,-0.07308871532334393,-0.2,0.8571428571428571,,,,False,0.974306269270298,0.9808110964180328,,
PDR_DME_vs_NPDR_DME,exploratory_contrast_family,NLRP3,PDR + DME,NPDR + DME,2,5,0.2509514436411231,0.4,0.5714285714285714,,,,False,0.974306269270298,0.911976911976912,,
PDR_DME_vs_NPDR_DME,exploratory_contrast_family,NMI,PDR + DME,NPDR + DME,2,5,0.03916924263671284,0.4,0.5714285714285714,,,,False,0.974306269270298,0.911976911976912,,
PDR_DME_vs_NPDR_DME,exploratory_contrast_family,NMUR1,PDR + DME,NPDR + DME,2,5,0.3919561607891042,0.4,0.5714285714285714,,,,False,0.974306269270298,0.911976911976912,,
PDR_DME_vs_NPDR_DME,exploratory_contrast_family,NOD2,PDR + DME,NPDR + DME,2,5,0.521927192302407,1.0,0.09523809523809523,,,,False,0.974306269270298,0.5743633632718074,,
PDR_DME_vs_NPDR_DME,exploratory_contrast_family,NPFFR2,PDR + DME,NPDR + DME,2,5,-0.16291494478314678,-0.2,0.8571428571428571,,,,False,0.974306269270298,0.9808110964180328,,
PDR_DME_vs_NPDR_DME,exploratory_contrast_family,OLR1,PDR + DME,NPDR + DME,2,5,-0.009283498787270084,-0.2,0.8571428571428571,,,,False,0.974306269270298,0.9808110964180328,,
PDR_DME_vs_NPDR_DME,exploratory_contrast_family,OPRK1,PDR + DME,NPDR + DME,2,5,0.16584530109484885,0.2,0.8571428571428571,,,,False,0.974306269270298,0.9808110964180328,,
PDR_DME_vs_NPDR_DME,exploratory_contrast_family,OSM,PDR + DME,NPDR + DME,2,5,-0.14232214424463052,-0.2,0.8571428571428571,,,,False,0.974306269270298,0.9808110964180328,,
PDR_DME_vs_NPDR_DME,exploratory_contrast_family,OSMR,PDR + DME,NPDR + DME,2,5,0.4084948696598216,0.2,0.8571428571428571,,,,False,0.974306269270298,0.9808110964180328,,
PDR_DME_vs_NPDR_DME,exploratory_contrast_family,P2RX4,PDR + DME,NPDR + DME,2,5,-0.0046263019257275495,-0.2,0.8571428571428571,,,,False,0.974306269270298,0.9808110964180328,,
PDR_DME_vs_NPDR_DME,exploratory_contrast_family,P2RX7,PDR + DME,NPDR + DME,2,5,0.08006323395697468,-0.2,0.8571428571428571,,,,False,0.974306269270298,0.9808110964180328,,
PDR_DME_vs_NPDR_DME,exploratory_contrast_family,P2RY2,PDR + DME,NPDR + DME,2,5,0.06321944045608197,0.0,1.0,,,,False,1.0,1.0,,
PDR_DME_vs_NPDR_DME,exploratory_contrast_family,PCDH7,PDR + DME,NPDR + DME,2,5,0.15584901257536554,0.2,0.8571428571428571,,,,False,0.974306269270298,0.9808110964180328,,
PDR_DME_vs_NPDR_DME,exploratory_contrast_family,PDE4B,PDR + DME,NPDR + DME,2,5,0.25714448016791813,0.6,0.38095238095238093,,,,False,0.974306269270298,0.8515183213038158,,
PDR_DME_vs_NPDR_DME,exploratory_contrast_family,PDPN,PDR + DME,NPDR + DME,2,5,-0.18896960261560114,-0.2,0.8571428571428571,,,,False,0.974306269270298,0.9808110964180328,,
PDR_DME_vs_NPDR_DME,exploratory_contrast_family,PIK3R5,PDR + DME,NPDR + DME,2,5,0.10869853333161039,0.2,0.8571428571428571,,,,False,0.974306269270298,0.9808110964180328,,
PDR_DME_vs_NPDR_DME,exploratory_contrast_family,PLAUR,PDR + DME,NPDR + DME,2,5,0.2686791435457898,0.4,0.5714285714285714,,,,False,0.974306269270298,0.911976911976912,,
PDR_DME_vs_NPDR_DME,exploratory_contrast_family,PSEN1,PDR + DME,NPDR + DME,2,5,0.024502067333656896,0.0,1.0,,,,False,1.0,1.0,,
PDR_DME_vs_NPDR_DME,exploratory_contrast_family,PTAFR,PDR + DME,NPDR + DME,2,5,0.2098597525929069,0.6,0.38095238095238093,,,,False,0.974306269270298,0.8515183213038158,,
PDR_DME_vs_NPDR_DME,exploratory_contrast_family,PTGER2,PDR + DME,NPDR + DME,2,5,0.029091278704634904,0.0,1.0,,,,False,1.0,1.0,,
PDR_DME_vs_NPDR_DME,exploratory_contrast_family,PTGER4,PDR + DME,NPDR + DME,2,5,-0.2175813681175499,-0.8,0.19047619047619047,,,,False,0.974306269270298,0.7034758410469986,,
PDR_DME_vs_NPDR_DME,exploratory_contrast_family,PTPRE,PDR + DME,NPDR + DME,2,5,0.40553884789131,0.6,0.38095238095238093,,,,False,0.974306269270298,0.8515183213038158,,
PDR_DME_vs_NPDR_DME,exploratory_contrast_family,PVR,PDR + DME,NPDR + DME,2,5,-0.06591142040378095,-0.4,0.5714285714285714,,,,False,0.974306269270298,0.911976911976912,,
PDR_DME_vs_NPDR_DME,exploratory_contrast_family,RAF1,PDR + DME,NPDR + DME,2,5,0.03673429970369835,0.0,1.0,,,,False,1.0,1.0,,
PDR_DME_vs_NPDR_DME,exploratory_contrast_family,RASGRP1,PDR + DME,NPDR + DME,2,5,0.217655413727611,0.6,0.38095238095238093,,,,False,0.974306269270298,0.8515183213038158,,
PDR_DME_vs_NPDR_DME,exploratory_contrast_family,RELA,PDR + DME,NPDR + DME,2,5,-0.1223247974540671,-0.2,0.8571428571428571,,,,False,0.974306269270298,0.9808110964180328,,
PDR_DME_vs_NPDR_DME,exploratory_contrast_family,RGS1,PDR + DME,NPDR + DME,2,5,0.37725383645789634,0.2,0.8571428571428571,,,,False,0.974306269270298,0.9808110964180328,,
PDR_DME_vs_NPDR_DME,exploratory_contrast_family,RGS16,PDR + DME,NPDR + DME,2,5,0.24452334318727598,0.6,0.38095238095238093,,,,False,0.974306269270298,0.8515183213038158,,
PDR_DME_vs_NPDR_DME,exploratory_contrast_family,RHOG,PDR + DME,NPDR + DME,2,5,-0.1429150275256621,-0.4,0.5714285714285714,,,,False,0.974306269270298,0.911976911976912,,
PDR_DME_vs_NPDR_DME,exploratory_contrast_family,RIPK2,PDR + DME,NPDR + DME,2,5,-0.02639015979537973,-0.2,0.8571428571428571,,,,False,0.974306269270298,0.9808110964180328,,
PDR_DME_vs_NPDR_DME,exploratory_contrast_family,RNF144B,PDR + DME,NPDR + DME,2,5,0.5441569304823837,1.0,0.09523809523809523,,,,False,0.974306269270298,0.5743633632718074,,
PDR_DME_vs_NPDR_DME,exploratory_contrast_family,SCARF1,PDR + DME,NPDR + DME,2,5,0.5472760642711236,1.0,0.09523809523809523,,,,False,0.974306269270298,0.5743633632718074,,
PDR_DME_vs_NPDR_DME,exploratory_contrast_family,SCN1B,PDR + DME,NPDR + DME,2,5,-0.11080150531580557,-0.4,0.5714285714285714,,,,False,0.974306269270298,0.911976911976912,,
PDR_DME_vs_NPDR_DME,exploratory_contrast_family,SELE,PDR + DME,NPDR + DME,2,5,-0.10122277464543442,-0.2,0.8571428571428571,,,,False,0.974306269270298,0.9808110964180328,,
PDR_DME_vs_NPDR_DME,exploratory_contrast_family,SELENOS,PDR + DME,NPDR + DME,2,5,-0.13829123281370004,-0.4,0.5714285714285714,,,,False,0.974306269270298,0.911976911976912,,
PDR_DME_vs_NPDR_DME,exploratory_contrast_family,SELL,PDR + DME,NPDR + DME,2,5,0.2210244907384491,0.4,0.5714285714285714,,,,False,0.974306269270298,0.911976911976912,,
PDR_DME_vs_NPDR_DME,exploratory_contrast_family,SEMA4D,PDR + DME,NPDR + DME,2,5,0.2860163172881647,1.0,0.09523809523809523,,,,False,0.974306269270298,0.5743633632718074,,
PDR_DME_vs_NPDR_DME,exploratory_contrast_family,SERPINE1,PDR + DME,NPDR + DME,2,5,-0.4023843383435195,-0.2,0.8571428571428571,,,,False,0.974306269270298,0.9808110964180328,,
PDR_DME_vs_NPDR_DME,exploratory_contrast_family,SGMS2,PDR + DME,NPDR + DME,2,5,-0.10717679167041716,-0.4,0.5714285714285714,,,,False,0.974306269270298,0.911976911976912,,
PDR_DME_vs_NPDR_DME,exploratory_contrast_family,SLC11A2,PDR + DME,NPDR + DME,2,5,-0.03568897218899725,-0.2,0.8571428571428571,,,,False,0.974306269270298,0.9808110964180328,,
PDR_DME_vs_NPDR_DME,exploratory_contrast_family,SLC1A2,PDR + DME,NPDR + DME,2,5,0.06686140734769452,0.4,0.5714285714285714,,,,False,0.974306269270298,0.911976911976912,,
PDR_DME_vs_NPDR_DME,exploratory_contrast_family,SLC31A1,PDR + DME,NPDR + DME,2,5,-0.12544267560470157,-1.0,0.09523809523809523,,,,False,0.974306269270298,0.5743633632718074,,
PDR_DME_vs_NPDR_DME,exploratory_contrast_family,SLC31A2,PDR + DME,NPDR + DME,2,5,-0.19005794036621948,-1.0,0.09523809523809523,,,,False,0.974306269270298,0.5743633632718074,,
PDR_DME_vs_NPDR_DME,exploratory_contrast_family,SLC4A4,PDR + DME,NPDR + DME,2,5,0.42738268962164927,0.6,0.38095238095238093,,,,False,0.974306269270298,0.8515183213038158,,
PDR_DME_vs_NPDR_DME,exploratory_contrast_family,SLC7A1,PDR + DME,NPDR + DME,2,5,-0.2935921397227572,-0.6,0.38095238095238093,,,,False,0.974306269270298,0.8515183213038158,,
PDR_DME_vs_NPDR_DME,exploratory_contrast_family,SLC7A2,PDR + DME,NPDR + DME,2,5,0.06500227647898882,0.4,0.5714285714285714,,,,False,0.974306269270298,0.911976911976912,,
PDR_DME_vs_NPDR_DME,exploratory_contrast_family,SPHK1,PDR + DME,NPDR + DME,2,5,-0.06494218951826625,0.0,1.0,,,,False,1.0,1.0,,
PDR_DME_vs_NPDR_DME,exploratory_contrast_family,SRI,PDR + DME,NPDR + DME,2,5,-0.16945580981790354,-0.4,0.5714285714285714,,,,False,0.974306269270298,0.911976911976912,,
PDR_DME_vs_NPDR_DME,exploratory_contrast_family,STAB1,PDR + DME,NPDR + DME,2,5,0.7190572185983677,0.6,0.38095238095238093,,,,False,0.974306269270298,0.8515183213038158,,
PDR_DME_vs_NPDR_DME,exploratory_contrast_family,TACR1,PDR + DME,NPDR + DME,2,5,-0.09891878212045135,-0.2,0.8571428571428571,,,,False,0.974306269270298,0.9808110964180328,,
PDR_DME_vs_NPDR_DME,exploratory_contrast_family,TACR3,PDR + DME,NPDR + DME,2,5,-0.1106834615915977,-0.2,0.8571428571428571,,,,False,0.974306269270298,0.9808110964180328,,
PDR_DME_vs_NPDR_DME,exploratory_contrast_family,TAPBP,PDR + DME,NPDR + DME,2,5,-0.1283713595330429,-0.2,0.8571428571428571,,,,False,0.974306269270298,0.9808110964180328,,
PDR_DME_vs_NPDR_DME,exploratory_contrast_family,TIMP1,PDR + DME,NPDR + DME,2,5,0.1417615006381583,0.2,0.8571428571428571,,,,False,0.974306269270298,0.9808110964180328,,
PDR_DME_vs_NPDR_DME,exploratory_contrast_family,TLR1,PDR + DME,NPDR + DME,2,5,0.2646676821761811,0.6,0.38095238095238093,,,,False,0.974306269270298,0.8515183213038158,,
PDR_DME_vs_NPDR_DME,exploratory_contrast_family,TLR2,PDR + DME,NPDR + DME,2,5,0.23959608614705052,0.2,0.8571428571428571,,,,False,0.974306269270298,0.9808110964180328,,
PDR_DME_vs_NPDR_DME,exploratory_contrast_family,TLR3,PDR + DME,NPDR + DME,2,5,0.0809610166510275,0.2,0.8571428571428571,,,,False,0.974306269270298,0.9808110964180328,,
PDR_DME_vs_NPDR_DME,exploratory_contrast_family,TNFRSF1B,PDR + DME,NPDR + DME,2,5,0.37048848790208977,0.2,0.8571428571428571,,,,False,0.974306269270298,0.9808110964180328,,
PDR_DME_vs_NPDR_DME,exploratory_contrast_family,TNFSF10,PDR + DME,NPDR + DME,2,5,0.15947654576426817,0.2,0.8571428571428571,,,,False,0.974306269270298,0.9808110964180328,,
PDR_DME_vs_NPDR_DME,exploratory_contrast_family,TNFSF9,PDR + DME,NPDR + DME,2,5,0.14258927192111537,0.4,0.5714285714285714,,,,False,0.974306269270298,0.911976911976912,,
PDR_DME_vs_NPDR_DME,exploratory_contrast_family,TPBG,PDR + DME,NPDR + DME,2,5,0.5654673128377188,0.4,0.5714285714285714,,,,False,0.974306269270298,0.911976911976912,,
PDR_DME_vs_NPDR_DME,exploratory_contrast_family,VIP,PDR + DME,NPDR + DME,2,5,-0.0664938817537768,-0.4,0.5714285714285714,,,,False,0.974306269270298,0.911976911976912,,
